subject_id,y_true,rf_tuned_pred,lr_tuned_pred,rf_proba_light,rf_proba_moderate-vigorous,rf_proba_sedentary,lr_proba_light,lr_proba_moderate-vigorous,lr_proba_sedentary
2,light,light,sedentary,0.5928571428571429,0.0,0.40714285714285714,0.403173269576517,0.007905877726520768,0.5889208526969621
2,light,sedentary,light,0.49714285714285716,0.0,0.5028571428571429,0.8835552351539353,8.864050550106309e-05,0.1163561243405637
2,light,light,light,0.7028571428571428,0.0,0.29714285714285715,0.6342171952264632,1.3295060534367265e-05,0.36576950971300226
2,light,light,light,0.6971428571428572,0.0,0.3028571428571429,0.68187444820384,4.336863286258559e-06,0.3181212149328737
2,light,light,light,0.8728571428571429,0.0,0.12714285714285714,0.7857226365331333,3.666395168409513e-06,0.21427369707169822
2,light,light,light,0.8185714285714286,0.0,0.18142857142857144,0.8637468465805399,1.6889484004144389e-06,0.13625146447105946
2,light,light,light,0.7242857142857143,0.0,0.2757142857142857,0.7738646363718376,1.3283274169031078e-06,0.22613403530074563
2,light,light,light,0.8871428571428571,0.0,0.11285714285714285,0.7029002560784395,1.223076808410165e-05,0.2970875131534763
2,light,light,light,0.9442857142857143,0.0,0.055714285714285716,0.6697000894050426,4.302843911608721e-05,0.33025688215584154
2,light,light,light,0.8185714285714286,0.0,0.18142857142857144,0.7622327803673421,1.933154986233342e-05,0.23774788808279557
2,light,light,light,0.8971428571428571,0.0,0.10285714285714286,0.7452437201593985,1.1090753809996049e-05,0.2547451890867914
2,light,light,sedentary,0.5371428571428571,0.0,0.46285714285714286,0.3468852139374294,9.92606479958778e-07,0.6531137934560907
2,light,sedentary,light,0.37857142857142856,0.0,0.6214285714285714,0.515988629126524,2.3005642856501133e-05,0.48398836523061944
2,light,light,light,0.7228571428571429,0.0,0.27714285714285714,0.7310215571677088,3.1601168211589732e-06,0.26897528271547017
2,light,light,light,0.77,0.0,0.23,0.9068735642611262,1.5799697525540227e-06,0.09312485576912136
2,light,light,light,0.7371428571428571,0.0,0.26285714285714284,0.9163288443551947,3.5447099573496835e-07,0.08367080117380957
2,light,light,light,0.8771428571428571,0.0,0.12285714285714286,0.8872264247640842,4.530608526510333e-06,0.11276904462738933
2,light,light,light,0.8257142857142857,0.0,0.1742857142857143,0.754958008847776,3.7122286391231417e-06,0.2450382789235849
2,light,light,light,0.7214285714285714,0.0,0.2785714285714286,0.8509090022817041,2.3630867782316128e-05,0.1490673668505137
2,light,light,light,0.73,0.0,0.27,0.7654087924700334,3.1652921123600376e-05,0.23455955460884303
2,light,light,light,0.76,0.0,0.24,0.7245038921540667,0.00019675834147541105,0.2752993495044579
2,light,light,light,0.8242857142857143,0.0,0.1757142857142857,0.9307335670255049,1.4146078745322583e-06,0.06926501836662059
2,light,light,light,0.7928571428571428,0.0,0.20714285714285716,0.9869760077888947,1.862339835803137e-07,0.013023805977121806
2,light,light,light,0.7485714285714286,0.0,0.25142857142857145,0.9911314033802573,1.483994256178758e-06,0.00886711262548655
2,light,light,light,0.6571428571428571,0.0,0.34285714285714286,0.7733747705920104,5.114990321484703e-06,0.226620114417668
2,light,light,light,0.87,0.0,0.13,0.8236043555991927,9.83900368695783e-06,0.17638580539712043
2,light,light,light,0.9157142857142857,0.0,0.08428571428571428,0.8670507539328672,5.752221255493595e-06,0.13294349384587723
2,light,light,light,0.8671428571428571,0.0,0.13285714285714287,0.9095083411754404,7.086542335021092e-06,0.09048457228222453
2,light,light,light,0.9028571428571428,0.0,0.09714285714285714,0.8940763773779696,1.0440154130571973e-05,0.10591318246789988
2,light,light,light,0.8471428571428572,0.0,0.15285714285714286,0.8084012179265793,2.914924212674339e-06,0.19159586714920812
2,light,light,light,0.7857142857142857,0.0,0.21428571428571427,0.5492006099184965,4.9054962067793075e-06,0.4507944845852967
2,sedentary,light,sedentary,0.6414285714285715,0.0,0.3585714285714286,0.37417075401346317,0.0003301934178385821,0.6254990525686982
2,sedentary,light,sedentary,0.5114285714285715,0.0,0.48857142857142855,0.38028354601103087,0.0013474890600146175,0.6183689649289545
2,sedentary,sedentary,sedentary,0.21142857142857144,0.0,0.7885714285714286,0.22138692128263268,0.00032424789530117266,0.7782888308220661
2,sedentary,light,light,0.9371428571428572,0.0,0.06285714285714286,0.7554861602234638,7.111224745356916e-05,0.24444272752908264
2,sedentary,light,light,0.8857142857142857,0.0,0.11428571428571428,0.8367415006257736,2.4218184275794156e-05,0.16323428118995062
2,sedentary,light,light,0.9257142857142857,0.0,0.07428571428571429,0.6050871655795189,6.890045404209673e-05,0.3948439339664391
2,sedentary,light,light,0.6628571428571428,0.0,0.33714285714285713,0.5609724649664366,0.00011345161316766573,0.4389140834203958
2,sedentary,sedentary,sedentary,0.29428571428571426,0.0,0.7057142857142857,0.41496971960559936,2.6119827975543774e-05,0.585004160566425
2,sedentary,light,sedentary,0.6728571428571428,0.0,0.3271428571428571,0.4829340395666871,1.2839947861857642e-05,0.517053120485451
2,sedentary,sedentary,sedentary,0.4,0.0,0.6,0.18511734043594916,2.6804878142423438e-05,0.8148558546859084
2,sedentary,sedentary,sedentary,0.2842857142857143,0.0,0.7157142857142857,0.3075288079354424,6.77308569719678e-05,0.6924034612075857
2,sedentary,sedentary,light,0.4357142857142857,0.0,0.5642857142857143,0.5532021882250847,7.590497011350622e-05,0.4467219068048018
2,sedentary,sedentary,light,0.3942857142857143,0.0,0.6057142857142858,0.5542477703530642,0.001174866963437487,0.44457736268349846
2,sedentary,sedentary,sedentary,0.12571428571428572,0.0,0.8742857142857143,0.06983612382030428,0.013044056190911492,0.9171198199887841
2,sedentary,sedentary,light,0.3871428571428571,0.0,0.6128571428571429,0.5310145078087026,0.010839264822248174,0.4581462273690492
2,sedentary,light,sedentary,0.6785714285714286,0.0,0.32142857142857145,0.48738625211681674,0.00015422298163074593,0.5124595249015526
2,sedentary,sedentary,light,0.45714285714285713,0.0,0.5428571428571428,0.5875263649055328,7.848001870846503e-07,0.4124728502942802
2,sedentary,sedentary,light,0.35714285714285715,0.0,0.6428571428571429,0.5758318715143577,1.0070170735104633e-05,0.42415805831490727
2,sedentary,sedentary,sedentary,0.45571428571428574,0.0,0.5442857142857143,0.3288939993898538,1.4375481676368019e-05,0.6710916251284698
2,sedentary,light,light,0.7285714285714285,0.0,0.2714285714285714,0.6906569549148662,7.556020307512132e-05,0.30926748488205863
2,sedentary,light,light,0.7485714285714286,0.0,0.25142857142857145,0.7498930928316274,0.0001009186806955606,0.2500059884876771
2,sedentary,light,sedentary,0.5957142857142858,0.0,0.4042857142857143,0.31145218041768763,0.00012334389447159796,0.6884244756878407
2,sedentary,light,sedentary,0.58,0.0,0.42,0.17139665906106072,1.3960663997720241e-05,0.8285893802749417
2,sedentary,sedentary,light,0.3557142857142857,0.0,0.6442857142857142,0.6907734147450764,2.7974803862152543e-05,0.30919861045106145
2,sedentary,sedentary,sedentary,0.012857142857142857,0.0,0.9871428571428571,0.017461119148818,2.5719960179260105e-05,0.9825131608910026
2,sedentary,sedentary,sedentary,0.09142857142857143,0.0,0.9085714285714286,0.11375823838567248,0.00017060500708363337,0.8860711566072438
2,sedentary,sedentary,sedentary,0.018571428571428572,0.0,0.9814285714285714,0.04250911781305852,8.357931506933918e-06,0.9574825242554346
2,sedentary,sedentary,sedentary,0.10285714285714286,0.0,0.8971428571428571,0.29864258594006754,0.00013683528829322921,0.7012205787716392
2,sedentary,sedentary,sedentary,0.03428571428571429,0.0,0.9657142857142857,0.21514943846970394,5.64323186364677e-05,0.7847941292116596
2,sedentary,sedentary,sedentary,0.10857142857142857,0.0,0.8914285714285715,0.26825228148878877,2.080964923923753e-06,0.7317456375462873
2,sedentary,sedentary,sedentary,0.07,0.0,0.93,0.3941083292751232,5.143744672543169e-06,0.6058865269802043
2,sedentary,sedentary,sedentary,0.04857142857142857,0.0,0.9514285714285714,0.3087447499211781,1.8218711384433166e-05,0.6912370313674374
2,sedentary,sedentary,sedentary,0.015714285714285715,0.0,0.9842857142857143,0.06044329790776457,4.462371834146583e-06,0.9395522397204014
2,sedentary,sedentary,sedentary,0.018571428571428572,0.0,0.9814285714285714,0.05589270274982853,2.1351339657010965e-05,0.9440859459105145
2,sedentary,sedentary,sedentary,0.004285714285714286,0.0,0.9957142857142857,0.01507136135741735,7.128957300173516e-05,0.984857349069581
2,sedentary,sedentary,sedentary,0.012857142857142857,0.0,0.9871428571428571,0.10950882750662119,0.0012009552534293002,0.8892902172399495
2,sedentary,sedentary,sedentary,0.002857142857142857,0.0,0.9971428571428571,0.006452227211174407,0.00015821622256782466,0.9933895565662578
2,sedentary,sedentary,sedentary,0.002857142857142857,0.0,0.9971428571428571,0.0009716661535917945,6.384838752312781e-06,0.9990219490076558
2,sedentary,sedentary,sedentary,0.002857142857142857,0.0,0.9971428571428571,0.001659720995369339,5.381220361868928e-06,0.9983348977842688
2,sedentary,sedentary,sedentary,0.002857142857142857,0.0,0.9971428571428571,0.0017897350391276998,2.7173758409148537e-06,0.9982075475850315
2,sedentary,sedentary,sedentary,0.0,0.0,1.0,0.000994431346546948,9.273707637248553e-06,0.9989962949458159
2,sedentary,sedentary,sedentary,0.0,0.0,1.0,0.0020949923626021423,6.16172292092952e-07,0.9979043914651059
2,sedentary,sedentary,sedentary,0.0,0.0,1.0,0.01921774671474903,5.006754721597322e-06,0.9807772465305294
2,sedentary,sedentary,sedentary,0.004285714285714286,0.0,0.9957142857142857,0.002254896401167802,4.5497249896922297e-07,0.9977446486263333
2,sedentary,sedentary,sedentary,0.0014285714285714286,0.0,0.9985714285714286,0.006180109062305939,1.1403257754800975e-05,0.9938084876799391
2,sedentary,sedentary,sedentary,0.0014285714285714286,0.0,0.9985714285714286,0.005721963715919029,9.868010384689007e-06,0.9942681682736962
2,sedentary,sedentary,sedentary,0.0014285714285714286,0.0,0.9985714285714286,0.0048462999995792415,1.178413718385572e-05,0.9951419158632369
2,sedentary,sedentary,sedentary,0.0014285714285714286,0.0,0.9985714285714286,0.003695956660357041,2.7383772649200277e-06,0.996301304962378
2,light,light,light,0.9985714285714286,0.0014285714285714286,0.0,0.9837532662342389,0.009786353052173105,0.00646038071358818
2,light,light,light,0.8742857142857143,0.12571428571428572,0.0,0.9683886645053645,0.022579479467360834,0.009031856027274672
2,light,light,light,0.9414285714285714,0.05857142857142857,0.0,0.9863254302230506,0.01130111326163666,0.002373456515312632
2,light,light,light,0.92,0.07857142857142857,0.0014285714285714286,0.9813762259856945,0.01125100930703714,0.0073727647072682236
2,light,light,light,0.9828571428571429,0.017142857142857144,0.0,0.9550132107482847,0.020714485922091175,0.024272303329624142
2,light,light,light,0.9914285714285714,0.008571428571428572,0.0,0.9717382444512805,0.00706328948194132,0.021198466066778054
2,light,light,light,0.9985714285714286,0.0014285714285714286,0.0,0.9929401772592898,0.002679013771360992,0.004380808969349028
2,light,light,light,1.0,0.0,0.0,0.9962381423860686,0.0024834060636181295,0.0012784515503131305
2,light,light,light,0.9171428571428571,0.08285714285714285,0.0,0.9778719837082135,0.018062596263452982,0.00406542002833351
2,light,light,light,0.9942857142857143,0.004285714285714286,0.0014285714285714286,0.9847829817138226,0.008819801030494168,0.006397217255683082
2,light,light,light,1.0,0.0,0.0,0.9886744732331165,0.003719023561618969,0.0076065032052644345
2,light,light,light,0.9957142857142857,0.004285714285714286,0.0,0.9788078013684306,0.007929731655077273,0.013262466976492273
2,light,light,light,0.9428571428571428,0.05714285714285714,0.0,0.9769609302893087,0.020945558448790282,0.002093511261900777
2,light,light,light,0.6728571428571428,0.32571428571428573,0.0014285714285714286,0.9499462150821378,0.04589951084900654,0.004154274068855697
2,light,light,light,0.7642857142857142,0.2357142857142857,0.0,0.939773773108999,0.022133372364548026,0.03809285452645301
2,light,light,light,1.0,0.0,0.0,0.9867854498760334,0.009143198285674971,0.00407135183829137
2,light,light,light,0.94,0.06,0.0,0.9753045462458174,0.02258354963234487,0.002111904121837746
2,light,light,light,0.92,0.08,0.0,0.9649387916258658,0.024473805176354366,0.010587403197779701
2,light,light,light,0.86,0.14,0.0,0.9700147643187012,0.01416854517452063,0.015816690506778114
2,light,light,light,0.8857142857142857,0.11428571428571428,0.0,0.9771545546073644,0.018368122114694435,0.0044773232779410175
2,light,light,light,0.8857142857142857,0.11428571428571428,0.0,0.9748141869185087,0.019618050312122937,0.005567762769368205
2,light,light,light,0.9071428571428571,0.09285714285714286,0.0,0.9768931625805265,0.01354972857582013,0.009557108843653515
2,light,light,light,0.9128571428571428,0.08571428571428572,0.0014285714285714286,0.9634867894462968,0.032827095809115116,0.0036861147445878873
2,light,light,light,0.9157142857142857,0.08428571428571428,0.0,0.9820472845272755,0.016107149312185293,0.001845566160539383
2,light,light,light,0.9457142857142857,0.054285714285714284,0.0,0.9763072178878444,0.021663196646091096,0.002029585466064503
2,light,light,light,0.9114285714285715,0.08857142857142856,0.0,0.9646381706966658,0.022131104024221384,0.013230725279112667
2,light,light,light,0.9014285714285715,0.09714285714285714,0.0014285714285714286,0.9793841413911712,0.01202788251390901,0.008587976094919595
2,light,light,light,0.9185714285714286,0.08142857142857143,0.0,0.9830284779003308,0.015368269965665132,0.0016032521340042473
2,light,light,light,0.7485714285714286,0.25142857142857145,0.0,0.9668042943473522,0.031511914723050274,0.0016837909295974746
2,light,light,light,0.8571428571428571,0.13857142857142857,0.004285714285714286,0.9789150598106278,0.011215348070743985,0.0098695921186283
2,moderate-vigorous,moderate-vigorous,moderate-vigorous,0.02,0.98,0.0,0.049375570217400695,0.9506090782055551,1.535157704433526e-05
2,moderate-vigorous,moderate-vigorous,moderate-vigorous,0.004285714285714286,0.9942857142857143,0.0014285714285714286,0.0031461786021146233,0.9968441348348422,9.686563042985301e-06
2,moderate-vigorous,moderate-vigorous,moderate-vigorous,0.04285714285714286,0.9571428571428572,0.0,0.23369860838459836,0.7661526674425048,0.00014872417289681552
2,moderate-vigorous,moderate-vigorous,moderate-vigorous,0.10571428571428572,0.8942857142857142,0.0,0.14930038107997737,0.8501853047921569,0.0005143141278658186
2,moderate-vigorous,moderate-vigorous,moderate-vigorous,0.06714285714285714,0.9314285714285714,0.0014285714285714286,0.06541039164536937,0.9330990566497609,0.0014905517048697976
2,moderate-vigorous,moderate-vigorous,moderate-vigorous,0.03,0.97,0.0,0.0571106646842375,0.9428561606578577,3.317465790483439e-05
2,moderate-vigorous,moderate-vigorous,moderate-vigorous,0.004285714285714286,0.9957142857142857,0.0,0.049344954469134714,0.9506484558020789,6.589728786472238e-06
2,moderate-vigorous,moderate-vigorous,moderate-vigorous,0.015714285714285715,0.9842857142857143,0.0,0.09412378802279285,0.9058614280113111,1.4783965896125795e-05
2,moderate-vigorous,moderate-vigorous,moderate-vigorous,0.014285714285714285,0.9857142857142858,0.0,0.02568202285649623,0.9743159921766238,1.984966879861211e-06
2,moderate-vigorous,moderate-vigorous,moderate-vigorous,0.015714285714285715,0.9842857142857143,0.0,0.024435782127988782,0.975547954061098,1.6263810913269357e-05
2,moderate-vigorous,moderate-vigorous,moderate-vigorous,0.04428571428571428,0.9557142857142857,0.0,0.052309222026369936,0.9476702033201556,2.0574653474472393e-05
2,moderate-vigorous,moderate-vigorous,moderate-vigorous,0.018571428571428572,0.9814285714285714,0.0,0.07457332563452775,0.9254247541891302,1.9201763421227217e-06
2,moderate-vigorous,moderate-vigorous,moderate-vigorous,0.004285714285714286,0.9957142857142857,0.0,0.10315249047063577,0.8968319844551551,1.552507420901713e-05
2,moderate-vigorous,moderate-vigorous,moderate-vigorous,0.024285714285714285,0.9757142857142858,0.0,0.0660035700842766,0.9339682045418931,2.8225373830306258e-05
2,moderate-vigorous,moderate-vigorous,moderate-vigorous,0.017142857142857144,0.9828571428571429,0.0,0.04799079569960404,0.9519812787624451,2.7925537951071124e-05
2,moderate-vigorous,moderate-vigorous,moderate-vigorous,0.014285714285714285,0.9857142857142858,0.0,0.004571353594987929,0.9954281280279699,5.183770422110987e-07
2,moderate-vigorous,moderate-vigorous,moderate-vigorous,0.0014285714285714286,0.9985714285714286,0.0,0.02738393343260387,0.9726153418410577,7.247263386328076e-07
2,moderate-vigorous,moderate-vigorous,moderate-vigorous,0.017142857142857144,0.9828571428571429,0.0,0.0007306329208893603,0.999269340528054,2.6551056576331073e-08
2,moderate-vigorous,moderate-vigorous,moderate-vigorous,0.06285714285714286,0.9371428571428572,0.0,0.010094500204119337,0.9898963020435643,9.197752316311866e-06
2,moderate-vigorous,moderate-vigorous,moderate-vigorous,0.03571428571428571,0.9642857142857143,0.0,0.22685493847890884,0.7729697537174208,0.00017530780367027796
2,moderate-vigorous,moderate-vigorous,moderate-vigorous,0.018571428571428572,0.9814285714285714,0.0,0.02328853656659315,0.9767093388088404,2.124624566570724e-06
2,moderate-vigorous,moderate-vigorous,moderate-vigorous,0.018571428571428572,0.9814285714285714,0.0,0.024390706075552368,0.9756092254251693,6.849927835426784e-08
2,moderate-vigorous,moderate-vigorous,moderate-vigorous,0.02142857142857143,0.9785714285714285,0.0,0.02615284213770217,0.9738417143506047,5.443511693046404e-06
2,moderate-vigorous,moderate-vigorous,moderate-vigorous,0.05,0.95,0.0,0.15239910748358818,0.8475462095400802,5.4682976331628394e-05
2,moderate-vigorous,moderate-vigorous,moderate-vigorous,0.06,0.94,0.0,0.11423252031584162,0.8771891090610603,0.008578370623098071
2,moderate-vigorous,moderate-vigorous,moderate-vigorous,0.014285714285714285,0.9857142857142858,0.0,0.1423536629761111,0.8516616648240015,0.0059846721998874286
2,moderate-vigorous,moderate-vigorous,moderate-vigorous,0.008571428571428572,0.9914285714285714,0.0,0.24262636809654603,0.7445610726499061,0.012812559253547955
2,moderate-vigorous,moderate-vigorous,light,0.30142857142857143,0.6985714285714286,0.0,0.7072552807028248,0.27830260956837355,0.014442109728801708
2,moderate-vigorous,moderate-vigorous,moderate-vigorous,0.05,0.95,0.0,0.15991011769454153,0.8385042613591197,0.0015856209463388355
2,moderate-vigorous,moderate-vigorous,moderate-vigorous,0.13857142857142857,0.8614285714285714,0.0,0.3726507910297833,0.6181409638999029,0.009208245070313759
2,moderate-vigorous,moderate-vigorous,moderate-vigorous,0.2542857142857143,0.7442857142857143,0.0014285714285714286,0.45289007365637574,0.5424101250639447,0.004699801279679535
2,moderate-vigorous,moderate-vigorous,moderate-vigorous,0.09142857142857143,0.9085714285714286,0.0,0.09632190741715922,0.9029756892950289,0.0007024032878120249
2,moderate-vigorous,moderate-vigorous,moderate-vigorous,0.041428571428571426,0.9557142857142857,0.002857142857142857,0.057441651028304314,0.9372157406919231,0.005342608279772516
2,moderate-vigorous,moderate-vigorous,moderate-vigorous,0.14,0.8585714285714285,0.0014285714285714286,0.1097891862458106,0.8745732453383006,0.015637568415888814
2,moderate-vigorous,moderate-vigorous,moderate-vigorous,0.11142857142857143,0.8871428571428571,0.0014285714285714286,0.10288471426374741,0.8943055154465566,0.0028097702896959995
2,moderate-vigorous,moderate-vigorous,moderate-vigorous,0.19714285714285715,0.8028571428571428,0.0,0.2083746133577187,0.7913080504793303,0.00031733616295108317
2,moderate-vigorous,moderate-vigorous,moderate-vigorous,0.027142857142857142,0.9728571428571429,0.0,0.0976490489593639,0.9004084809984151,0.001942470042221016
2,moderate-vigorous,moderate-vigorous,moderate-vigorous,0.20142857142857143,0.7985714285714286,0.0,0.18368481386437954,0.8152903935103016,0.0010247926253187608
2,moderate-vigorous,moderate-vigorous,moderate-vigorous,0.13714285714285715,0.8614285714285714,0.0014285714285714286,0.2174408649396711,0.7822147067887413,0.0003444282715876403
2,moderate-vigorous,moderate-vigorous,moderate-vigorous,0.25857142857142856,0.7357142857142858,0.005714285714285714,0.16694325116905046,0.8324759435934161,0.0005808052375333285
2,moderate-vigorous,moderate-vigorous,moderate-vigorous,0.15,0.85,0.0,0.16805375893545121,0.8300209453600117,0.0019252957045369147
2,moderate-vigorous,moderate-vigorous,moderate-vigorous,0.18285714285714286,0.8,0.017142857142857144,0.18077287239092876,0.8029284938732368,0.016298633735834414
2,moderate-vigorous,moderate-vigorous,moderate-vigorous,0.21,0.7885714285714286,0.0014285714285714286,0.40404918126579104,0.5933165705991125,0.0026342481350965464
2,moderate-vigorous,light,light,0.5457142857142857,0.4514285714285714,0.002857142857142857,0.6519264345189965,0.34450019658774,0.003573368893263623
2,moderate-vigorous,moderate-vigorous,light,0.47714285714285715,0.5157142857142857,0.007142857142857143,0.521736212292487,0.4698852926275367,0.008378495079976265
2,moderate-vigorous,moderate-vigorous,moderate-vigorous,0.18571428571428572,0.8128571428571428,0.0014285714285714286,0.22125753167649234,0.7732822693564164,0.005460198967091232
2,moderate-vigorous,moderate-vigorous,moderate-vigorous,0.17714285714285713,0.82,0.002857142857142857,0.3254952733498305,0.6689104052330254,0.00559432141714399
2,moderate-vigorous,moderate-vigorous,moderate-vigorous,0.20857142857142857,0.7914285714285715,0.0,0.24782540132909014,0.7513038541575175,0.000870744513392395
2,moderate-vigorous,moderate-vigorous,moderate-vigorous,0.26142857142857145,0.7385714285714285,0.0,0.19341667764243725,0.8062710923421579,0.0003122300154048353
2,light,sedentary,sedentary,0.2957142857142857,0.0,0.7042857142857143,0.2698844427816274,0.0005261528946992776,0.7295894043236734
2,light,sedentary,sedentary,0.40714285714285714,0.0,0.5928571428571429,0.288368859882893,0.00033951809189228206,0.7112916220252148
2,light,sedentary,sedentary,0.4257142857142857,0.0,0.5742857142857143,0.39281063313972403,8.301089138556492e-05,0.6071063559688904
2,light,light,light,0.7057142857142857,0.0,0.29428571428571426,0.8429728069958676,0.0001068157572090844,0.15692037724692345
2,light,sedentary,light,0.46,0.0,0.54,0.665390162029895,1.6143008106650813e-05,0.33459369496199837
2,light,light,light,0.6971428571428572,0.0,0.3028571428571429,0.9405602577499322,6.455053829782341e-06,0.059433287196237944
2,light,light,light,0.7242857142857143,0.0,0.2757142857142857,0.9511677757431024,2.2600531282502703e-06,0.04882996420376933
2,light,light,light,0.8014285714285714,0.0,0.19857142857142857,0.8709478671068813,2.588446165048599e-06,0.12904954444695377
2,light,light,light,0.72,0.0,0.28,0.7893663629062103,2.2143755555613536e-06,0.21063142271823404
2,light,light,light,0.84,0.0,0.16,0.8755040117359982,8.401253445155355e-07,0.12449514813865727
2,light,light,light,0.9485714285714286,0.0,0.05142857142857143,0.8662645282406851,9.648180634504988e-07,0.13373450694125144
2,light,light,light,0.78,0.0,0.22,0.9278842932028963,3.7698012342433288e-06,0.07211193699586961
2,light,light,light,0.8,0.0,0.2,0.8674318151235844,6.536653571593259e-06,0.13256164822284394
2,light,light,light,0.6271428571428571,0.0,0.37285714285714283,0.7116221090525546,1.9771166192563375e-06,0.2883759138308262
2,light,light,light,0.9285714285714286,0.0,0.07142857142857142,0.8386232047337125,4.353605594222819e-06,0.16137244166069323
2,light,light,light,0.8328571428571429,0.0,0.16714285714285715,0.6387821692209303,5.826317675367517e-05,0.3611595676023159
2,light,sedentary,light,0.19142857142857142,0.0,0.8085714285714286,0.5381143287474338,3.099529720834956e-05,0.4618546759553578
2,light,sedentary,light,0.15714285714285714,0.0,0.8428571428571429,0.6090303025662512,1.325982614698724e-05,0.39095643760760185
2,light,light,light,0.8557142857142858,0.0,0.1442857142857143,0.74105484591232,1.2275176676295352e-05,0.25893287891100375
2,light,light,light,0.8371428571428572,0.0,0.16285714285714287,0.6571290478004286,6.694083205712143e-06,0.34286425811636584
2,light,sedentary,light,0.4714285714285714,0.0,0.5285714285714286,0.6747914875786429,2.838514628718974e-06,0.32520567390672833
2,light,sedentary,sedentary,0.26,0.0,0.74,0.4864632530046779,1.1570577658981775e-05,0.513525176417663
2,light,sedentary,light,0.36142857142857143,0.0,0.6385714285714286,0.6491257089509352,1.7748621438329734e-05,0.3508565424276263
2,sedentary,sedentary,light,0.26571428571428574,0.0,0.7342857142857143,0.6067805416111824,8.424529673883675e-06,0.39321103385914363
2,sedentary,sedentary,sedentary,0.04285714285714286,0.0,0.9571428571428572,0.008169721507016595,0.002014975788347946,0.9898153027046354
2,sedentary,sedentary,sedentary,0.45571428571428574,0.0,0.5442857142857143,0.32919856329441494,0.0009894582425310208,0.6698119784630541
2,sedentary,sedentary,sedentary,0.4471428571428571,0.0,0.5528571428571428,0.27722288782129134,9.642762450502386e-06,0.7227674694162581
2,sedentary,sedentary,sedentary,0.34,0.0,0.66,0.29390530921178504,3.447311969734375e-05,0.7060602176685177
2,sedentary,sedentary,sedentary,0.3414285714285714,0.0,0.6585714285714286,0.18668612293097953,2.7912860842594968e-05,0.8132859642081778
2,sedentary,sedentary,light,0.21285714285714286,0.0,0.7871428571428571,0.5888565465794157,8.623108108392375e-05,0.41105722233950037
2,sedentary,sedentary,light,0.2557142857142857,0.0,0.7442857142857143,0.5674409828170922,9.905475977845121e-06,0.4325491117069299
2,sedentary,sedentary,sedentary,0.17,0.0,0.83,0.3529284998615227,1.7724763269594587e-05,0.6470537753752078
2,sedentary,sedentary,sedentary,0.04857142857142857,0.0,0.9514285714285714,0.02486958196363449,7.981894164212166e-06,0.9751224361422014
2,sedentary,sedentary,sedentary,0.03571428571428571,0.0,0.9642857142857143,0.009592795879371268,5.062774564666617e-06,0.9904021413460641
2,sedentary,sedentary,moderate-vigorous,0.05285714285714286,0.015714285714285715,0.9314285714285714,0.08871434939064608,0.8489001942413927,0.062385456367961174
2,sedentary,sedentary,sedentary,0.19142857142857142,0.0,0.8085714285714286,0.024816793109283614,3.0103847859007177e-05,0.9751531030428573
2,sedentary,sedentary,sedentary,0.037142857142857144,0.0,0.9628571428571429,0.07619414335043996,7.017266168897583e-05,0.9237356839878711
2,sedentary,sedentary,sedentary,0.2542857142857143,0.0,0.7457142857142857,0.3078719516430225,0.00014923599770035484,0.691978812359277
2,sedentary,sedentary,sedentary,0.24714285714285714,0.0,0.7528571428571429,0.3126956215351036,0.00012247586246621063,0.6871819026024302
2,sedentary,sedentary,sedentary,0.33,0.0,0.67,0.34297379958825075,7.237354968736033e-05,0.6569538268620619
2,sedentary,sedentary,sedentary,0.45714285714285713,0.0,0.5428571428571428,0.42384183607898507,0.00012829930654208353,0.5760298646144728
2,sedentary,light,sedentary,0.5514285714285714,0.0,0.44857142857142857,0.38069810336291293,0.0010032150262983854,0.6182986816107886
2,sedentary,light,sedentary,0.6328571428571429,0.0,0.36714285714285716,0.3806935324700446,0.00010481513903149223,0.619201652390924
2,sedentary,light,light,0.6257142857142857,0.0,0.3742857142857143,0.6082459026535737,4.015406560843381e-05,0.3917139432808178
2,sedentary,light,light,0.5785714285714286,0.0,0.42142857142857143,0.6168666171016753,4.3255709724315645e-05,0.38309012718860036
2,sedentary,sedentary,sedentary,0.02142857142857143,0.0014285714285714286,0.9771428571428571,0.013826723873125031,0.43899148460029597,0.547181791526579
2,sedentary,sedentary,sedentary,0.007142857142857143,0.0,0.9928571428571429,0.004784546713101287,0.000606457968534992,0.9946089953183637
2,sedentary,sedentary,sedentary,0.007142857142857143,0.0,0.9928571428571429,0.0023186298145044678,1.4890882317613666e-06,0.9976798810972638
2,sedentary,sedentary,sedentary,0.007142857142857143,0.0,0.9928571428571429,0.03178096419552462,3.7556260637089206e-05,0.9681814795438384
2,sedentary,sedentary,sedentary,0.08714285714285715,0.0,0.9128571428571428,0.3822967873433473,5.735828180545718e-06,0.6176974768284722
2,sedentary,sedentary,sedentary,0.007142857142857143,0.0,0.9928571428571429,0.0485819920071966,2.250213394863003e-06,0.9514157577794085
2,sedentary,sedentary,sedentary,0.07428571428571429,0.0,0.9257142857142857,0.11507972226860429,2.270590386837186e-06,0.8849180071410089
2,sedentary,sedentary,sedentary,0.02857142857142857,0.0,0.9714285714285714,0.03940425975737443,8.134115446715686e-07,0.9605949268310808
2,sedentary,sedentary,sedentary,0.005714285714285714,0.0,0.9942857142857143,0.24878083636196932,4.630852585235855e-06,0.7512145327854454
2,sedentary,sedentary,sedentary,0.011428571428571429,0.0,0.9885714285714285,0.05617223402546887,2.2049790944905518e-06,0.9438255609954367
2,sedentary,sedentary,sedentary,0.011428571428571429,0.0,0.9885714285714285,0.15063776172013452,2.606904482017735e-05,0.8493361692350454
2,sedentary,sedentary,light,0.48142857142857143,0.0,0.5185714285714286,0.7679405219742149,2.7765179574457107e-05,0.23203171284621057
2,sedentary,sedentary,sedentary,0.008571428571428572,0.0,0.9914285714285714,0.01859370462072554,3.1096454499212065e-05,0.9813751989247753
2,sedentary,sedentary,sedentary,0.004285714285714286,0.0,0.9957142857142857,0.16165152727819304,6.130940089149928e-05,0.8382871633209155
2,sedentary,sedentary,sedentary,0.04285714285714286,0.0,0.9571428571428572,0.07503693007362593,2.6289033876438704e-05,0.9249367808924975
2,sedentary,sedentary,sedentary,0.027142857142857142,0.0,0.9728571428571429,0.0842981848010871,2.8530251751037256e-05,0.9156732849471618
2,sedentary,sedentary,sedentary,0.022857142857142857,0.0,0.9771428571428571,0.29838719629812865,4.1740145441371305e-05,0.70157106355643
2,sedentary,sedentary,sedentary,0.09857142857142857,0.0,0.9014285714285715,0.19378561219199708,5.819771496852799e-05,0.8061561900930344
2,sedentary,sedentary,light,0.19428571428571428,0.0,0.8057142857142857,0.5886164816354807,2.0516744237098715e-05,0.4113630016202822
2,sedentary,sedentary,sedentary,0.20285714285714285,0.0,0.7971428571428572,0.3162967905163714,4.3193228260347274e-05,0.6836600162553683
2,sedentary,sedentary,sedentary,0.032857142857142856,0.0,0.9671428571428572,0.2435554411987364,9.193513382458122e-05,0.7563526236674389
2,sedentary,sedentary,sedentary,0.08142857142857143,0.0,0.9185714285714286,0.3786566317306753,0.00011716915540739115,0.6212261991139173
2,sedentary,sedentary,sedentary,0.14142857142857143,0.0,0.8585714285714285,0.18489295295176544,6.836225115787368e-05,0.8150386847970768
2,sedentary,sedentary,sedentary,0.10714285714285714,0.0,0.8928571428571429,0.46256790590299696,5.4874820508414274e-05,0.5373772192764945
2,light,light,light,0.7657142857142857,0.2342857142857143,0.0,0.9807955951354046,0.015580766621153553,0.003623638243441852
2,light,light,light,0.7671428571428571,0.23285714285714285,0.0,0.8833528433534433,0.11173297863012834,0.004914178016428379
2,light,light,light,0.8142857142857143,0.18571428571428572,0.0,0.8624506132235183,0.13204380898460377,0.0055055777918778396
2,light,light,light,0.8457142857142858,0.15428571428571428,0.0,0.9448330399821129,0.04657265568379819,0.00859430433408898
2,light,light,light,0.6371428571428571,0.3628571428571429,0.0,0.9235989622081222,0.020506686390143844,0.05589435140173396
2,light,light,light,0.8857142857142857,0.11428571428571428,0.0,0.9888041278902968,0.007907654352719892,0.003288217756983297
2,light,light,light,0.9071428571428571,0.09285714285714286,0.0,0.9843643673594269,0.0123005860589936,0.003335046581579641
2,light,light,light,0.8828571428571429,0.11714285714285715,0.0,0.975100752367363,0.017826077410404303,0.007073170222232668
2,light,light,light,0.9357142857142857,0.06428571428571428,0.0,0.9792341060233444,0.01550658585204021,0.005259308124615482
2,light,light,light,0.8942857142857142,0.10571428571428572,0.0,0.9815427413989927,0.016722083834617905,0.0017351747663895084
2,light,light,light,0.8971428571428571,0.10285714285714286,0.0,0.9650501975321962,0.029927026863637962,0.00502277560416573
2,light,light,light,0.9514285714285714,0.04857142857142857,0.0,0.9787093454521251,0.012035538927842909,0.009255115620031984
2,light,light,light,0.8828571428571429,0.11714285714285715,0.0,0.9875340413260641,0.008048188218333049,0.0044177704556028355
2,light,light,light,0.9942857142857143,0.002857142857142857,0.002857142857142857,0.9911954081092885,0.004363087822320451,0.004441504068391108
2,light,light,light,0.83,0.15571428571428572,0.014285714285714285,0.9818379929711658,0.009399123337271895,0.008762883691562428
2,light,light,light,0.9685714285714285,0.03142857142857143,0.0,0.9471764840894403,0.05109208165443581,0.001731434256123832
2,light,light,light,0.8542857142857143,0.1457142857142857,0.0,0.8635768545215617,0.13295084383773353,0.003472301640704583
2,light,light,light,0.8885714285714286,0.11142857142857143,0.0,0.898537184236271,0.09850838594389494,0.002954429819834033
2,light,light,light,0.93,0.07,0.0,0.9698060893600382,0.02431256262400377,0.005881348015957812
2,light,light,light,0.9528571428571428,0.047142857142857146,0.0,0.981775418785846,0.0058788330743514096,0.012345748139802494
2,light,light,light,0.9971428571428571,0.002857142857142857,0.0,0.9695456190407602,0.028228725636899446,0.0022256553223405596
2,light,light,light,0.8914285714285715,0.10857142857142857,0.0,0.9310925330135671,0.06012263945179548,0.008784827534637519
2,light,light,light,0.9128571428571428,0.08714285714285715,0.0,0.9490807640407058,0.04273485400887527,0.008184381950419008
2,light,light,light,0.98,0.02,0.0,0.9789546698070279,0.020238564744486074,0.0008067654484861787
2,light,light,light,0.9914285714285714,0.008571428571428572,0.0,0.986623564575929,0.00804998144291054,0.005326453981160517
2,light,light,light,0.9485714285714286,0.05142857142857143,0.0,0.9808589517701656,0.011414636706975078,0.007726411522859354
2,light,light,light,0.9471428571428572,0.05285714285714286,0.0,0.9779655848273439,0.020284064666324507,0.0017503505063315328
2,light,light,light,0.9157142857142857,0.08428571428571428,0.0,0.9804441372660443,0.01594226758082311,0.0036135951531326435
2,light,light,light,0.7528571428571429,0.24571428571428572,0.0014285714285714286,0.9777736801088814,0.017860051185634142,0.004366268705484538
2,moderate-vigorous,moderate-vigorous,moderate-vigorous,0.007142857142857143,0.9928571428571429,0.0,0.002780586846443707,0.9972187950164915,6.181370647609605e-07
2,moderate-vigorous,moderate-vigorous,moderate-vigorous,0.0,1.0,0.0,0.004392679362442185,0.9956052201317839,2.100505774016373e-06
2,moderate-vigorous,moderate-vigorous,moderate-vigorous,0.01,0.99,0.0,0.013626327424721684,0.9863717451716821,1.9274035962149116e-06
2,moderate-vigorous,moderate-vigorous,moderate-vigorous,0.008571428571428572,0.9914285714285714,0.0,0.0116489684453207,0.9883502848369925,7.467176868989177e-07
2,moderate-vigorous,moderate-vigorous,moderate-vigorous,0.005714285714285714,0.9942857142857143,0.0,0.027679847685722795,0.9723189663557898,1.1859584874925861e-06
2,moderate-vigorous,moderate-vigorous,moderate-vigorous,0.02,0.98,0.0,0.0633504817208756,0.936639186732744,1.0331546380296597e-05
2,moderate-vigorous,moderate-vigorous,moderate-vigorous,0.055714285714285716,0.9442857142857143,0.0,0.05765033870199874,0.9423492944125134,3.66885487974801e-07
2,moderate-vigorous,moderate-vigorous,moderate-vigorous,0.018571428571428572,0.9814285714285714,0.0,0.004265930841696581,0.9957339451677537,1.2399054983512016e-07
2,moderate-vigorous,moderate-vigorous,moderate-vigorous,0.0,1.0,0.0,0.0005481092403175927,0.999451829322585,6.143709727047107e-08
2,moderate-vigorous,moderate-vigorous,moderate-vigorous,0.0,1.0,0.0,0.00530548249241456,0.9946941239529079,3.9355467759106594e-07
2,moderate-vigorous,moderate-vigorous,moderate-vigorous,0.01,0.99,0.0,0.022906471014350744,0.9770934172375251,1.1174812417881865e-07
2,moderate-vigorous,moderate-vigorous,moderate-vigorous,0.0014285714285714286,0.9985714285714286,0.0,0.012528693923672589,0.9874712480207689,5.805555871894637e-08
2,moderate-vigorous,moderate-vigorous,moderate-vigorous,0.0,1.0,0.0,0.025095249750702802,0.9749046088078058,1.4144149151876664e-07
2,moderate-vigorous,moderate-vigorous,moderate-vigorous,0.0014285714285714286,0.9985714285714286,0.0,0.00401828942276682,0.9959816962432669,1.4333966328134256e-08
2,moderate-vigorous,moderate-vigorous,moderate-vigorous,0.0014285714285714286,0.9985714285714286,0.0,0.00579487063183119,0.9942050330325064,9.633566226804206e-08
2,moderate-vigorous,moderate-vigorous,moderate-vigorous,0.0,1.0,0.0,0.02523010521245102,0.9747674838362306,2.4109513185085722e-06
2,moderate-vigorous,moderate-vigorous,moderate-vigorous,0.05285714285714286,0.9471428571428572,0.0,0.01081317653125517,0.9891867578885515,6.558019350940202e-08
2,moderate-vigorous,moderate-vigorous,moderate-vigorous,0.02142857142857143,0.9785714285714285,0.0,0.06338161266482036,0.9366180531190608,3.342161189571388e-07
2,moderate-vigorous,moderate-vigorous,moderate-vigorous,0.02142857142857143,0.9785714285714285,0.0,0.07283757665314551,0.927155334485749,7.088861105435055e-06
2,moderate-vigorous,moderate-vigorous,moderate-vigorous,0.11,0.89,0.0,0.0468948010530818,0.9531037949021248,1.4040447934588674e-06
2,moderate-vigorous,moderate-vigorous,moderate-vigorous,0.002857142857142857,0.9971428571428571,0.0,0.061809461300768594,0.9381905080560518,3.064317961016306e-08
2,moderate-vigorous,moderate-vigorous,moderate-vigorous,0.0014285714285714286,0.9985714285714286,0.0,0.004225795791707443,0.9957741085281873,9.568010520125315e-08
2,moderate-vigorous,moderate-vigorous,moderate-vigorous,0.002857142857142857,0.9971428571428571,0.0,0.0034208123862058803,0.9965789124251283,2.751886658075583e-07
2,moderate-vigorous,moderate-vigorous,moderate-vigorous,0.1357142857142857,0.8642857142857143,0.0,0.11864331303473696,0.8812625938190075,9.409314625550035e-05
2,moderate-vigorous,moderate-vigorous,moderate-vigorous,0.1442857142857143,0.8557142857142858,0.0,0.11329120639182133,0.8866905200014674,1.827360671123585e-05
2,moderate-vigorous,moderate-vigorous,moderate-vigorous,0.09714285714285714,0.9028571428571428,0.0,0.20319227543258084,0.796338114526603,0.00046961004081614243
2,moderate-vigorous,moderate-vigorous,moderate-vigorous,0.12571428571428572,0.8742857142857143,0.0,0.3186268754323637,0.6799221010729322,0.00145102349470414
2,moderate-vigorous,moderate-vigorous,moderate-vigorous,0.11142857142857143,0.8885714285714286,0.0,0.17637263848890636,0.8218849018241721,0.0017424596869215336
2,moderate-vigorous,moderate-vigorous,moderate-vigorous,0.047142857142857146,0.9528571428571428,0.0,0.17089733047578903,0.8271266066132724,0.0019760629109384317
2,moderate-vigorous,moderate-vigorous,moderate-vigorous,0.047142857142857146,0.9528571428571428,0.0,0.11464030133771114,0.8838735548225033,0.001486143839785592
2,moderate-vigorous,moderate-vigorous,moderate-vigorous,0.07714285714285714,0.9228571428571428,0.0,0.1078043995454158,0.8901145288081389,0.002081071646445399
2,moderate-vigorous,moderate-vigorous,moderate-vigorous,0.06428571428571428,0.9257142857142857,0.01,0.016842234970464897,0.9822789066999136,0.0008788583296215635
2,moderate-vigorous,moderate-vigorous,moderate-vigorous,0.11857142857142858,0.88,0.0014285714285714286,0.06540077926944708,0.9345436544016386,5.556632891432858e-05
2,moderate-vigorous,moderate-vigorous,moderate-vigorous,0.06857142857142857,0.9314285714285714,0.0,0.08613992732456165,0.913801419765534,5.865290990438691e-05
2,moderate-vigorous,moderate-vigorous,moderate-vigorous,0.06285714285714286,0.9371428571428572,0.0,0.15654075699102887,0.8429344911169332,0.0005247518920379282
2,moderate-vigorous,moderate-vigorous,moderate-vigorous,0.11714285714285715,0.8828571428571429,0.0,0.08596993642051882,0.913933586933852,9.647664562913562e-05
2,moderate-vigorous,moderate-vigorous,moderate-vigorous,0.16,0.84,0.0,0.23470840410643387,0.7646209317031321,0.0006706641904338865
2,moderate-vigorous,moderate-vigorous,moderate-vigorous,0.3171428571428571,0.6828571428571428,0.0,0.26910158531400097,0.7298822809613998,0.001016133724599276
2,moderate-vigorous,moderate-vigorous,moderate-vigorous,0.2914285714285714,0.7085714285714285,0.0,0.1807652645351308,0.8188240615672421,0.00041067389762702893
2,moderate-vigorous,moderate-vigorous,moderate-vigorous,0.11,0.8885714285714286,0.0014285714285714286,0.025721576766756238,0.9742704840264423,7.939206801389992e-06
2,moderate-vigorous,moderate-vigorous,moderate-vigorous,0.19,0.81,0.0,0.15766901878359726,0.8423037288607578,2.725235564512365e-05
2,moderate-vigorous,moderate-vigorous,moderate-vigorous,0.054285714285714284,0.9457142857142857,0.0,0.057246061088386604,0.9424611660063574,0.00029277290525594167
2,moderate-vigorous,moderate-vigorous,moderate-vigorous,0.15428571428571428,0.8457142857142858,0.0,0.08039172582197604,0.9194928363164735,0.00011543786155048276
2,moderate-vigorous,moderate-vigorous,moderate-vigorous,0.08428571428571428,0.9157142857142857,0.0,0.12691993376287578,0.8726968597661804,0.00038320647094372404
2,moderate-vigorous,moderate-vigorous,moderate-vigorous,0.16857142857142857,0.8314285714285714,0.0,0.3589595112835234,0.6400675942491119,0.0009728944673648597
2,moderate-vigorous,moderate-vigorous,moderate-vigorous,0.2857142857142857,0.7142857142857143,0.0,0.1764473298854904,0.823021293191863,0.0005313769226465175
4,light,light,light,0.57,0.0014285714285714286,0.42857142857142855,0.9808917245142504,0.0012691620843428212,0.01783911340140682
4,light,light,light,0.58,0.0,0.42,0.6762953981425706,0.0008143870496281313,0.3228902148078013
4,light,light,light,0.6985714285714286,0.0,0.30142857142857143,0.8849836194936825,0.002202203797974684,0.11281417670834296
4,light,sedentary,sedentary,0.25142857142857145,0.0,0.7485714285714286,0.05249780227515904,0.0004654555646675568,0.9470367421601734
4,light,sedentary,sedentary,0.26571428571428574,0.0,0.7342857142857143,0.09600817854608257,0.002199059473080548,0.9017927619808368
4,light,light,light,0.7214285714285714,0.0,0.2785714285714286,0.6592671398516311,0.0003904174303864836,0.34034244271798236
4,light,light,light,0.7985714285714286,0.0,0.20142857142857143,0.6116968043537977,0.0002204560123757275,0.3880827396338266
4,light,sedentary,sedentary,0.42,0.0,0.58,0.17813084776912427,0.0002616332762182022,0.8216075189546574
4,light,sedentary,sedentary,0.43857142857142856,0.0,0.5614285714285714,0.17383431054467408,0.0016155739200350108,0.8245501155352909
4,light,light,sedentary,0.6885714285714286,0.0,0.31142857142857144,0.34520791645810506,0.0008786797839500128,0.653913403757945
4,light,light,sedentary,0.6257142857142857,0.0,0.3742857142857143,0.30046335490221676,0.0003993928129900933,0.6991372522847932
4,light,sedentary,sedentary,0.30142857142857143,0.0,0.6985714285714286,0.06815909437281754,0.0002637917015179192,0.9315771139256646
4,light,light,light,0.6528571428571428,0.0,0.34714285714285714,0.5291328590421045,0.0015044973454813695,0.4693626436124142
4,light,light,sedentary,0.5314285714285715,0.0,0.4685714285714286,0.4129470649318936,0.001896153007952025,0.5851567820601543
4,light,sedentary,sedentary,0.18285714285714286,0.0,0.8171428571428572,0.032367847777660864,0.0012790161769886165,0.9663531360453506
4,light,sedentary,light,0.46,0.0,0.54,0.5815697304140631,9.392314911195142e-06,0.41842087727102567
4,light,light,light,0.6642857142857143,0.0,0.3357142857142857,0.8909766770833615,3.5045281159416424e-06,0.10901981838852248
4,light,light,light,0.7871428571428571,0.0,0.21285714285714286,0.6803381064792551,0.0007783639478692688,0.3188835295728755
4,light,light,sedentary,0.5771428571428572,0.0,0.4228571428571429,0.3926561421389193,0.001038833058736986,0.6063050248023437
4,light,light,sedentary,0.7114285714285714,0.0,0.2885714285714286,0.2791171550969625,0.0028821568925436946,0.7180006880104938
4,light,light,sedentary,0.52,0.0,0.48,0.486915820550638,0.0005137953119284083,0.5125703841374336
4,light,light,sedentary,0.5057142857142857,0.0,0.4942857142857143,0.33525070057088163,5.770654800830836e-05,0.6646915928811101
4,light,light,light,0.8785714285714286,0.0,0.12142857142857143,0.7316840081831727,9.009960618780913e-05,0.2682258922106394
4,light,light,light,0.7971428571428572,0.0,0.20285714285714285,0.5772591837635913,0.00031754844414811744,0.42242326779226064
4,light,light,light,0.8257142857142857,0.0,0.1742857142857143,0.8387379116979818,1.5145482965850494e-05,0.16124694281905227
4,light,light,light,0.5842857142857143,0.0,0.4157142857142857,0.5546739535088457,2.3281810394069995e-05,0.4453027646807601
4,light,light,light,0.5457142857142857,0.0,0.4542857142857143,0.5964401515868658,0.00016385620458740944,0.4033959922085467
4,light,light,light,0.6671428571428571,0.0,0.33285714285714285,0.5433309303935828,0.006260384695504639,0.45040868491091257
4,sedentary,sedentary,sedentary,0.012857142857142857,0.0,0.9871428571428571,0.019105143939223773,0.010767666305646377,0.9701271897551299
4,sedentary,sedentary,sedentary,0.02,0.0,0.98,0.010987890146552947,0.000832022965388798,0.9881800868880583
4,sedentary,sedentary,sedentary,0.1357142857142857,0.0,0.8642857142857143,0.010142938517188825,0.000800420536284143,0.9890566409465271
4,sedentary,sedentary,sedentary,0.23142857142857143,0.0,0.7685714285714286,0.018735896791815202,8.815808183479284e-05,0.9811759451263501
4,sedentary,sedentary,sedentary,0.14857142857142858,0.0,0.8514285714285714,0.021391503941796865,0.00022726564387948818,0.9783812304143237
4,sedentary,sedentary,sedentary,0.13285714285714287,0.0,0.8671428571428571,0.07584464404100201,0.0011535762547043415,0.9230017797042936
4,sedentary,sedentary,sedentary,0.11,0.0,0.89,0.062376794080803356,0.000601897259774122,0.9370213086594225
4,sedentary,sedentary,sedentary,0.18714285714285714,0.0,0.8128571428571428,0.10919771348849094,0.0004939512883870245,0.8903083352231219
4,sedentary,sedentary,sedentary,0.15,0.0,0.85,0.16855458539387677,8.320148554723737e-06,0.8314370944575685
4,sedentary,sedentary,sedentary,0.09285714285714286,0.0,0.9071428571428571,0.18470585837181974,0.00027057590465886307,0.8150235657235214
4,sedentary,sedentary,sedentary,0.16857142857142857,0.0,0.8314285714285714,0.03923812278105966,3.079418909216644e-05,0.9607310830298482
4,sedentary,sedentary,sedentary,0.2042857142857143,0.0,0.7957142857142857,0.32038579165515707,3.1471787686183664e-05,0.6795827365571567
4,sedentary,light,light,0.7257142857142858,0.0014285714285714286,0.27285714285714285,0.8146429425898852,9.519255405236283e-05,0.18526186485606247
4,sedentary,sedentary,light,0.3342857142857143,0.0,0.6657142857142857,0.5349871953919142,9.70184799272834e-07,0.46501183442328653
4,sedentary,light,light,0.7971428571428572,0.0,0.20285714285714285,0.6013805944338328,5.6318224217294374e-05,0.39856308734194973
4,sedentary,light,light,0.8057142857142857,0.0,0.19428571428571428,0.6318857079830809,0.00011786196142907213,0.3679964300554901
4,sedentary,light,light,0.5714285714285714,0.0,0.42857142857142855,0.5754949641158447,3.435370945159516e-05,0.42447068217470374
4,sedentary,sedentary,sedentary,0.18714285714285714,0.0,0.8128571428571428,0.3098264298567357,1.8541199834586203e-05,0.6901550289434297
4,sedentary,sedentary,sedentary,0.47714285714285715,0.0,0.5228571428571429,0.27639091343978234,4.411619719203906e-06,0.7236046749404985
4,sedentary,sedentary,sedentary,0.37285714285714283,0.0,0.6271428571428571,0.4800592254502557,0.0002502556086969139,0.5196905189410473
4,sedentary,light,sedentary,0.5357142857142857,0.0,0.4642857142857143,0.4525292124344481,0.00016323325269413036,0.5473075543128578
4,sedentary,sedentary,sedentary,0.49714285714285716,0.0,0.5028571428571429,0.4424930040523276,0.00016992283944591505,0.5573370731082266
4,sedentary,light,light,0.6771428571428572,0.0,0.32285714285714284,0.8419374212100073,0.00011825714269137493,0.15794432164730143
4,sedentary,light,light,0.85,0.0,0.15,0.6684600359283975,2.8283873607452503e-06,0.3315371356842417
4,sedentary,sedentary,sedentary,0.12571428571428572,0.08142857142857143,0.7928571428571428,0.012638873751724337,0.050864124684892306,0.9364970015633833
4,sedentary,sedentary,sedentary,0.13428571428571429,0.0,0.8657142857142858,0.019063089579008607,0.0006264171529634525,0.980310493268028
4,sedentary,sedentary,sedentary,0.012857142857142857,0.0,0.9871428571428571,0.002009962323979473,1.5538204724680536e-05,0.9979744994712959
4,sedentary,sedentary,sedentary,0.002857142857142857,0.0,0.9971428571428571,0.001215129896541011,1.8462982338487787e-07,0.9987846854736356
4,sedentary,sedentary,sedentary,0.0,0.0,1.0,0.002320519834990642,5.692092679351959e-06,0.99767378807233
4,sedentary,sedentary,sedentary,0.007142857142857143,0.0,0.9928571428571429,0.0008635633923383839,1.7126149413565813e-07,0.9991362653461674
4,sedentary,sedentary,sedentary,0.0,0.0,1.0,0.0010585615208241568,1.7005661038186044e-07,0.9989412684225655
4,sedentary,sedentary,sedentary,0.0,0.0,1.0,0.005523923825228169,1.020045476757276e-05,0.9944658757200043
4,sedentary,sedentary,sedentary,0.0,0.0,1.0,0.0011151186199589702,2.8497711575853523e-07,0.9988845964029253
4,sedentary,sedentary,sedentary,0.01,0.0,0.99,0.0024320948164574013,2.6437259399213173e-06,0.9975652614576026
4,sedentary,sedentary,sedentary,0.0014285714285714286,0.0,0.9985714285714286,0.004175304022497029,7.45566522595488e-07,0.9958239504109804
4,sedentary,sedentary,sedentary,0.005714285714285714,0.0,0.9942857142857143,0.0046941742071214985,4.564176915064163e-06,0.9953012616159634
4,sedentary,sedentary,sedentary,0.011428571428571429,0.0,0.9885714285714285,0.0018088525441335773,2.2014452907885928e-05,0.9981691330029585
4,sedentary,sedentary,sedentary,0.011428571428571429,0.0,0.9885714285714285,0.006679710207534618,9.172242912456551e-05,0.9932285673633408
4,sedentary,sedentary,sedentary,0.007142857142857143,0.0,0.9928571428571429,0.0335098034215448,1.1193535330057524e-05,0.9664790030431253
4,sedentary,sedentary,light,0.29,0.0,0.71,0.6034928720979001,7.207384132364957e-06,0.3964999205179675
4,sedentary,sedentary,sedentary,0.10142857142857142,0.002857142857142857,0.8957142857142857,0.2850352014192298,0.02013357810160846,0.6948312204791617
4,sedentary,sedentary,sedentary,0.06142857142857143,0.0,0.9385714285714286,0.05088617738421492,0.012573188599891677,0.9365406340158935
4,sedentary,sedentary,sedentary,0.027142857142857142,0.0,0.9728571428571429,0.0010239774181901664,0.00024756186418833313,0.9987284607176214
4,sedentary,sedentary,sedentary,0.0014285714285714286,0.0,0.9985714285714286,0.03141732574115519,1.4253657027470435e-05,0.9685684206018174
4,sedentary,sedentary,sedentary,0.0014285714285714286,0.0,0.9985714285714286,0.005585139541661868,9.483014274521883e-06,0.9944053774440637
4,sedentary,sedentary,sedentary,0.004285714285714286,0.0,0.9957142857142857,0.002607769373943142,3.651943712587335e-05,0.997355711188931
4,sedentary,sedentary,sedentary,0.004285714285714286,0.0,0.9957142857142857,0.0015190825914668047,4.866313851787852e-05,0.9984322542700153
4,sedentary,sedentary,sedentary,0.004285714285714286,0.0,0.9957142857142857,0.003833730712538742,4.201388353929665e-05,0.9961242554039219
4,sedentary,sedentary,sedentary,0.0014285714285714286,0.0,0.9985714285714286,0.01753735508407764,2.9129788715992255e-05,0.9824335151272063
4,sedentary,sedentary,sedentary,0.0014285714285714286,0.0,0.9985714285714286,0.00840524283529525,2.57498099009744e-05,0.9915690073548038
4,sedentary,sedentary,sedentary,0.002857142857142857,0.0,0.9971428571428571,0.0016176672265748417,2.0588174296154702e-07,0.9983821268916823
4,sedentary,sedentary,sedentary,0.005714285714285714,0.0,0.9942857142857143,0.005271223064909698,1.9512150140254137e-05,0.9947092647849501
4,sedentary,sedentary,sedentary,0.005714285714285714,0.0,0.9942857142857143,0.005644534596308279,3.4810870108847515e-05,0.9943206545335829
4,sedentary,sedentary,sedentary,0.02142857142857143,0.0,0.9785714285714285,0.016011851855168274,4.405462762225756e-05,0.9839440935172096
4,light,light,light,0.84,0.15,0.01,0.9976507887987516,0.00022966419901225394,0.0021195470022361946
4,light,light,light,0.9785714285714285,0.02142857142857143,0.0,0.995518745012627,0.00045047963350464706,0.004030775353868353
4,light,light,light,0.98,0.02,0.0,0.9972816884612004,0.0005353506534056749,0.0021829608853939993
4,light,light,light,0.9257142857142857,0.07285714285714286,0.0014285714285714286,0.9954362792681688,0.0005613889656574787,0.004002331766173793
4,light,light,light,0.9514285714285714,0.045714285714285714,0.002857142857142857,0.9959615793239996,0.0009865302669526236,0.0030518904090477104
4,light,light,light,0.8428571428571429,0.15285714285714286,0.004285714285714286,0.9920846944205441,0.005838321632138801,0.002076983947317047
4,light,light,light,0.9942857142857143,0.005714285714285714,0.0,0.9910697803063749,0.004151202364061503,0.0047790173295635075
4,light,light,light,0.99,0.01,0.0,0.987285714986595,0.00429812072706269,0.008416164286342351
4,light,light,light,0.9914285714285714,0.008571428571428572,0.0,0.9909275262061974,0.001785117599831855,0.007287356193970668
4,light,light,light,0.9857142857142858,0.012857142857142857,0.0014285714285714286,0.9827728642250437,0.0011731829801766723,0.016053952794779506
4,light,light,light,0.9942857142857143,0.004285714285714286,0.0014285714285714286,0.9969998538128542,0.0005100646773666282,0.0024900815097792894
4,light,light,light,0.9585714285714285,0.04,0.0014285714285714286,0.9923068537213092,0.0005831587919644544,0.00710998748672615
4,light,light,light,0.9985714285714286,0.0014285714285714286,0.0,0.9980572985669569,0.0003781502972666208,0.00156455113577651
4,light,light,light,0.9842857142857143,0.015714285714285715,0.0,0.9949938979685328,0.00035350878469915195,0.004652593246768252
4,light,light,light,0.9528571428571428,0.041428571428571426,0.005714285714285714,0.9870726807572329,0.00040135257251286275,0.012525966670254227
4,light,light,light,0.9771428571428571,0.02142857142857143,0.0014285714285714286,0.996634963082046,0.0004284751177511385,0.0029365618002030044
4,light,light,light,0.97,0.03,0.0,0.9942765847387705,0.0009813418658162674,0.004742073395413406
4,light,light,light,0.91,0.08857142857142856,0.0014285714285714286,0.9898899642076472,0.0014477872010077923,0.008662248591344904
4,light,light,light,0.9157142857142857,0.08285714285714285,0.0014285714285714286,0.990077749854949,0.0021251431864757276,0.007797106958575247
4,light,light,light,0.9657142857142857,0.03428571428571429,0.0,0.9919669459896385,0.0021851759044076583,0.005847878105953742
4,light,light,light,0.9714285714285714,0.02857142857142857,0.0,0.9912817004871955,0.0020810193491791447,0.006637280163625384
4,light,light,light,0.95,0.05,0.0,0.9876381179164377,0.002299313966410742,0.010062568117151413
4,light,light,light,0.95,0.05,0.0,0.9915954737371232,0.0030813726472503195,0.005323153615626489
4,light,light,light,0.9885714285714285,0.011428571428571429,0.0,0.9916299339024827,0.003465047725449297,0.004905018372068007
4,light,light,light,0.9657142857142857,0.03428571428571429,0.0,0.9781831198861398,0.005420587698839339,0.016396292415020743
4,light,light,light,0.9257142857142857,0.07428571428571429,0.0,0.9761756134197657,0.0022807391994447614,0.02154364738078958
4,light,light,light,1.0,0.0,0.0,0.9980612325768004,0.0004577283267382824,0.0014810390964612671
4,light,light,light,1.0,0.0,0.0,0.9960712863429383,0.0011220512118966194,0.002806662445165019
4,light,light,light,0.9571428571428572,0.04285714285714286,0.0,0.9959961688906313,0.0010902669529731768,0.002913564156395756
4,light,light,light,0.98,0.02,0.0,0.9925456372582957,0.0010018606488161274,0.006452502092888031
4,light,light,light,0.9414285714285714,0.05857142857142857,0.0,0.9881709914187011,0.000928829937209182,0.010900178644089657
4,moderate-vigorous,moderate-vigorous,moderate-vigorous,0.054285714285714284,0.9442857142857143,0.0014285714285714286,0.047502368899698576,0.9523395316457586,0.00015809945454293357
4,moderate-vigorous,moderate-vigorous,moderate-vigorous,0.08142857142857143,0.9157142857142857,0.002857142857142857,0.4408355818648898,0.5161617676105626,0.04300265052454756
4,moderate-vigorous,moderate-vigorous,moderate-vigorous,0.05857142857142857,0.94,0.0014285714285714286,0.1710499515364324,0.8287951494592589,0.00015489900430865506
4,moderate-vigorous,moderate-vigorous,moderate-vigorous,0.11285714285714285,0.8757142857142857,0.011428571428571429,0.48133096557543426,0.5173089986729934,0.0013600357515723875
4,moderate-vigorous,moderate-vigorous,light,0.025714285714285714,0.9714285714285714,0.002857142857142857,0.5586197981271767,0.4412482511239761,0.00013195074884730218
4,moderate-vigorous,moderate-vigorous,light,0.19714285714285715,0.7928571428571428,0.01,0.5463664533584022,0.4029552599526592,0.050678286688938666
4,moderate-vigorous,moderate-vigorous,moderate-vigorous,0.05857142857142857,0.93,0.011428571428571429,0.05396285172938598,0.9382107601130013,0.007826388157612673
4,moderate-vigorous,moderate-vigorous,moderate-vigorous,0.032857142857142856,0.96,0.007142857142857143,0.0584472196491333,0.9363277739136027,0.005225006437264034
4,moderate-vigorous,moderate-vigorous,light,0.4442857142857143,0.5528571428571428,0.002857142857142857,0.9363078133787556,0.061719665007889814,0.001972521613354732
4,moderate-vigorous,moderate-vigorous,moderate-vigorous,0.37714285714285717,0.62,0.002857142857142857,0.42178615929714985,0.5768196013968306,0.001394239306019594
4,moderate-vigorous,moderate-vigorous,moderate-vigorous,0.054285714285714284,0.9457142857142857,0.0,0.04154248996025031,0.9565187571062093,0.0019387529335403019
4,moderate-vigorous,moderate-vigorous,light,0.2042857142857143,0.7942857142857143,0.0014285714285714286,0.8425456000443821,0.15608533266505747,0.001369067290560447
4,moderate-vigorous,moderate-vigorous,moderate-vigorous,0.09714285714285714,0.9028571428571428,0.0,0.27126615067410587,0.7274903585287849,0.0012434907971092992
4,moderate-vigorous,moderate-vigorous,moderate-vigorous,0.037142857142857144,0.9628571428571429,0.0,0.22380751882623517,0.7761083319234678,8.414925029703887e-05
4,moderate-vigorous,moderate-vigorous,moderate-vigorous,0.10142857142857142,0.8985714285714286,0.0,0.17695673873746565,0.8230372106201638,6.0506423704638245e-06
4,moderate-vigorous,moderate-vigorous,moderate-vigorous,0.06285714285714286,0.9371428571428572,0.0,0.2595406332167599,0.7402748509088154,0.00018451587442478684
4,moderate-vigorous,moderate-vigorous,moderate-vigorous,0.08285714285714285,0.9171428571428571,0.0,0.019301603336452575,0.9806858598778155,1.2536785731763554e-05
4,moderate-vigorous,moderate-vigorous,moderate-vigorous,0.12,0.8742857142857143,0.005714285714285714,0.2020567212920503,0.7959065959283105,0.0020366827796392786
4,moderate-vigorous,moderate-vigorous,moderate-vigorous,0.05714285714285714,0.9428571428571428,0.0,0.11813295711045622,0.8804746937109398,0.0013923491786039617
4,moderate-vigorous,moderate-vigorous,moderate-vigorous,0.047142857142857146,0.9528571428571428,0.0,0.0882599592708911,0.9113726785798583,0.0003673621492506579
4,moderate-vigorous,moderate-vigorous,moderate-vigorous,0.10142857142857142,0.8985714285714286,0.0,0.107421724331887,0.8915954590283862,0.000982816639726745
4,moderate-vigorous,moderate-vigorous,moderate-vigorous,0.1357142857142857,0.86,0.004285714285714286,0.07123091157949703,0.9287505928785117,1.8495541991412696e-05
4,moderate-vigorous,moderate-vigorous,moderate-vigorous,0.03,0.97,0.0,0.013402495927628147,0.9865834197606067,1.4084311765264363e-05
4,moderate-vigorous,moderate-vigorous,moderate-vigorous,0.04285714285714286,0.9571428571428572,0.0,0.1566027657929264,0.8432184825169099,0.00017875169016354694
4,moderate-vigorous,moderate-vigorous,moderate-vigorous,0.06428571428571428,0.9342857142857143,0.0014285714285714286,0.05237984282538943,0.9459763185689332,0.0016438386056772808
4,moderate-vigorous,moderate-vigorous,moderate-vigorous,0.05,0.9485714285714286,0.0014285714285714286,0.04963476749195882,0.9461628379252345,0.004202394582806602
4,moderate-vigorous,moderate-vigorous,moderate-vigorous,0.005714285714285714,0.9942857142857143,0.0,0.0725237659404635,0.9266519556097935,0.000824278449742983
4,moderate-vigorous,moderate-vigorous,moderate-vigorous,0.004285714285714286,0.9957142857142857,0.0,0.07499738765387721,0.9219555572288803,0.003047055117242361
4,moderate-vigorous,moderate-vigorous,moderate-vigorous,0.012857142857142857,0.9871428571428571,0.0,0.1829512336593986,0.8154102899395602,0.0016384764010412183
4,moderate-vigorous,moderate-vigorous,moderate-vigorous,0.03857142857142857,0.96,0.0014285714285714286,0.1674867455886649,0.82798037809994,0.004532876311395197
4,moderate-vigorous,moderate-vigorous,moderate-vigorous,0.1,0.8985714285714286,0.0014285714285714286,0.32955471561942634,0.6149263194439152,0.05551896493665849
4,moderate-vigorous,moderate-vigorous,moderate-vigorous,0.025714285714285714,0.9742857142857143,0.0,0.2055387338628875,0.7929281932391594,0.0015330728979530376
4,moderate-vigorous,moderate-vigorous,moderate-vigorous,0.02,0.98,0.0,0.1190683560360227,0.8801570570307491,0.000774586933228097
4,moderate-vigorous,moderate-vigorous,moderate-vigorous,0.07714285714285714,0.92,0.002857142857142857,0.29497008360090765,0.6955192682220499,0.009510648177042393
4,moderate-vigorous,moderate-vigorous,moderate-vigorous,0.024285714285714285,0.9757142857142858,0.0,0.0067160288831770165,0.9928801312713759,0.0004038398454470673
4,moderate-vigorous,moderate-vigorous,moderate-vigorous,0.01,0.9871428571428571,0.002857142857142857,0.004099260348142851,0.9956416983009075,0.000259041350949602
4,moderate-vigorous,moderate-vigorous,moderate-vigorous,0.014285714285714285,0.9857142857142858,0.0,0.06154300189305712,0.9382636662076652,0.00019333189927745045
4,moderate-vigorous,light,light,0.69,0.31,0.0,0.5316895883900796,0.4676804603412251,0.0006299512686951635
4,moderate-vigorous,moderate-vigorous,moderate-vigorous,0.025714285714285714,0.9742857142857143,0.0,0.053304347124055365,0.9444555605966625,0.0022400922792821924
4,moderate-vigorous,moderate-vigorous,moderate-vigorous,0.054285714285714284,0.9457142857142857,0.0,0.05863969323259709,0.9397184429997931,0.001641863767609639
4,moderate-vigorous,moderate-vigorous,moderate-vigorous,0.02,0.98,0.0,0.04635717467325094,0.952915924619203,0.0007269007075460343
4,moderate-vigorous,moderate-vigorous,moderate-vigorous,0.10714285714285714,0.8928571428571429,0.0,0.1769367377329003,0.8215679283405637,0.0014953339265360046
4,moderate-vigorous,moderate-vigorous,moderate-vigorous,0.05,0.95,0.0,0.10517279588262204,0.8938624136004356,0.0009647905169421677
4,moderate-vigorous,moderate-vigorous,moderate-vigorous,0.01,0.99,0.0,0.06286171696656685,0.9371232449490291,1.5038084403950813e-05
4,moderate-vigorous,moderate-vigorous,moderate-vigorous,0.007142857142857143,0.9928571428571429,0.0,0.041239770842085195,0.9587336665608219,2.656259709273783e-05
4,moderate-vigorous,moderate-vigorous,moderate-vigorous,0.005714285714285714,0.9942857142857143,0.0,0.1081663673570879,0.8897761551791665,0.002057477463745543
4,moderate-vigorous,moderate-vigorous,moderate-vigorous,0.02,0.98,0.0,0.06867333298837915,0.9308803728920679,0.00044629411955290514
4,moderate-vigorous,moderate-vigorous,moderate-vigorous,0.008571428571428572,0.99,0.0014285714285714286,0.040300991900496935,0.9594206388645653,0.00027836923493768193
4,moderate-vigorous,moderate-vigorous,moderate-vigorous,0.011428571428571429,0.9885714285714285,0.0,0.07298636058616126,0.9254061781037125,0.0016074613101262794
4,moderate-vigorous,moderate-vigorous,moderate-vigorous,0.02857142857142857,0.9714285714285714,0.0,0.06337301178758567,0.9357553404687996,0.0008716477436147921
4,moderate-vigorous,moderate-vigorous,moderate-vigorous,0.01,0.99,0.0,0.0793604586864397,0.9200051523332233,0.0006343889803368744
4,light,sedentary,light,0.2742857142857143,0.02142857142857143,0.7042857142857143,0.9693824717609864,0.0018388124639442047,0.028778715775069443
4,light,sedentary,sedentary,0.15,0.0,0.85,0.04439785277635436,0.0026621219957085043,0.9529400252279372
4,light,sedentary,sedentary,0.27285714285714285,0.0,0.7271428571428571,0.3094345463268925,0.0011404109330061087,0.6894250427401014
4,light,sedentary,sedentary,0.26857142857142857,0.0,0.7314285714285714,0.19578458063124954,0.002180063737485876,0.8020353556312646
4,light,light,light,0.8671428571428571,0.0,0.13285714285714287,0.6721226867327685,3.761523231161316e-05,0.3278396980349198
4,light,light,light,0.8585714285714285,0.0,0.14142857142857143,0.5174119815961823,0.0004843027288113409,0.4821037156750063
4,light,light,light,0.6357142857142857,0.0,0.36428571428571427,0.6797213756430728,4.8565467393240396e-05,0.3202300588895341
4,light,sedentary,light,0.49,0.0,0.51,0.5971332454710339,6.669082528266062e-06,0.40286008544643775
4,light,sedentary,sedentary,0.3385714285714286,0.0,0.6614285714285715,0.4499237778974263,1.8302255814129776e-05,0.5500579198467596
4,light,sedentary,sedentary,0.4471428571428571,0.0,0.5528571428571428,0.4484656953685975,8.641885197081522e-06,0.5515256627462054
4,light,light,light,0.64,0.0,0.36,0.6528060569993538,4.0113106404707e-05,0.34715382989424143
4,light,light,sedentary,0.7528571428571429,0.0,0.24714285714285714,0.46844586708461733,5.6902264449574765e-05,0.5314972306509332
4,light,light,light,0.6314285714285715,0.0,0.36857142857142855,0.5142184679555591,0.00013902005260967427,0.4856425119918311
4,light,light,sedentary,0.53,0.0,0.47,0.4119538502453934,0.00222066289915861,0.585825486855448
4,light,sedentary,sedentary,0.27285714285714285,0.0,0.7271428571428571,0.23457779442923404,0.0008301611202017266,0.7645920444505642
4,light,light,light,0.7442857142857143,0.0,0.2557142857142857,0.9836596671927385,5.9189908707668246e-06,0.01633441381639062
4,light,sedentary,light,0.36714285714285716,0.002857142857142857,0.63,0.988531920864554,9.071805886226648e-06,0.01145900732955982
4,light,sedentary,sedentary,0.37,0.0,0.63,0.12441294019378946,0.0008415327607676498,0.8747455270454428
4,light,light,light,0.8042857142857143,0.0,0.1957142857142857,0.8679755343634558,0.00035673833803858226,0.13166772729850565
4,light,light,light,0.8585714285714285,0.0,0.14142857142857143,0.626960036829836,0.000572329451437074,0.372467633718727
4,light,light,light,0.7985714285714286,0.0,0.20142857142857143,0.6786552910561413,0.000351503699924895,0.3209932052439338
4,light,light,light,0.8771428571428571,0.0,0.12285714285714286,0.6748231501716458,0.00025056806559124045,0.3249262817627629
4,light,light,light,0.86,0.0,0.14,0.7928330421198854,6.689622520265231e-05,0.2071000616549119
4,light,light,sedentary,0.6042857142857143,0.0,0.39571428571428574,0.4601720621215615,0.0005591773990117491,0.5392687604794268
4,light,sedentary,sedentary,0.4185714285714286,0.0,0.5814285714285714,0.32147953350323555,0.015338845687905778,0.6631816208088586
4,light,sedentary,sedentary,0.4828571428571429,0.0,0.5171428571428571,0.3574733528255303,0.024377506349540855,0.6181491408249289
4,light,light,sedentary,0.5171428571428571,0.0,0.4828571428571429,0.44755821038660343,0.0004304383825947596,0.5520113512308018
4,light,sedentary,sedentary,0.3985714285714286,0.0,0.6014285714285714,0.37531853066905063,0.0005467992591299932,0.6241346700718193
4,sedentary,sedentary,sedentary,0.07571428571428572,0.01,0.9142857142857143,0.0012359855540840514,0.04354386684644615,0.9552201475994699
4,sedentary,sedentary,sedentary,0.15857142857142856,0.0,0.8414285714285714,0.07616023030768589,0.00047992518203720836,0.9233598445102769
4,sedentary,sedentary,sedentary,0.06142857142857143,0.0,0.9385714285714286,0.004102703879649983,0.0023520657747579405,0.9935452303455921
4,sedentary,sedentary,sedentary,0.06428571428571428,0.0,0.9357142857142857,0.016355933278545547,0.002751859615425281,0.9808922071060293
4,sedentary,sedentary,sedentary,0.19428571428571428,0.0,0.8057142857142857,0.12293719385500107,0.001416463738376377,0.8756463424066226
4,sedentary,sedentary,sedentary,0.43714285714285717,0.0,0.5628571428571428,0.15002262348546677,2.218406598618652e-05,0.849955192448547
4,sedentary,sedentary,sedentary,0.20714285714285716,0.0,0.7928571428571428,0.04621280301058846,0.00028672015620279177,0.9535004768332087
4,sedentary,sedentary,sedentary,0.31,0.0,0.69,0.23801043337898095,5.315400389935565e-05,0.7619364126171196
4,sedentary,light,sedentary,0.7014285714285714,0.0,0.2985714285714286,0.4828645462466431,0.0004204474053667967,0.5167150063479901
4,sedentary,sedentary,sedentary,0.2557142857142857,0.0,0.7442857142857143,0.12583529778990385,0.000580436875300819,0.8735842653347954
4,sedentary,sedentary,sedentary,0.20285714285714285,0.0,0.7971428571428572,0.15151494963207898,0.0008717618764975524,0.8476132884914235
4,sedentary,sedentary,sedentary,0.01,0.0,0.99,0.017492220588121502,0.001364484723046905,0.9811432946888315
4,sedentary,sedentary,sedentary,0.01,0.0,0.99,0.03001864204655454,0.002480075798295594,0.9675012821551499
4,sedentary,sedentary,sedentary,0.024285714285714285,0.0,0.9757142857142858,0.039099138661757446,0.0014308828858026115,0.95946997845244
4,sedentary,sedentary,light,0.37,0.004285714285714286,0.6257142857142857,0.7323707306323444,0.03593735666002711,0.23169191270762862
4,sedentary,sedentary,sedentary,0.30857142857142855,0.0,0.6914285714285714,0.07039294810379829,0.0010799589974989667,0.9285270928987027
4,sedentary,light,light,0.8228571428571428,0.0,0.17714285714285713,0.6706530399931147,0.00011489635266997068,0.3292320636542154
4,sedentary,light,sedentary,0.8057142857142857,0.0,0.19428571428571428,0.43992412467437375,7.213430678622623e-06,0.5600686618949476
4,sedentary,light,light,0.85,0.0,0.15,0.8192177972520858,6.84673093371041e-05,0.18071373543857722
4,sedentary,light,light,0.6442857142857142,0.0,0.3557142857142857,0.9007094693913712,3.9811182960468094e-05,0.0992507194256684
4,sedentary,sedentary,sedentary,0.41,0.0,0.59,0.4838281753977555,3.212057725881629e-05,0.5161397040249855
4,sedentary,sedentary,light,0.44,0.0,0.56,0.5798279904659389,0.00016303087288001836,0.42000897866118103
4,sedentary,light,light,0.5557142857142857,0.0,0.4442857142857143,0.6164130574330664,0.00014718009749061843,0.3834397624694429
4,sedentary,light,light,0.7071428571428572,0.002857142857142857,0.29,0.7784623050928419,0.003228783080277168,0.21830891182688103
4,sedentary,light,light,0.7671428571428571,0.0014285714285714286,0.23142857142857143,0.7176733812522832,0.00107282367710558,0.28125379507061127
4,sedentary,light,light,0.8971428571428571,0.0,0.10285714285714286,0.8958669900162505,0.00015237009592431437,0.10398063988782535
4,sedentary,sedentary,sedentary,0.09,0.1457142857142857,0.7642857142857142,0.004107373932607926,0.1356209161453428,0.8602717099220493
4,sedentary,sedentary,sedentary,0.024285714285714285,0.0,0.9757142857142858,0.00529673013177918,0.001448714011899607,0.9932545558563213
4,sedentary,sedentary,sedentary,0.11428571428571428,0.0,0.8857142857142857,0.008991408582128463,1.4768749137694447e-06,0.9910071145429579
4,sedentary,sedentary,sedentary,0.29428571428571426,0.0,0.7057142857142857,0.11740156263374625,1.047715674088103e-05,0.8825879602095129
4,sedentary,light,sedentary,0.5928571428571429,0.0,0.40714285714285714,0.3921202228129288,8.529253656480607e-06,0.6078712479334147
4,sedentary,light,light,0.66,0.0,0.34,0.5037852431987817,2.923309448920648e-07,0.4962144644702733
4,sedentary,sedentary,sedentary,0.1957142857142857,0.0,0.8042857142857143,0.10240633030529128,9.768919924303045e-05,0.8974959804954658
4,sedentary,sedentary,sedentary,0.005714285714285714,0.0,0.9942857142857143,0.024283182163578994,1.8720525456732914e-05,0.9756980973109642
4,sedentary,sedentary,sedentary,0.11857142857142858,0.0,0.8814285714285715,0.07949831068471011,4.2074754525004234e-05,0.920459614560765
4,sedentary,sedentary,sedentary,0.014285714285714285,0.0,0.9857142857142858,0.0025534425941628872,6.291006830678779e-05,0.9973836473375303
4,sedentary,sedentary,sedentary,0.005714285714285714,0.0,0.9942857142857143,0.005788642131389411,0.00010275342238347123,0.9941086044462272
4,sedentary,light,light,0.5242857142857142,0.0,0.4757142857142857,0.624822936555905,1.4343067039846913e-08,0.3751770491010281
4,sedentary,sedentary,sedentary,0.027142857142857142,0.0,0.9728571428571429,0.030051677954049744,0.0575276389472016,0.9124206830987487
4,sedentary,sedentary,sedentary,0.047142857142857146,0.0,0.9528571428571428,0.0014057726963164928,0.010225400571025755,0.9883688267326578
4,sedentary,sedentary,sedentary,0.005714285714285714,0.0,0.9942857142857143,0.007098375557059676,0.00028012413591945985,0.9926215003070209
4,sedentary,sedentary,sedentary,0.007142857142857143,0.0,0.9928571428571429,0.00931727150165557,0.00013290826787500714,0.9905498202304693
4,sedentary,sedentary,sedentary,0.05,0.0,0.95,0.17145836097703465,2.1831278036269607e-05,0.8285198077449292
4,sedentary,sedentary,sedentary,0.022857142857142857,0.0,0.9771428571428571,0.24467768294815487,4.0954423484518896e-07,0.7553219075076103
4,sedentary,sedentary,sedentary,0.007142857142857143,0.0,0.9928571428571429,0.06539929948407881,6.4248812668525e-08,0.9346006362671084
4,sedentary,sedentary,sedentary,0.008571428571428572,0.0,0.9914285714285714,0.16690262498656114,7.135865188277952e-06,0.8330902391482506
4,sedentary,sedentary,sedentary,0.007142857142857143,0.0,0.9928571428571429,0.06940030190655118,2.617886668666118e-05,0.9305735192267622
4,sedentary,sedentary,sedentary,0.004285714285714286,0.0,0.9957142857142857,0.021597685554697293,1.1892727622028902e-05,0.9783904217176806
4,sedentary,sedentary,sedentary,0.018571428571428572,0.0,0.9814285714285714,0.15528209519789035,7.85200564497847e-05,0.8446393847456598
4,sedentary,sedentary,sedentary,0.08714285714285715,0.0,0.9128571428571428,0.2895670627005112,2.1707148051019792e-05,0.7104112301514377
4,light,light,light,0.8728571428571429,0.12142857142857143,0.005714285714285714,0.9741621399545096,0.008617600656874827,0.017220259388615673
4,light,light,light,0.84,0.15714285714285714,0.002857142857142857,0.9751961612854427,0.010209475955855156,0.01459436275870215
4,light,light,light,0.95,0.04857142857142857,0.0014285714285714286,0.9601630786247344,0.014703916533878892,0.02513300484138667
4,light,light,light,0.9228571428571428,0.07571428571428572,0.0014285714285714286,0.9745837688546467,0.01609120650446743,0.009325024640885766
4,light,light,light,0.9057142857142857,0.09428571428571429,0.0,0.9425024519296281,0.04323056769554392,0.014266980374827988
4,light,light,light,0.9028571428571428,0.09571428571428571,0.0014285714285714286,0.9144657164796344,0.04258539258041855,0.04294889093994705
4,light,light,light,0.8914285714285715,0.10571428571428572,0.002857142857142857,0.9409012458488282,0.014109681789789677,0.04498907236138221
4,light,light,light,0.7414285714285714,0.24857142857142858,0.01,0.929529115204644,0.01307819440021885,0.0573926903951372
4,light,light,light,0.9014285714285715,0.09571428571428571,0.002857142857142857,0.9570577057814177,0.02958144868063774,0.013360845537944513
4,light,light,light,0.8914285714285715,0.10428571428571429,0.004285714285714286,0.9582364570613422,0.023809513586597723,0.017954029352060065
4,light,light,light,0.7528571428571429,0.24142857142857144,0.005714285714285714,0.9610394998557396,0.021343329237012848,0.017617170907247622
4,light,light,light,0.7457142857142857,0.24857142857142858,0.005714285714285714,0.9379635939738414,0.025469132701084994,0.03656727332507337
4,light,light,light,0.8885714285714286,0.11,0.0014285714285714286,0.9752421017941882,0.01624247994435484,0.008515418261457002
4,light,light,light,0.9071428571428571,0.08857142857142856,0.004285714285714286,0.9625116117595014,0.022214158892549987,0.01527422934794874
4,light,light,light,0.9557142857142857,0.04,0.004285714285714286,0.9644835203720113,0.013020293072364264,0.022496186555624326
4,light,light,light,0.8685714285714285,0.12714285714285714,0.004285714285714286,0.9681109757096422,0.02391940912806256,0.007969615162295243
4,light,light,light,0.7571428571428571,0.23714285714285716,0.005714285714285714,0.8924569481132132,0.07958450503707215,0.02795854684971461
4,light,light,light,0.9314285714285714,0.06857142857142857,0.0,0.894657051133316,0.09900221719334339,0.006340731673340462
4,light,light,light,0.9028571428571428,0.09428571428571429,0.002857142857142857,0.9685866652543631,0.02336171962707505,0.008051615118561907
4,light,light,light,0.91,0.09,0.0,0.9717288221826939,0.025922316241606156,0.0023488615757001276
4,light,light,light,0.9614285714285714,0.03857142857142857,0.0,0.972026620291521,0.025577877036909075,0.0023955026715700143
4,light,light,light,0.92,0.08,0.0,0.9692078728596835,0.017907382078857236,0.012884745061459434
4,light,light,light,0.8928571428571429,0.10571428571428572,0.0014285714285714286,0.9845822475709066,0.006993898735669949,0.008423853693423477
4,light,light,light,0.9528571428571428,0.047142857142857146,0.0,0.9766271149447366,0.018587798805612708,0.004785086249650553
4,light,light,light,0.9514285714285714,0.047142857142857146,0.0014285714285714286,0.9635057873155938,0.0303096715098568,0.0061845411745493194
4,light,light,light,0.9328571428571428,0.06714285714285714,0.0,0.965684161176611,0.018979859855387825,0.015335978968000938
4,light,light,light,0.8614285714285714,0.1357142857142857,0.002857142857142857,0.9653497112858189,0.02215182355122441,0.01249846516295669
4,light,light,light,0.8171428571428572,0.17714285714285713,0.005714285714285714,0.9230236253872514,0.05868831389996515,0.018288060712783584
4,light,light,light,0.99,0.008571428571428572,0.0014285714285714286,0.9662989654859389,0.01145087913893644,0.02225015537512481
4,moderate-vigorous,moderate-vigorous,moderate-vigorous,0.004285714285714286,0.9957142857142857,0.0,0.08397712658319334,0.9160181062575316,4.767159275048564e-06
4,moderate-vigorous,moderate-vigorous,moderate-vigorous,0.11857142857142858,0.8814285714285715,0.0,0.17304059243052683,0.8269120468597303,4.73607097428885e-05
4,moderate-vigorous,moderate-vigorous,moderate-vigorous,0.07714285714285714,0.9228571428571428,0.0,0.4760676696725853,0.5239127496292376,1.958069817700011e-05
4,moderate-vigorous,moderate-vigorous,moderate-vigorous,0.005714285714285714,0.9942857142857143,0.0,0.06652366653326498,0.9334107890703541,6.554439638092146e-05
4,moderate-vigorous,moderate-vigorous,light,0.08142857142857143,0.9185714285714286,0.0,0.5028215221769385,0.49213998817283433,0.005038489650227193
4,moderate-vigorous,moderate-vigorous,moderate-vigorous,0.032857142857142856,0.9671428571428572,0.0,0.045727737235801244,0.9541337813026177,0.0001384814615810407
4,moderate-vigorous,moderate-vigorous,moderate-vigorous,0.03142857142857143,0.9685714285714285,0.0,0.026963346972270128,0.9730326553659115,3.997661818430531e-06
4,moderate-vigorous,moderate-vigorous,moderate-vigorous,0.002857142857142857,0.9971428571428571,0.0,0.023523328305051664,0.976475883474378,7.882205703441198e-07
4,moderate-vigorous,moderate-vigorous,moderate-vigorous,0.008571428571428572,0.9914285714285714,0.0,0.11962383963566225,0.8803588577446209,1.7302619716998754e-05
4,moderate-vigorous,moderate-vigorous,moderate-vigorous,0.03857142857142857,0.9614285714285714,0.0,0.04671271492453251,0.9532442864973529,4.299857811436205e-05
4,moderate-vigorous,moderate-vigorous,moderate-vigorous,0.024285714285714285,0.9757142857142858,0.0,0.33417517287048193,0.6657279064700085,9.692065950946593e-05
4,moderate-vigorous,moderate-vigorous,moderate-vigorous,0.015714285714285715,0.9842857142857143,0.0,0.3460344618734577,0.6539635917153647,1.946411177691306e-06
4,moderate-vigorous,moderate-vigorous,moderate-vigorous,0.012857142857142857,0.9871428571428571,0.0,0.41437870560004225,0.5856161928998999,5.101500057936511e-06
4,moderate-vigorous,moderate-vigorous,moderate-vigorous,0.015714285714285715,0.9842857142857143,0.0,0.4551757992722042,0.5446836027128233,0.00014059801497239588
4,moderate-vigorous,moderate-vigorous,moderate-vigorous,0.02142857142857143,0.9785714285714285,0.0,0.012845273467762649,0.987150345976117,4.3805561202919825e-06
4,moderate-vigorous,moderate-vigorous,moderate-vigorous,0.022857142857142857,0.9771428571428571,0.0,0.03018399825964196,0.9698023117649537,1.3689975404252027e-05
4,moderate-vigorous,moderate-vigorous,moderate-vigorous,0.03142857142857143,0.9685714285714285,0.0,0.03214347547619297,0.9678457432437545,1.0781280052534296e-05
4,moderate-vigorous,moderate-vigorous,moderate-vigorous,0.015714285714285715,0.9842857142857143,0.0,0.39091574059128215,0.6090814557833217,2.803625396091477e-06
4,moderate-vigorous,moderate-vigorous,moderate-vigorous,0.05,0.95,0.0,0.15495387814683534,0.8450366747237612,9.44712940345158e-06
4,moderate-vigorous,moderate-vigorous,moderate-vigorous,0.03428571428571429,0.9657142857142857,0.0,0.21923244339607348,0.7807108310124325,5.672559149399126e-05
4,moderate-vigorous,moderate-vigorous,moderate-vigorous,0.032857142857142856,0.9614285714285714,0.005714285714285714,0.04245133748095533,0.9575466569027228,2.005616321993804e-06
4,moderate-vigorous,moderate-vigorous,moderate-vigorous,0.02857142857142857,0.9714285714285714,0.0,0.0633897152156174,0.9365986551957283,1.1629588654334863e-05
4,moderate-vigorous,moderate-vigorous,moderate-vigorous,0.01,0.99,0.0,0.0361827476435257,0.9637719383434858,4.531401298844784e-05
4,moderate-vigorous,moderate-vigorous,moderate-vigorous,0.07428571428571429,0.9257142857142857,0.0,0.12345477048933795,0.8756927186779621,0.0008525108326998904
4,moderate-vigorous,moderate-vigorous,moderate-vigorous,0.02,0.98,0.0,0.02409048420982088,0.9754246428769084,0.00048487291327056585
4,moderate-vigorous,moderate-vigorous,moderate-vigorous,0.27714285714285714,0.7214285714285714,0.0014285714285714286,0.06942333633407688,0.9289256009183147,0.0016510627476085556
4,moderate-vigorous,moderate-vigorous,moderate-vigorous,0.06,0.94,0.0,0.07530933838982996,0.9232089197765228,0.0014817418336472898
4,moderate-vigorous,moderate-vigorous,moderate-vigorous,0.03,0.97,0.0,0.06747853936363482,0.9314852937321703,0.0010361669041949087
4,moderate-vigorous,moderate-vigorous,moderate-vigorous,0.1757142857142857,0.8242857142857143,0.0,0.205362803704164,0.7928564193794578,0.0017807769163783029
4,moderate-vigorous,moderate-vigorous,moderate-vigorous,0.17142857142857143,0.8285714285714286,0.0,0.3180263017029581,0.6754348284650676,0.006538869831974324
4,moderate-vigorous,moderate-vigorous,moderate-vigorous,0.06285714285714286,0.93,0.007142857142857143,0.05777206829504478,0.9422155146684864,1.2417036468874566e-05
4,moderate-vigorous,moderate-vigorous,moderate-vigorous,0.07,0.93,0.0,0.19240179138412236,0.8074735013240916,0.00012470729178609504
4,moderate-vigorous,moderate-vigorous,moderate-vigorous,0.05,0.95,0.0,0.06661276980051391,0.9331919407577622,0.0001952894417238855
4,moderate-vigorous,moderate-vigorous,moderate-vigorous,0.14857142857142858,0.85,0.0014285714285714286,0.06781751891254129,0.9315954251143963,0.0005870559730623479
4,moderate-vigorous,moderate-vigorous,moderate-vigorous,0.06571428571428571,0.9342857142857143,0.0,0.052042312328657046,0.9464644861187388,0.0014932015526041898
4,moderate-vigorous,moderate-vigorous,moderate-vigorous,0.4014285714285714,0.5985714285714285,0.0,0.20282694025396794,0.7956478018264969,0.0015252579195352118
4,moderate-vigorous,moderate-vigorous,light,0.4185714285714286,0.5814285714285714,0.0,0.607030940757402,0.3844879523061561,0.008481106936441806
4,moderate-vigorous,moderate-vigorous,moderate-vigorous,0.09285714285714286,0.9071428571428571,0.0,0.14274112587423007,0.8539392416630978,0.0033196324626719956
4,moderate-vigorous,moderate-vigorous,moderate-vigorous,0.3342857142857143,0.6628571428571428,0.002857142857142857,0.2411792242560712,0.7587850191225401,3.575662138875809e-05
4,moderate-vigorous,light,light,0.5071428571428571,0.4928571428571429,0.0,0.6324303071889972,0.36626123078301476,0.0013084620279881659
4,moderate-vigorous,moderate-vigorous,moderate-vigorous,0.17142857142857143,0.8285714285714286,0.0,0.15781436496360418,0.8417470010569174,0.00043863397947854115
4,moderate-vigorous,moderate-vigorous,moderate-vigorous,0.21285714285714286,0.7871428571428571,0.0,0.23182366034057084,0.7675557337249408,0.0006206059344883283
4,moderate-vigorous,moderate-vigorous,moderate-vigorous,0.20714285714285716,0.7914285714285715,0.0014285714285714286,0.15087019760149523,0.8473249240252864,0.0018048783732183653
4,moderate-vigorous,moderate-vigorous,moderate-vigorous,0.4,0.6,0.0,0.23091120393998957,0.7662045391958381,0.0028842568641723808
4,moderate-vigorous,moderate-vigorous,moderate-vigorous,0.20714285714285716,0.7928571428571428,0.0,0.4548206410591832,0.5435747087548056,0.001604650186011342
4,moderate-vigorous,moderate-vigorous,moderate-vigorous,0.4585714285714286,0.5414285714285715,0.0,0.29389832376908825,0.7039310453014582,0.002170630929453518
9,light,light,light,0.6057142857142858,0.0014285714285714286,0.39285714285714285,0.8293007769823424,0.000742476745543978,0.16995674627211355
9,light,sedentary,sedentary,0.23285714285714285,0.0,0.7671428571428571,0.46571717277076774,0.0023300351999085743,0.5319527920293237
9,light,sedentary,sedentary,0.18142857142857144,0.0,0.8185714285714286,0.4978613118091899,8.293968379709332e-05,0.502055748507013
9,light,sedentary,sedentary,0.24285714285714285,0.0,0.7571428571428571,0.20256325052296745,0.00010964154524033762,0.7973271079317922
9,light,sedentary,sedentary,0.28714285714285714,0.0,0.7128571428571429,0.167157125677988,2.5702619556451785e-05,0.8328171717024555
9,light,sedentary,sedentary,0.2757142857142857,0.0,0.7242857142857143,0.12805705732365213,9.355609004471977e-06,0.8719335870673434
9,light,sedentary,sedentary,0.2342857142857143,0.0,0.7657142857142857,0.3864402897815057,1.8258563458342007e-05,0.6135414516550359
9,light,sedentary,sedentary,0.041428571428571426,0.0,0.9585714285714285,0.19463350501026405,5.006154967717696e-05,0.8053164334400588
9,light,sedentary,sedentary,0.09,0.0,0.91,0.4902451178246929,7.78325875131432e-06,0.5097470989165559
9,light,sedentary,sedentary,0.08428571428571428,0.0,0.9157142857142857,0.4302658414641755,8.499444093762892e-06,0.5697256590917307
9,light,light,light,0.66,0.0,0.34,0.907883430844612,1.6429590045428514e-05,0.09210013956534271
9,light,light,light,0.5271428571428571,0.0,0.47285714285714286,0.7127840953532211,0.00015365651705644053,0.2870622481297225
9,light,sedentary,sedentary,0.10142857142857142,0.0,0.8985714285714286,0.44631119793993557,2.0730113664359967e-05,0.5536680719464001
9,light,sedentary,sedentary,0.45714285714285713,0.0,0.5428571428571428,0.4108714795601719,3.861562124280373e-05,0.5890899048185853
9,light,sedentary,sedentary,0.3942857142857143,0.0,0.6057142857142858,0.2473366969337327,0.00016702815317162184,0.7524962749130957
9,light,sedentary,sedentary,0.13428571428571429,0.0,0.8657142857142858,0.21116147847523853,0.0003744318764519486,0.7884640896483094
9,light,sedentary,sedentary,0.1357142857142857,0.0,0.8642857142857143,0.13303565232938191,9.465612549291007e-05,0.8668696915451252
9,light,light,sedentary,0.61,0.0,0.39,0.46933031746567017,0.0015717844256038851,0.529097898108726
9,light,light,light,0.6814285714285714,0.0014285714285714286,0.3171428571428571,0.6422075890410958,0.004143216247570955,0.3536491947113333
9,light,light,light,0.6528571428571428,0.0014285714285714286,0.3457142857142857,0.6635366308479307,0.006610284077437253,0.3298530850746322
9,light,light,light,0.5614285714285714,0.0,0.43857142857142856,0.6256206168064585,1.8325247855190058e-05,0.3743610579456863
9,light,light,sedentary,0.7257142857142858,0.0,0.2742857142857143,0.4413514626655149,0.0001324900754964978,0.5585160472589886
9,sedentary,sedentary,sedentary,0.12571428571428572,0.0,0.8742857142857143,0.20749808368231867,0.006029935342557678,0.7864719809751237
9,sedentary,light,light,0.54,0.0,0.46,0.7611823739025497,3.6312028748147316e-05,0.23878131406870204
9,sedentary,sedentary,sedentary,0.4,0.0,0.6,0.44785012417397324,8.355807860261361e-05,0.5520663177474241
9,sedentary,sedentary,sedentary,0.2985714285714286,0.0,0.7014285714285714,0.12613190966756269,6.712676785913526e-05,0.8738009635645783
9,sedentary,sedentary,sedentary,0.1457142857142857,0.0,0.8542857142857143,0.05131578680760658,7.644846171977912e-05,0.9486077647306738
9,sedentary,sedentary,sedentary,0.2742857142857143,0.0,0.7257142857142858,0.08957213547784296,0.0002864185984064303,0.9101414459237507
9,sedentary,sedentary,sedentary,0.45714285714285713,0.0,0.5428571428571428,0.4882812444537949,0.00016533550764845373,0.5115534200385566
9,sedentary,sedentary,sedentary,0.32,0.0,0.68,0.2644250714804215,2.1750563766105004e-05,0.7355531779558124
9,sedentary,sedentary,sedentary,0.20857142857142857,0.0,0.7914285714285715,0.39075506003735777,5.571024560976512e-05,0.6091892297170324
9,sedentary,sedentary,sedentary,0.18,0.0,0.82,0.36018293282368213,9.288354597126007e-06,0.6398077788217208
9,sedentary,sedentary,sedentary,0.13857142857142857,0.0,0.8614285714285714,0.24500876522452672,0.00024359189809721677,0.7547476428773762
9,sedentary,sedentary,sedentary,0.06142857142857143,0.0,0.9385714285714286,0.008231833649093377,0.003024964134955967,0.9887432022159507
9,sedentary,sedentary,sedentary,0.2342857142857143,0.0,0.7657142857142857,0.08540785991898987,0.0004023416920559126,0.9141897983889543
9,sedentary,light,sedentary,0.5657142857142857,0.0,0.4342857142857143,0.23222472150922163,1.7990586400057583e-05,0.7677572879043784
9,sedentary,light,sedentary,0.6142857142857143,0.0,0.38571428571428573,0.4796941902009778,0.0005631799882312781,0.5197426298107909
9,sedentary,light,sedentary,0.7985714285714286,0.0,0.20142857142857143,0.4547681369783104,8.583300804339207e-05,0.5451460300136463
9,sedentary,light,sedentary,0.8028571428571428,0.0,0.19714285714285715,0.40244663809885634,0.00025382674988871993,0.5972995351512549
9,sedentary,light,sedentary,0.5371428571428571,0.0,0.46285714285714286,0.3314734266012275,0.0035253482825529487,0.6650012251162196
9,sedentary,sedentary,sedentary,0.2714285714285714,0.0,0.7285714285714285,0.24521969410222147,0.0009329397529377235,0.7538473661448408
9,sedentary,sedentary,sedentary,0.3657142857142857,0.0,0.6342857142857142,0.25672215176805696,0.0009105771706547087,0.7423672710612884
9,sedentary,light,light,0.6314285714285715,0.0,0.36857142857142855,0.5449433961440012,0.0001591338371929818,0.4548974700188058
9,sedentary,light,light,0.6842857142857143,0.0,0.3157142857142857,0.6893317720043142,1.4045749828938307e-05,0.3106541822458569
9,sedentary,light,sedentary,0.6828571428571428,0.0,0.3171428571428571,0.4138705288425552,2.2026419595428815e-05,0.5861074447378493
9,sedentary,sedentary,sedentary,0.4642857142857143,0.0,0.5357142857142857,0.2761185539255612,5.913270005557e-05,0.7238223133743832
9,sedentary,sedentary,sedentary,0.36142857142857143,0.0,0.6385714285714286,0.4067445458848021,3.8665801332077174e-05,0.5932167883138658
9,sedentary,sedentary,sedentary,0.09857142857142857,0.2042857142857143,0.6971428571428572,0.0031278269571021725,0.26814055070505033,0.7287316223378475
9,sedentary,sedentary,sedentary,0.24571428571428572,0.0,0.7542857142857143,0.3490870250336622,0.004214900794324795,0.6466980741720131
9,sedentary,sedentary,sedentary,0.2557142857142857,0.0,0.7442857142857143,0.0963178217572152,0.00011131813980206342,0.9035708601029827
9,sedentary,sedentary,sedentary,0.18285714285714286,0.0,0.8171428571428572,0.044663706501417995,0.00015471016527525728,0.9551815833333068
9,sedentary,sedentary,sedentary,0.08,0.0,0.92,0.011512638740577808,3.06992934338608e-06,0.9884842913300788
9,sedentary,sedentary,sedentary,0.041428571428571426,0.0,0.9585714285714285,0.018153181664363596,6.61859156673421e-07,0.9818461564764798
9,sedentary,sedentary,sedentary,0.015714285714285715,0.0,0.9842857142857143,0.035922995326950174,1.7111841712387044e-06,0.9640752934888787
9,sedentary,sedentary,sedentary,0.03,0.0,0.97,0.04306546796343679,1.564638233948684e-05,0.9569188856542238
9,sedentary,sedentary,sedentary,0.054285714285714284,0.0,0.9457142857142857,0.03999149394330679,6.665335297750522e-06,0.9600018407213954
9,sedentary,sedentary,sedentary,0.09428571428571429,0.0,0.9057142857142857,0.07470351743625112,7.233047308636497e-06,0.9252892495164402
9,sedentary,sedentary,sedentary,0.007142857142857143,0.0,0.9928571428571429,0.04235833146002205,5.231587909811501e-06,0.9576364369520681
9,sedentary,sedentary,sedentary,0.06857142857142857,0.0,0.9314285714285714,0.06707677774405525,1.0175756191457976e-05,0.9329130464997534
9,sedentary,sedentary,sedentary,0.41285714285714287,0.005714285714285714,0.5814285714285714,0.3341868179965544,0.00036606871694173416,0.6654471132865039
9,sedentary,sedentary,sedentary,0.14714285714285713,0.0,0.8528571428571429,0.053119067938359445,1.1520392415233232e-05,0.9468694116692252
9,sedentary,sedentary,sedentary,0.16714285714285715,0.0,0.8328571428571429,0.1465899902795796,7.351519308111197e-06,0.8534026582011123
9,sedentary,sedentary,sedentary,0.03857142857142857,0.0,0.9614285714285714,0.013868588559504636,4.034568459864661e-06,0.9861273768720356
9,sedentary,sedentary,sedentary,0.024285714285714285,0.0,0.9757142857142858,0.0111297312072729,5.538230550929934e-06,0.988864730562176
9,sedentary,sedentary,light,0.08285714285714285,0.0,0.9171428571428571,0.5249919368512619,9.869485328472172e-05,0.47490936829545327
9,sedentary,sedentary,sedentary,0.05142857142857143,0.0,0.9485714285714286,0.23835801022582198,7.360154281787735e-05,0.7615683882313601
9,sedentary,sedentary,sedentary,0.018571428571428572,0.0,0.9814285714285714,0.054092048071493655,4.442028094373182e-05,0.9458635316475626
9,sedentary,sedentary,sedentary,0.38,0.0,0.62,0.2512043950360979,8.592357089402386e-05,0.748709681393008
9,sedentary,sedentary,sedentary,0.4042857142857143,0.0,0.5957142857142858,0.29510997383039966,5.992090491435764e-05,0.704830105264686
9,sedentary,sedentary,sedentary,0.041428571428571426,0.0,0.9585714285714285,0.04731228121425445,1.3740161715094704e-05,0.9526739786240305
9,sedentary,sedentary,sedentary,0.017142857142857144,0.0,0.9828571428571429,0.014481748946512628,3.605075905808362e-06,0.9855146459775815
9,light,light,light,0.5057142857142857,0.4942857142857143,0.0,0.7189481895938883,0.253795667644934,0.027256142761177733
9,light,moderate-vigorous,light,0.44142857142857145,0.5585714285714286,0.0,0.6036774862330594,0.3897643656049556,0.006558148161985031
9,light,light,moderate-vigorous,0.59,0.41,0.0,0.31572175204732716,0.6826210151057812,0.0016572328468916404
9,light,moderate-vigorous,moderate-vigorous,0.4785714285714286,0.5214285714285715,0.0,0.17455707381279026,0.823887209700324,0.0015557164868856368
9,light,moderate-vigorous,moderate-vigorous,0.45,0.55,0.0,0.45810621952936753,0.5229247323207933,0.018969048149839223
9,light,light,moderate-vigorous,0.58,0.4185714285714286,0.0014285714285714286,0.32251788679677224,0.6723327587865068,0.0051493544167211455
9,light,moderate-vigorous,moderate-vigorous,0.3557142857142857,0.6442857142857142,0.0,0.28295345687338763,0.7023120401428979,0.014734502983714374
9,light,moderate-vigorous,light,0.48857142857142855,0.5114285714285715,0.0,0.8529792112124425,0.07461506205190613,0.07240572673565153
9,light,light,light,0.5642857142857143,0.4328571428571429,0.002857142857142857,0.9588538098865812,0.018108618158264776,0.023037571955154264
9,light,light,light,0.85,0.14857142857142858,0.0014285714285714286,0.9769581418816587,0.007698466877487754,0.01534339124085367
9,light,light,light,0.8442857142857143,0.15571428571428572,0.0,0.9131808667983924,0.01190231401381432,0.07491681918779326
9,light,moderate-vigorous,light,0.4471428571428571,0.5528571428571428,0.0,0.931565998241436,0.04104565025182969,0.027388351506734313
9,light,light,light,0.5971428571428572,0.40285714285714286,0.0,0.9169622793867327,0.028041189602540064,0.0549965310107271
9,light,light,light,0.8042857142857143,0.1957142857142857,0.0,0.9083271056347216,0.0697105711871724,0.02196232317810575
9,light,moderate-vigorous,light,0.3742857142857143,0.6257142857142857,0.0,0.6591695370894074,0.311068963873357,0.02976149903723565
9,light,moderate-vigorous,moderate-vigorous,0.4471428571428571,0.5528571428571428,0.0,0.36039812019838136,0.6281621742707745,0.011439705530844115
9,light,moderate-vigorous,light,0.44,0.56,0.0,0.6735378606621087,0.2044203554918249,0.12204178384606634
9,light,moderate-vigorous,moderate-vigorous,0.33714285714285713,0.6628571428571428,0.0,0.12013060482651063,0.8684161245685308,0.011453270604958665
9,light,moderate-vigorous,moderate-vigorous,0.47,0.53,0.0,0.1560798741995967,0.8379930572134217,0.0059270685869817616
9,light,light,moderate-vigorous,0.7157142857142857,0.2842857142857143,0.0,0.361212686877462,0.6328994833152286,0.005887829807309464
9,light,light,moderate-vigorous,0.6114285714285714,0.38857142857142857,0.0,0.27688452757974014,0.7186728103649953,0.004442662055264473
9,light,moderate-vigorous,moderate-vigorous,0.44857142857142857,0.5514285714285714,0.0,0.24634504910134428,0.750718044741438,0.0029369061572175736
9,light,light,light,0.6114285714285714,0.38857142857142857,0.0,0.7858581648677365,0.19472583556309062,0.01941599956917278
9,light,light,light,0.8014285714285714,0.19857142857142857,0.0,0.8127854525456575,0.15279984065923286,0.0344147067951097
9,light,moderate-vigorous,light,0.45571428571428574,0.5442857142857143,0.0,0.7685499224474991,0.14208221040744737,0.08936786714505347
9,light,light,light,0.5057142857142857,0.4942857142857143,0.0,0.9342782681339065,0.05055708924976216,0.015164642616331424
9,moderate-vigorous,moderate-vigorous,moderate-vigorous,0.04,0.96,0.0,0.045034822615463876,0.9549479241948444,1.725318969157288e-05
9,moderate-vigorous,moderate-vigorous,moderate-vigorous,0.011428571428571429,0.9885714285714285,0.0,0.00583317381471782,0.9941629299769739,3.896208308216492e-06
9,moderate-vigorous,moderate-vigorous,moderate-vigorous,0.03142857142857143,0.9685714285714285,0.0,0.006768296256379372,0.9932313140157748,3.8972784574403676e-07
9,moderate-vigorous,moderate-vigorous,moderate-vigorous,0.04,0.96,0.0,0.026931593057170234,0.973067419043388,9.878994418616433e-07
9,moderate-vigorous,moderate-vigorous,moderate-vigorous,0.07,0.9242857142857143,0.005714285714285714,0.02999770547470625,0.9696212145445869,0.0003810799807067561
9,moderate-vigorous,moderate-vigorous,moderate-vigorous,0.012857142857142857,0.9871428571428571,0.0,0.012988540675588415,0.9870059837001388,5.475624272779385e-06
9,moderate-vigorous,moderate-vigorous,moderate-vigorous,0.012857142857142857,0.9871428571428571,0.0,0.007475871711936291,0.9925237421349299,3.8615313399849883e-07
9,moderate-vigorous,moderate-vigorous,light,0.23,0.7514285714285714,0.018571428571428572,0.9352985169786159,0.05445727834171302,0.010244204679671137
9,moderate-vigorous,moderate-vigorous,moderate-vigorous,0.19142857142857142,0.78,0.02857142857142857,0.4613608936650187,0.5281176739261108,0.010521432408870454
9,moderate-vigorous,moderate-vigorous,light,0.35428571428571426,0.6314285714285715,0.014285714285714285,0.84079419705339,0.15785261156764108,0.0013531913789688282
9,moderate-vigorous,light,light,0.7128571428571429,0.18571428571428572,0.10142857142857142,0.8571033806882108,0.017635072202206843,0.12526154710958237
9,moderate-vigorous,light,light,0.6242857142857143,0.3585714285714286,0.017142857142857144,0.9758135991036258,0.01209769608503477,0.012088704811339501
9,moderate-vigorous,moderate-vigorous,light,0.45714285714285713,0.5057142857142857,0.037142857142857144,0.8110926607373754,0.10604123453245397,0.08286610473017057
9,moderate-vigorous,moderate-vigorous,light,0.3757142857142857,0.6185714285714285,0.005714285714285714,0.819362780723595,0.17460863572606933,0.006028583550335552
9,moderate-vigorous,moderate-vigorous,light,0.3142857142857143,0.6742857142857143,0.011428571428571429,0.8387527648937646,0.14266891794755432,0.018578317158681155
9,moderate-vigorous,moderate-vigorous,light,0.3842857142857143,0.6014285714285714,0.014285714285714285,0.8951319997092407,0.08991560497740113,0.014952395313358085
9,moderate-vigorous,light,light,0.5257142857142857,0.4742857142857143,0.0,0.911514733090702,0.06058550977658562,0.027899757132712234
9,moderate-vigorous,moderate-vigorous,moderate-vigorous,0.012857142857142857,0.9871428571428571,0.0,0.01273844288370281,0.9872528523763492,8.704739947883063e-06
9,moderate-vigorous,moderate-vigorous,moderate-vigorous,0.012857142857142857,0.9871428571428571,0.0,0.009012530419757369,0.9909849064186538,2.563161588825173e-06
9,moderate-vigorous,moderate-vigorous,moderate-vigorous,0.007142857142857143,0.9928571428571429,0.0,0.025486337804650584,0.9745097944228261,3.8677725232335185e-06
9,moderate-vigorous,moderate-vigorous,moderate-vigorous,0.012857142857142857,0.9871428571428571,0.0,0.007533797816768011,0.9924660020852203,2.0009801182985995e-07
9,moderate-vigorous,moderate-vigorous,moderate-vigorous,0.0014285714285714286,0.9985714285714286,0.0,0.0016421950464999364,0.9983576995539911,1.0539950882766091e-07
9,moderate-vigorous,moderate-vigorous,moderate-vigorous,0.004285714285714286,0.9957142857142857,0.0,0.001876706578401799,0.9981226393701303,6.540514678817797e-07
9,moderate-vigorous,light,light,0.5728571428571428,0.42142857142857143,0.005714285714285714,0.9047562969151814,0.09170648140971295,0.0035372216751055536
9,moderate-vigorous,light,light,0.5514285714285714,0.44571428571428573,0.002857142857142857,0.8957063884901532,0.10158641562501426,0.0027071958848325847
9,moderate-vigorous,light,light,0.7542857142857143,0.24571428571428572,0.0,0.9476362482278251,0.04541622263663204,0.006947529135543028
9,moderate-vigorous,light,light,0.6985714285714286,0.30142857142857143,0.0,0.8185881862037205,0.1702029061958211,0.011208907600458324
9,moderate-vigorous,moderate-vigorous,light,0.33285714285714285,0.6585714285714286,0.008571428571428572,0.8505951360142764,0.12764975782381044,0.02175510616191315
9,moderate-vigorous,light,light,0.6228571428571429,0.37714285714285717,0.0,0.8999258786065303,0.08983166722315296,0.010242454170316745
9,moderate-vigorous,moderate-vigorous,light,0.34285714285714286,0.6542857142857142,0.002857142857142857,0.6670254863360505,0.33215819128652196,0.0008163223774275867
9,moderate-vigorous,moderate-vigorous,light,0.42,0.5728571428571428,0.007142857142857143,0.854592804354146,0.14382534303313993,0.0015818526127139281
9,moderate-vigorous,moderate-vigorous,moderate-vigorous,0.037142857142857144,0.9628571428571429,0.0,0.019384782923622487,0.9806140817763223,1.13530005532809e-06
9,moderate-vigorous,moderate-vigorous,moderate-vigorous,0.002857142857142857,0.9971428571428571,0.0,0.0010769243248239051,0.9989230314075302,4.4267645850527037e-08
9,moderate-vigorous,moderate-vigorous,moderate-vigorous,0.002857142857142857,0.9971428571428571,0.0,0.0032573701925811597,0.9967425970597197,3.2747699294633644e-08
9,moderate-vigorous,moderate-vigorous,moderate-vigorous,0.02,0.98,0.0,0.0009588835586026535,0.9990410451250196,7.131637764445686e-08
9,moderate-vigorous,moderate-vigorous,moderate-vigorous,0.08,0.92,0.0,0.022317180450812664,0.9776827776596068,4.188958048496229e-08
9,moderate-vigorous,moderate-vigorous,moderate-vigorous,0.004285714285714286,0.9957142857142857,0.0,0.02731498109628973,0.9726848108474548,2.0805625541562162e-07
9,moderate-vigorous,moderate-vigorous,moderate-vigorous,0.002857142857142857,0.9971428571428571,0.0,0.0010885786976165433,0.9989110406796307,3.806227527528344e-07
9,moderate-vigorous,moderate-vigorous,moderate-vigorous,0.004285714285714286,0.9957142857142857,0.0,0.0001987424456334695,0.9998012353761352,2.217823141997861e-08
9,moderate-vigorous,moderate-vigorous,light,0.4357142857142857,0.5585714285714286,0.005714285714285714,0.8677837168915671,0.12521678684563267,0.006999496262800446
9,moderate-vigorous,light,light,0.7414285714285714,0.22142857142857142,0.037142857142857144,0.9346855366617854,0.013722928325687516,0.051591535012527015
9,moderate-vigorous,light,light,0.5842857142857143,0.41285714285714287,0.002857142857142857,0.9638400288902483,0.0333094885933626,0.002850482516389152
9,moderate-vigorous,light,light,0.82,0.18,0.0,0.9587459237182597,0.04064960790234939,0.0006044683793907823
9,moderate-vigorous,light,light,0.8042857142857143,0.19142857142857142,0.004285714285714286,0.9359774471649925,0.05986885925868414,0.004153693576323312
9,moderate-vigorous,light,light,0.5585714285714286,0.43857142857142856,0.002857142857142857,0.9338051171972357,0.06365668425140368,0.0025381985513605585
9,moderate-vigorous,light,light,0.7314285714285714,0.2671428571428571,0.0014285714285714286,0.9603746643236901,0.03662808059128313,0.0029972550850266687
9,moderate-vigorous,moderate-vigorous,light,0.4142857142857143,0.57,0.015714285714285715,0.909189014742087,0.07260512070370513,0.01820586455420775
9,light,light,light,0.5928571428571429,0.02142857142857143,0.38571428571428573,0.9505271278160516,0.0048599848360601815,0.044612887347888236
9,light,sedentary,light,0.48428571428571426,0.004285714285714286,0.5114285714285715,0.505679655174802,0.0028363723068131523,0.4914839725183849
9,light,light,sedentary,0.6571428571428571,0.0,0.34285714285714286,0.33745898223911697,0.00015919746780915442,0.6623818202930739
9,light,sedentary,sedentary,0.44857142857142857,0.0,0.5514285714285714,0.4500828038342515,0.00010685813697060989,0.5498103380287779
9,light,sedentary,light,0.48428571428571426,0.0,0.5157142857142857,0.5102386168183816,0.0003105148698668448,0.48945086831175155
9,light,light,sedentary,0.5071428571428571,0.0,0.4928571428571429,0.18907709294949834,0.011336686108327833,0.7995862209421739
9,light,sedentary,sedentary,0.41285714285714287,0.0,0.5871428571428572,0.14235253639627668,0.008857137137405904,0.8487903264663174
9,light,sedentary,sedentary,0.24,0.0,0.76,0.17668245770471613,0.0002996099895886606,0.8230179323056952
9,light,sedentary,sedentary,0.37285714285714283,0.0,0.6271428571428571,0.42349446552910286,4.6348913898660386e-05,0.5764591855569984
9,light,sedentary,sedentary,0.4185714285714286,0.0,0.5814285714285714,0.39355416401279364,3.38326582032464e-05,0.6064120033290031
9,light,sedentary,sedentary,0.3057142857142857,0.0,0.6942857142857143,0.202326442461479,0.000261934992819548,0.7974116225457014
9,light,light,light,0.69,0.002857142857142857,0.30714285714285716,0.7879294663664164,0.006206261690966206,0.20586427194261747
9,light,light,sedentary,0.5785714285714286,0.0,0.42142857142857143,0.19409203898820704,0.0054730711218100685,0.8004348898899829
9,light,sedentary,sedentary,0.32,0.0,0.68,0.11973277735253063,0.009378774000449017,0.8708884486470203
9,light,sedentary,sedentary,0.23714285714285716,0.0,0.7628571428571429,0.21262030407748087,3.9605221422227976e-05,0.787340090701097
9,light,light,light,0.6685714285714286,0.0,0.3314285714285714,0.6755873090977553,3.461090529433188e-05,0.3243780799969503
9,light,sedentary,sedentary,0.07,0.0,0.93,0.2231124175583836,3.918547587802111e-05,0.7768483969657383
9,light,sedentary,sedentary,0.09142857142857143,0.0,0.9085714285714286,0.11436978780787634,3.04109654981521e-05,0.8855998012266254
9,light,sedentary,sedentary,0.07428571428571429,0.0,0.9257142857142857,0.2594829384855036,4.9271035202365237e-05,0.740467790479294
9,light,sedentary,sedentary,0.34714285714285714,0.0,0.6528571428571428,0.23946171686850826,0.00014393741926795606,0.7603943457122238
9,light,sedentary,sedentary,0.17,0.0,0.83,0.20282173816967536,0.00016765932316914608,0.7970106025071554
9,light,sedentary,sedentary,0.3914285714285714,0.0,0.6085714285714285,0.32526638845489797,2.5232687425186344e-06,0.6747310882763595
9,light,sedentary,sedentary,0.3585714285714286,0.0,0.6414285714285715,0.34762235538143005,0.0007440954904322409,0.6516335491281378
9,sedentary,sedentary,sedentary,0.2814285714285714,0.01,0.7085714285714285,0.01974065104620317,0.4465087158492719,0.533750633104525
9,sedentary,sedentary,sedentary,0.2742857142857143,0.0,0.7257142857142858,0.03869463013444846,0.0577717432411005,0.9035336266244511
9,sedentary,light,sedentary,0.6471428571428571,0.0,0.35285714285714287,0.47117040871515226,0.00013950883904176832,0.528690082445806
9,sedentary,sedentary,sedentary,0.09,0.0014285714285714286,0.9085714285714286,0.16329541141326745,0.011636887432421087,0.8250677011543114
9,sedentary,sedentary,sedentary,0.24142857142857144,0.01,0.7485714285714286,0.03060813922039854,0.09620756602198978,0.8731842947576116
9,sedentary,sedentary,sedentary,0.17285714285714285,0.03571428571428571,0.7914285714285715,0.012808817264488894,0.1771221464535382,0.8100690362819729
9,sedentary,sedentary,sedentary,0.06142857142857143,0.027142857142857142,0.9114285714285715,0.021718033351408244,0.003437739372122683,0.9748442272764691
9,sedentary,sedentary,sedentary,0.13142857142857142,0.012857142857142857,0.8557142857142858,0.09325843969344955,0.0016245675771710518,0.9051169927293794
9,sedentary,sedentary,sedentary,0.20714285714285716,0.0,0.7928571428571428,0.095869260451718,0.001602689754706304,0.9025280497935756
9,sedentary,light,light,0.5785714285714286,0.0,0.42142857142857143,0.6838463383419866,0.00025021837928479224,0.3159034432787286
9,sedentary,light,sedentary,0.51,0.0,0.49,0.43109964988543326,3.16754497112748e-05,0.5688686746648555
9,sedentary,sedentary,sedentary,0.4357142857142857,0.0,0.5642857142857143,0.36640065834891017,2.8911265245368118e-05,0.6335704303858445
9,sedentary,sedentary,sedentary,0.04285714285714286,0.0,0.9571428571428572,0.0026437067247785015,0.0045256033797715185,0.9928306898954499
9,sedentary,sedentary,sedentary,0.2357142857142857,0.0,0.7642857142857142,0.1983943856231544,0.0004366731695217484,0.8011689412073238
9,sedentary,sedentary,sedentary,0.3314285714285714,0.0,0.6685714285714286,0.19820606297156132,0.00010929590721553687,0.8016846411212232
9,sedentary,sedentary,sedentary,0.22857142857142856,0.0,0.7714285714285715,0.19035578289479102,5.4104006818915145e-05,0.8095901130983901
9,sedentary,sedentary,sedentary,0.36428571428571427,0.0,0.6357142857142857,0.18903206032645548,0.0002783657570588241,0.8106895739164858
9,sedentary,light,sedentary,0.6171428571428571,0.0,0.38285714285714284,0.19110716232114713,0.0004030735320111569,0.8084897641468418
9,sedentary,sedentary,sedentary,0.39714285714285713,0.0,0.6028571428571429,0.31836983238149363,0.00011981758347542331,0.6815103500350309
9,sedentary,sedentary,sedentary,0.24,0.0,0.76,0.3635291086263341,9.52249166540546e-05,0.6363756664570118
9,sedentary,sedentary,sedentary,0.49714285714285716,0.0,0.5028571428571429,0.42850517477373035,1.0614844427968109e-05,0.5714842103818417
9,sedentary,light,sedentary,0.5685714285714286,0.0014285714285714286,0.43,0.228768009760901,4.9597345833681096e-05,0.7711823928932653
9,sedentary,light,sedentary,0.61,0.0,0.39,0.10915130115942949,0.00011177365438052686,0.8907369251861901
9,sedentary,sedentary,sedentary,0.44857142857142857,0.0,0.5514285714285714,0.18899447523552046,0.0004894954777783289,0.8105160292867013
9,sedentary,sedentary,sedentary,0.3142857142857143,0.0,0.6857142857142857,0.10175903748385699,0.00019584588712613182,0.8980451166290169
9,sedentary,sedentary,sedentary,0.03571428571428571,0.0,0.9642857142857143,0.038380026071524215,0.00014835443174082642,0.961471619496735
9,sedentary,sedentary,sedentary,0.19714285714285715,0.0,0.8028571428571428,0.06441021791299929,8.711563921742707e-05,0.9355026664477833
9,sedentary,sedentary,sedentary,0.31,0.0,0.69,0.2585342968365737,0.00021116438828323853,0.741254538775143
9,sedentary,sedentary,sedentary,0.29285714285714287,0.0,0.7071428571428572,0.2895445414809357,0.0007680446053156343,0.7096874139137487
9,sedentary,sedentary,sedentary,0.4342857142857143,0.0,0.5657142857142857,0.1518063779332434,0.00014794451455111602,0.8480456775522055
9,sedentary,sedentary,sedentary,0.2785714285714286,0.0,0.7214285714285714,0.06521069236095212,8.730257428548506e-05,0.9347020050647623
9,sedentary,sedentary,sedentary,0.3985714285714286,0.0,0.6014285714285714,0.15372941685743752,6.72931885431426e-05,0.8462032899540193
9,sedentary,sedentary,sedentary,0.21714285714285714,0.0,0.7828571428571428,0.06943877764706528,0.00019997414369716114,0.9303612482092376
9,sedentary,sedentary,sedentary,0.12,0.0,0.88,0.010304709747151893,0.0004352420119590105,0.9892600482408891
9,sedentary,sedentary,sedentary,0.06,0.0,0.94,0.16566037841787265,0.0047518692067278325,0.8295877523753994
9,sedentary,sedentary,sedentary,0.022857142857142857,0.0,0.9771428571428571,0.008118492932098046,0.008760738476251615,0.9831207685916503
9,sedentary,sedentary,sedentary,0.03428571428571429,0.0,0.9657142857142857,0.004485548613010362,0.0022192280292288057,0.9932952233577609
9,sedentary,sedentary,sedentary,0.008571428571428572,0.0,0.9914285714285714,0.003803227045753722,0.004863741294586875,0.9913330316596594
9,sedentary,sedentary,sedentary,0.01,0.0,0.99,0.015939014709041664,0.003944881374452472,0.9801161039165058
9,sedentary,sedentary,sedentary,0.024285714285714285,0.0,0.9757142857142858,0.0441687377421454,0.004573654845120775,0.9512576074127337
9,sedentary,sedentary,sedentary,0.027142857142857142,0.0,0.9728571428571429,0.00741680352662597,0.0065007654416369305,0.9860824310317372
9,sedentary,sedentary,sedentary,0.018571428571428572,0.0,0.9814285714285714,0.0010163358785393718,0.004306156760281479,0.9946775073611792
9,sedentary,sedentary,sedentary,0.02142857142857143,0.0,0.9785714285714285,0.002322888820603329,0.01197136575805189,0.9857057454213449
9,sedentary,sedentary,sedentary,0.008571428571428572,0.0,0.9914285714285714,0.0012334542907501145,0.008250238932670762,0.9905163067765792
9,sedentary,sedentary,sedentary,0.19,0.0,0.81,0.18967232069681597,1.1681929911080161e-05,0.810315997373273
9,sedentary,sedentary,sedentary,0.20857142857142857,0.0,0.7914285714285715,0.23737700908480716,7.203689490454847e-06,0.7626157872257023
9,sedentary,sedentary,sedentary,0.027142857142857142,0.0,0.9728571428571429,0.014585393298489008,0.00041511679942944163,0.9849994899020815
9,sedentary,sedentary,sedentary,0.047142857142857146,0.0,0.9528571428571428,0.0014027401176334555,0.003998862925957783,0.9945983969564087
9,sedentary,light,light,0.54,0.0,0.46,0.5032810305133816,0.00016086175975305077,0.4965581077268654
9,sedentary,light,light,0.6085714285714285,0.0,0.3914285714285714,0.6050406987522248,0.0001673691803879991,0.3947919320673872
9,sedentary,light,light,0.6542857142857142,0.0,0.3457142857142857,0.5873884210912624,0.0001529875623933339,0.41245859134634416
9,light,light,moderate-vigorous,0.6485714285714286,0.35,0.0014285714285714286,0.09098021058213111,0.9054173716660264,0.0036024177518423936
9,light,light,moderate-vigorous,0.57,0.42714285714285716,0.002857142857142857,0.202940747422156,0.7929329198718951,0.004126332705948847
9,light,light,moderate-vigorous,0.6685714285714286,0.33,0.0014285714285714286,0.31710180815959016,0.6784897167349118,0.0044084751054980845
9,light,light,moderate-vigorous,0.5585714285714286,0.43857142857142856,0.002857142857142857,0.339109796505086,0.6600382340396165,0.0008519694552975249
9,light,light,moderate-vigorous,0.6157142857142858,0.38285714285714284,0.0014285714285714286,0.43726998915468557,0.5601815846190242,0.002548426226290231
9,light,light,light,0.7714285714285715,0.22857142857142856,0.0,0.5659407668999183,0.41937513061945547,0.014684102480626253
9,light,light,light,0.7071428571428572,0.29285714285714287,0.0,0.5038227169433133,0.4834877260194962,0.012689557037190668
9,light,moderate-vigorous,moderate-vigorous,0.44142857142857145,0.5585714285714286,0.0,0.241047293312743,0.7544084390938053,0.004544267593451591
9,light,moderate-vigorous,moderate-vigorous,0.42142857142857143,0.5771428571428572,0.0014285714285714286,0.1749279180711458,0.8208169302470426,0.004255151681811531
9,light,moderate-vigorous,moderate-vigorous,0.48714285714285716,0.5128571428571429,0.0,0.3284920759948767,0.6693538600667861,0.0021540639383371895
9,light,light,light,0.5685714285714286,0.43142857142857144,0.0,0.5478255199487712,0.446392356772077,0.005782123279151905
9,light,light,light,0.5357142857142857,0.46,0.004285714285714286,0.5293489170729538,0.4622542070030862,0.008396875923959877
9,light,light,light,0.65,0.34714285714285714,0.002857142857142857,0.7274621654693131,0.2663000204610339,0.006237814069652995
9,light,light,moderate-vigorous,0.6028571428571429,0.39714285714285713,0.0,0.3120419661297597,0.687121550869977,0.000836483000263314
9,light,light,moderate-vigorous,0.5414285714285715,0.4542857142857143,0.004285714285714286,0.12583791680840278,0.8718065546742654,0.002355528517331926
9,light,moderate-vigorous,moderate-vigorous,0.4828571428571429,0.5157142857142857,0.0014285714285714286,0.12073624685659633,0.8772142952241647,0.0020494579192388337
9,light,light,light,0.7042857142857143,0.2957142857142857,0.0,0.5970916693426775,0.39310076070486577,0.009807569952456739
9,light,moderate-vigorous,moderate-vigorous,0.3842857142857143,0.6142857142857143,0.0014285714285714286,0.48875093968171757,0.501917290953261,0.009331769365021409
9,light,moderate-vigorous,moderate-vigorous,0.45714285714285713,0.5385714285714286,0.004285714285714286,0.08470600025842433,0.91488791736194,0.00040608237963558414
9,light,light,moderate-vigorous,0.52,0.4742857142857143,0.005714285714285714,0.2686432484359753,0.7287195009132269,0.0026372506507978018
9,light,light,moderate-vigorous,0.5814285714285714,0.4142857142857143,0.004285714285714286,0.21812979738197244,0.7771677055811242,0.004702497036903253
9,light,light,moderate-vigorous,0.5257142857142857,0.4714285714285714,0.002857142857142857,0.07273072526257561,0.926125469554897,0.0011438051825273402
9,light,light,moderate-vigorous,0.6,0.3985714285714286,0.0014285714285714286,0.22178285031291528,0.774681105161553,0.0035360445255318076
9,light,light,moderate-vigorous,0.53,0.47,0.0,0.3841776535253634,0.6092058468414115,0.006616499633225044
9,light,light,moderate-vigorous,0.5857142857142857,0.4114285714285714,0.002857142857142857,0.344834083614566,0.6492252352106991,0.005940681174734844
9,light,light,moderate-vigorous,0.6285714285714286,0.37,0.0014285714285714286,0.39563614340439607,0.6039647542924953,0.00039910230310873253
9,moderate-vigorous,moderate-vigorous,moderate-vigorous,0.011428571428571429,0.9871428571428571,0.0014285714285714286,0.01444021343402245,0.9855581669417108,1.619624266580048e-06
9,moderate-vigorous,moderate-vigorous,moderate-vigorous,0.008571428571428572,0.99,0.0014285714285714286,0.02084818283854657,0.979148593390473,3.2237709803020428e-06
9,moderate-vigorous,moderate-vigorous,moderate-vigorous,0.03,0.9685714285714285,0.0014285714285714286,0.040206417563413734,0.9597838683465125,9.714090073628688e-06
9,moderate-vigorous,moderate-vigorous,moderate-vigorous,0.005714285714285714,0.9928571428571429,0.0014285714285714286,0.02858089971396416,0.9714186149933516,4.852926842598673e-07
9,moderate-vigorous,moderate-vigorous,moderate-vigorous,0.05142857142857143,0.9442857142857143,0.004285714285714286,0.2982771048023175,0.7017208977864015,1.9974112811789182e-06
9,moderate-vigorous,moderate-vigorous,moderate-vigorous,0.06285714285714286,0.9357142857142857,0.0014285714285714286,0.1655829502846093,0.8343965845116554,2.0465203735209125e-05
9,moderate-vigorous,moderate-vigorous,moderate-vigorous,0.008571428571428572,0.99,0.0014285714285714286,0.004952682532585238,0.99504699591265,3.215547649758484e-07
9,moderate-vigorous,moderate-vigorous,moderate-vigorous,0.06571428571428571,0.9328571428571428,0.0014285714285714286,0.0066637593341549875,0.993335414445989,8.262198557917762e-07
9,moderate-vigorous,moderate-vigorous,moderate-vigorous,0.012857142857142857,0.9857142857142858,0.0014285714285714286,0.0017375815852401194,0.9982620199523385,3.9846242135414096e-07
9,moderate-vigorous,moderate-vigorous,moderate-vigorous,0.06142857142857143,0.9371428571428572,0.0014285714285714286,0.012438548850473945,0.9875609533246382,4.978248877491046e-07
9,moderate-vigorous,moderate-vigorous,moderate-vigorous,0.022857142857142857,0.9757142857142858,0.0014285714285714286,0.020988047049717826,0.9790108002434169,1.1527068653031177e-06
9,moderate-vigorous,moderate-vigorous,moderate-vigorous,0.055714285714285716,0.9428571428571428,0.0014285714285714286,0.10316886883869235,0.8968285476489266,2.5835123809182294e-06
9,moderate-vigorous,moderate-vigorous,moderate-vigorous,0.041428571428571426,0.9571428571428572,0.0014285714285714286,0.03417473200978083,0.9658251540442233,1.1394599580832733e-07
9,moderate-vigorous,moderate-vigorous,moderate-vigorous,0.002857142857142857,0.9942857142857143,0.002857142857142857,0.008793546314216857,0.9912039778515395,2.4758342436077956e-06
9,moderate-vigorous,light,light,0.6171428571428571,0.37857142857142856,0.004285714285714286,0.7426630611762011,0.2535261016827981,0.0038108371410008135
9,moderate-vigorous,moderate-vigorous,light,0.48714285714285716,0.5128571428571429,0.0,0.50579984508311,0.4797047036200517,0.014495451296838354
9,moderate-vigorous,moderate-vigorous,moderate-vigorous,0.15,0.85,0.0,0.4687984679738383,0.5289531892162057,0.0022483428099560458
9,moderate-vigorous,light,light,0.5571428571428572,0.44285714285714284,0.0,0.5436669801929073,0.4554327078973812,0.000900311909711372
9,moderate-vigorous,light,moderate-vigorous,0.6242857142857143,0.3757142857142857,0.0,0.3128896383809313,0.6860881252434168,0.0010222363756518709
9,moderate-vigorous,moderate-vigorous,moderate-vigorous,0.17,0.83,0.0,0.27436616518822665,0.7241943033825079,0.0014395314292654224
9,moderate-vigorous,moderate-vigorous,light,0.33,0.67,0.0,0.6453422712167071,0.33319776808484236,0.021459960698450475
9,moderate-vigorous,light,light,0.6185714285714285,0.38,0.0014285714285714286,0.9177012439888914,0.08133724464378304,0.0009615113673255083
9,moderate-vigorous,moderate-vigorous,light,0.4,0.5985714285714285,0.0014285714285714286,0.6072920499754257,0.36840470316219076,0.024303246862383502
9,moderate-vigorous,moderate-vigorous,moderate-vigorous,0.2857142857142857,0.7114285714285714,0.002857142857142857,0.3023578918907112,0.6940085220545885,0.003633586054700317
9,moderate-vigorous,moderate-vigorous,light,0.3628571428571429,0.6371428571428571,0.0,0.6459633074379166,0.35315096491194786,0.0008857276501353907
9,moderate-vigorous,light,light,0.6771428571428572,0.32285714285714284,0.0,0.6896915255352042,0.30207912067098386,0.008229353793811933
9,moderate-vigorous,light,light,0.6214285714285714,0.37857142857142856,0.0,0.7431589392914689,0.24536910810103987,0.011471952607491129
9,moderate-vigorous,moderate-vigorous,moderate-vigorous,0.21857142857142858,0.7814285714285715,0.0,0.42590751856075615,0.5737709633018055,0.00032151813743830284
9,moderate-vigorous,moderate-vigorous,light,0.4042857142857143,0.5957142857142858,0.0,0.6252405894848245,0.37415838053559203,0.0006010299795833961
9,moderate-vigorous,moderate-vigorous,light,0.39285714285714285,0.5985714285714285,0.008571428571428572,0.5246363647324553,0.4703600492967961,0.005003585970748596
9,moderate-vigorous,light,light,0.69,0.2985714285714286,0.011428571428571429,0.5950214318971953,0.39335945252033006,0.01161911558247457
9,moderate-vigorous,moderate-vigorous,light,0.37,0.63,0.0,0.5699227812729838,0.428733316611857,0.0013439021151592993
9,moderate-vigorous,light,light,0.7728571428571429,0.22714285714285715,0.0,0.6883155004078678,0.3056708163483829,0.006013683243749342
9,moderate-vigorous,light,light,0.5714285714285714,0.42857142857142855,0.0,0.6875619735447193,0.3069475311127009,0.005490495342579863
9,moderate-vigorous,moderate-vigorous,light,0.44857142857142857,0.5514285714285714,0.0,0.5271342355346816,0.4722396909815522,0.0006260734837662227
9,moderate-vigorous,light,light,0.5242857142857142,0.4757142857142857,0.0,0.5225321136834081,0.47633538544853476,0.0011325008680569753
9,moderate-vigorous,moderate-vigorous,light,0.45285714285714285,0.5428571428571428,0.004285714285714286,0.5022455081017249,0.49619728438525174,0.0015572075130233468
9,moderate-vigorous,moderate-vigorous,moderate-vigorous,0.06285714285714286,0.9357142857142857,0.0014285714285714286,0.02162392291747458,0.9783758902958916,1.8678663371824776e-07
9,moderate-vigorous,moderate-vigorous,moderate-vigorous,0.015714285714285715,0.9828571428571429,0.0014285714285714286,0.021720492836015792,0.9782781736440165,1.3335199677195246e-06
9,moderate-vigorous,moderate-vigorous,moderate-vigorous,0.06142857142857143,0.9328571428571428,0.005714285714285714,0.08955782930537465,0.9104223198428547,1.9850851770532227e-05
9,moderate-vigorous,moderate-vigorous,moderate-vigorous,0.04428571428571428,0.9542857142857143,0.0014285714285714286,0.1316825655873528,0.8683163482037789,1.0862088682592563e-06
9,moderate-vigorous,moderate-vigorous,moderate-vigorous,0.07285714285714286,0.9257142857142857,0.0014285714285714286,0.13730008665949706,0.8626993013367938,6.120037089266902e-07
9,moderate-vigorous,moderate-vigorous,moderate-vigorous,0.07142857142857142,0.9271428571428572,0.0014285714285714286,0.03283577349178119,0.967160428308133,3.7982000858347955e-06
9,moderate-vigorous,moderate-vigorous,moderate-vigorous,0.012857142857142857,0.9857142857142858,0.0014285714285714286,0.000829658443307211,0.9991702162836376,1.2527305525785676e-07
10,light,light,light,0.81,0.0,0.19,0.9110646975224601,8.731586766779286e-06,0.08892657089077308
10,light,light,light,0.8657142857142858,0.0,0.13428571428571429,0.835981307737175,6.100915511410673e-06,0.16401259134731339
10,light,light,light,0.9128571428571428,0.0,0.08714285714285715,0.8369339209444624,3.4898687270521586e-06,0.1630625891868106
10,light,light,light,0.7828571428571428,0.0,0.21714285714285714,0.8267533810542359,7.533918026171893e-08,0.17324654360658387
10,light,light,light,0.8828571428571429,0.0,0.11714285714285715,0.9052564420467674,2.3368269865028005e-06,0.09474122112624606
10,light,light,light,0.75,0.0,0.25,0.6423218861600092,3.209884559067248e-06,0.35767490395543167
10,light,light,light,0.7714285714285715,0.0,0.22857142857142856,0.7643176044131945,4.528772697448214e-06,0.23567786681410813
10,light,light,light,0.5728571428571428,0.0,0.42714285714285716,0.6273966520214854,4.058630143091348e-06,0.3725992893483715
10,light,light,light,0.9285714285714286,0.0,0.07142857142857142,0.8298249905320829,6.411673315345291e-06,0.17016859779460158
10,light,light,light,0.9571428571428572,0.0,0.04285714285714286,0.6410460077866694,3.178697068407196e-05,0.35892220524264656
10,light,light,light,0.5771428571428572,0.0,0.4228571428571429,0.5875867873247645,7.362598054992333e-06,0.4124058500771805
10,light,sedentary,sedentary,0.36714285714285716,0.0,0.6328571428571429,0.4369504243308244,9.291721785093722e-07,0.563048646496997
10,light,light,light,0.69,0.002857142857142857,0.30714285714285716,0.9379875547083683,1.9775099898215127e-05,0.061992670191733434
10,light,light,light,0.7471428571428571,0.0,0.25285714285714284,0.6187895584996136,0.00021891903712020018,0.3809915224632662
10,light,light,light,0.5271428571428571,0.0,0.47285714285714286,0.5610030608144213,5.199753106362243e-06,0.4389917394324723
10,light,sedentary,sedentary,0.24428571428571427,0.0,0.7557142857142857,0.39445423789540696,8.4968478057443e-07,0.6055449124198125
10,light,light,light,0.7642857142857142,0.0,0.2357142857142857,0.7907415430527474,5.513651551593677e-06,0.2092529432957011
10,light,light,light,0.88,0.0,0.12,0.901439180965606,1.672967907878574e-05,0.09854408935531524
10,light,light,light,0.6585714285714286,0.0,0.3414285714285714,0.5802837968989756,1.2425160692000139e-05,0.4197037779403325
10,light,sedentary,light,0.40285714285714286,0.0,0.5971428571428572,0.5115568271274785,1.7127292961087664e-05,0.4884260455795604
10,light,sedentary,light,0.3757142857142857,0.0,0.6242857142857143,0.6263001568285301,7.848107167953179e-06,0.373691995064302
10,light,light,light,0.7942857142857143,0.0,0.2057142857142857,0.8747060259837474,1.8887611689544045e-06,0.12529208525508348
10,light,light,light,0.87,0.0,0.13,0.6812109229876288,6.664861755897502e-05,0.31872242839481235
10,sedentary,sedentary,sedentary,0.027142857142857142,0.0014285714285714286,0.9714285714285714,0.015030904947494516,0.03962115224414528,0.9453479428083601
10,sedentary,sedentary,sedentary,0.12714285714285714,0.0,0.8728571428571429,0.023127118442428884,0.004166593476461553,0.9727062880811096
10,sedentary,light,light,0.7842857142857143,0.0,0.21571428571428572,0.5227444952788957,2.302442027592182e-05,0.47723248030082843
10,sedentary,light,sedentary,0.5871428571428572,0.0,0.41285714285714287,0.4284443642026793,6.932119883584262e-05,0.571486314598485
10,sedentary,sedentary,sedentary,0.25,0.0,0.75,0.25344171890695993,0.00018767010317999184,0.7463706109898601
10,sedentary,sedentary,sedentary,0.15428571428571428,0.0,0.8457142857142858,0.4017030560695146,3.338139023531641e-05,0.5982635625402501
10,sedentary,sedentary,sedentary,0.18,0.0,0.82,0.1355995000506165,0.00011202972123193197,0.8642884702281516
10,sedentary,sedentary,sedentary,0.2042857142857143,0.0,0.7957142857142857,0.17183672343676687,9.319651025316186e-05,0.8280700800529799
10,sedentary,sedentary,sedentary,0.18,0.0,0.82,0.08686445722401039,0.00013166109264154636,0.913003881683348
10,sedentary,sedentary,sedentary,0.07571428571428572,0.0,0.9242857142857143,0.24150410134700115,0.00014432032558798978,0.758351578327411
10,sedentary,sedentary,sedentary,0.09428571428571429,0.0,0.9057142857142857,0.4632530694943979,5.079602061363923e-05,0.5366961344849884
10,sedentary,sedentary,sedentary,0.04428571428571428,0.0,0.9557142857142857,0.1785861784085829,0.0002545882443498564,0.8211592333470673
10,sedentary,sedentary,sedentary,0.03,0.004285714285714286,0.9657142857142857,0.0002804188763825112,0.018364940368881852,0.9813546407547356
10,sedentary,sedentary,sedentary,0.08,0.0,0.92,0.0024576508226562634,0.025043059905158687,0.9724992892721851
10,sedentary,sedentary,sedentary,0.04285714285714286,0.0,0.9571428571428572,0.002048369055729854,0.006507590940020618,0.9914440400042496
10,sedentary,sedentary,sedentary,0.37857142857142856,0.0,0.6214285714285714,0.1828592140637379,1.2039081923609394e-05,0.8171287468543386
10,sedentary,light,sedentary,0.5514285714285714,0.0,0.44857142857142857,0.2865286538637396,0.00017054554053454326,0.7133008005957259
10,sedentary,sedentary,sedentary,0.3742857142857143,0.0,0.6257142857142857,0.3335929720086977,0.00012680659054477354,0.6662802214007576
10,sedentary,sedentary,sedentary,0.39571428571428574,0.0,0.6042857142857143,0.1236221090979147,0.00017871055639171807,0.8761991803456936
10,sedentary,sedentary,sedentary,0.3385714285714286,0.0,0.6614285714285715,0.20528963443742465,0.0002439992578611247,0.7944663663047143
10,sedentary,sedentary,sedentary,0.09,0.0,0.91,0.19247277725843448,6.070022460928419e-05,0.8074665225169563
10,sedentary,sedentary,sedentary,0.2814285714285714,0.0,0.7185714285714285,0.20015149423698578,0.0002771388179394268,0.7995713669450748
10,sedentary,sedentary,sedentary,0.4328571428571429,0.0,0.5671428571428572,0.2309828314875988,0.00030662460075017316,0.7687105439116511
10,sedentary,sedentary,sedentary,0.3028571428571429,0.0,0.6971428571428572,0.21876331224117135,0.0003733697639198323,0.7808633179949088
10,sedentary,sedentary,light,0.18857142857142858,0.09428571428571429,0.7171428571428572,0.9231654102262873,0.004649254811710743,0.072185334962002
10,sedentary,sedentary,sedentary,0.008571428571428572,0.0,0.9914285714285714,0.04168767850461639,8.940505626547061e-06,0.958303380989757
10,sedentary,sedentary,sedentary,0.0,0.0,1.0,0.0022476392978808485,2.3340551799164074e-05,0.9977290201503201
10,sedentary,sedentary,sedentary,0.01,0.0,0.99,0.1672061028002783,7.524102700024525e-06,0.8327863730970216
10,sedentary,sedentary,sedentary,0.004285714285714286,0.0,0.9957142857142857,0.26400436077908945,3.864837411587026e-06,0.7359917743834989
10,sedentary,sedentary,sedentary,0.011428571428571429,0.0,0.9885714285714285,0.08053244521043276,1.6878757223622747e-05,0.9194506760323437
10,sedentary,sedentary,sedentary,0.005714285714285714,0.0,0.9942857142857143,0.0914370847429618,5.027361888644678e-06,0.9085578878951496
10,sedentary,sedentary,sedentary,0.005714285714285714,0.0,0.9942857142857143,0.09344629674507748,8.112426141746076e-06,0.9065455908287808
10,sedentary,sedentary,sedentary,0.18857142857142858,0.0,0.8114285714285714,0.2971633827859851,4.4434826632555255e-06,0.7028321737313517
10,sedentary,sedentary,sedentary,0.04857142857142857,0.0,0.9514285714285714,0.1805157939752986,2.8069420500014192e-06,0.8194813990826515
10,sedentary,sedentary,sedentary,0.007142857142857143,0.0,0.9928571428571429,0.07624498216013559,3.567728908945942e-05,0.923719340550775
10,sedentary,sedentary,sedentary,0.0014285714285714286,0.0,0.9985714285714286,0.03041728625698723,3.8100573570528215e-05,0.9695446131694422
10,sedentary,sedentary,sedentary,0.0,0.0,1.0,0.08975483597962264,1.512820860118896e-05,0.9102300358117761
10,sedentary,sedentary,sedentary,0.004285714285714286,0.0,0.9957142857142857,0.08311505064505034,1.1619659139047742e-05,0.9168733296958106
10,sedentary,sedentary,sedentary,0.02142857142857143,0.0,0.9785714285714285,0.2473628797438425,1.04841969179903e-05,0.7526266360592395
10,sedentary,sedentary,light,0.25142857142857145,0.10714285714285714,0.6414285714285715,0.9599234492748078,0.009519345041899328,0.03055720568329293
10,sedentary,sedentary,light,0.3271428571428571,0.0,0.6728571428571428,0.5204965580215823,0.0003043912427989008,0.47919905073561875
10,sedentary,sedentary,sedentary,0.3157142857142857,0.0,0.6842857142857143,0.4868565854621366,4.255505200071783e-06,0.5131391590326633
10,sedentary,sedentary,sedentary,0.32,0.0,0.68,0.1961812007880277,8.920945644516815e-05,0.8037295897555272
10,sedentary,light,light,0.8785714285714286,0.0,0.12142857142857143,0.9128866679321664,6.393918727711296e-06,0.08710693814910574
10,sedentary,light,light,0.72,0.0,0.28,0.9503610337251854,1.3791013550105224e-05,0.04962517526126461
10,sedentary,light,light,0.6785714285714286,0.0,0.32142857142857145,0.9608188685617974,8.869129661758002e-06,0.03917226230854087
10,sedentary,light,light,0.7114285714285714,0.0,0.2885714285714286,0.9208649140004228,0.00011013554321611642,0.07902495045636121
10,sedentary,light,light,0.8542857142857143,0.0,0.1457142857142857,0.8393844928630411,4.9198246097552756e-05,0.16056630889086132
10,sedentary,light,sedentary,0.5128571428571429,0.0,0.48714285714285716,0.4043662192035306,1.0426211039239552e-05,0.5956233545854301
10,sedentary,light,light,0.6071428571428571,0.0,0.39285714285714285,0.6416406951087977,5.82442506401436e-06,0.3583534804661384
10,sedentary,sedentary,light,0.2642857142857143,0.0,0.7357142857142858,0.5548438866857893,8.986344102258735e-06,0.4451471269701084
10,sedentary,light,light,0.67,0.0,0.33,0.5829479540292198,6.848196398105809e-05,0.41698356400679903
10,sedentary,light,light,0.8885714285714286,0.0,0.11142857142857143,0.7564586494120515,4.9224122826983124e-05,0.2434921264651215
10,sedentary,light,sedentary,0.6314285714285715,0.0,0.36857142857142855,0.3370791836388252,4.177105988531717e-05,0.6628790453012895
10,sedentary,light,light,0.5628571428571428,0.0,0.43714285714285717,0.9512841770130875,3.960868848719207e-07,0.04871542690002766
10,light,light,light,0.9428571428571428,0.05714285714285714,0.0,0.93066581568044,0.06906009611128655,0.0002740882082735269
10,light,light,light,0.6957142857142857,0.30428571428571427,0.0,0.7947752987183019,0.20508767932208602,0.0001370219596121877
10,light,light,light,0.8,0.2,0.0,0.7424908922407841,0.25744382930467663,6.527845453939935e-05
10,light,light,light,0.9957142857142857,0.004285714285714286,0.0,0.9137939848856153,0.08556045436846145,0.000645560745923193
10,light,light,light,0.9728571428571429,0.027142857142857142,0.0,0.9043003142106593,0.09506743348683126,0.0006322523025096175
10,light,light,light,0.8271428571428572,0.17285714285714285,0.0,0.8904541658144476,0.10911176137447476,0.0004340728110776331
10,light,light,light,0.9442857142857143,0.055714285714285716,0.0,0.9378751582598859,0.061733015414806365,0.0003918263253077409
10,light,light,light,0.9628571428571429,0.037142857142857144,0.0,0.8596044211215715,0.13993544842174874,0.00046013045667981457
10,light,light,light,0.9885714285714285,0.011428571428571429,0.0,0.9236878145374464,0.07622336955703927,8.881590551416109e-05
10,light,light,light,0.7342857142857143,0.26571428571428574,0.0,0.9442478002348602,0.05571089774516348,4.130201997624636e-05
10,light,light,light,0.9614285714285714,0.03857142857142857,0.0,0.9384635492341274,0.06131563938537182,0.00022081138050084466
10,light,light,light,0.9985714285714286,0.0014285714285714286,0.0,0.9386765902168868,0.05938830355160674,0.0019351062315064414
10,light,light,light,0.9842857142857143,0.015714285714285715,0.0,0.9540827588220444,0.04532768583307392,0.0005895553448816962
10,light,light,light,0.9914285714285714,0.008571428571428572,0.0,0.9753229906749246,0.024431419526022184,0.0002455897990533309
10,light,light,light,0.9757142857142858,0.024285714285714285,0.0,0.9524570603371498,0.045961373156697315,0.0015815665061527549
10,light,light,light,0.9842857142857143,0.015714285714285715,0.0,0.9364916622109739,0.0632324695321647,0.0002758682568615041
10,light,light,light,0.9957142857142857,0.004285714285714286,0.0,0.941876242644389,0.05806163729695319,6.21200586578339e-05
10,light,light,light,0.7742857142857142,0.2257142857142857,0.0,0.820751382997108,0.1790007356085741,0.00024788139431783607
10,light,light,light,0.93,0.07,0.0,0.9210562802536809,0.07737174066121902,0.0015719790851001327
10,light,light,light,0.9514285714285714,0.04857142857142857,0.0,0.9242512680920278,0.07522065201590397,0.0005280798920681792
10,light,light,light,0.8757142857142857,0.12428571428571429,0.0,0.902386508752812,0.09626338931152922,0.0013501019356588404
10,light,light,light,0.9542857142857143,0.045714285714285714,0.0,0.9325613295590319,0.06512777269682539,0.002310897744142753
10,light,light,light,0.6471428571428571,0.35285714285714287,0.0,0.7672166354970466,0.23252570350112883,0.0002576610018246797
10,light,light,light,0.6642857142857143,0.3357142857142857,0.0,0.7500289629508022,0.24970004605584542,0.0002709909933524535
10,light,light,moderate-vigorous,0.5928571428571429,0.40714285714285714,0.0,0.45527831679817415,0.5443979818149137,0.00032370138691211814
10,light,light,light,0.7514285714285714,0.24857142857142858,0.0,0.6916060509284891,0.30822174748252035,0.00017220158899049285
10,light,light,light,0.9828571428571429,0.017142857142857144,0.0,0.9644480156136545,0.03517332443562055,0.0003786599507249902
10,moderate-vigorous,moderate-vigorous,moderate-vigorous,0.027142857142857142,0.9728571428571429,0.0,0.00011959853666827211,0.9998804013261312,1.3720046419417616e-10
10,moderate-vigorous,moderate-vigorous,moderate-vigorous,0.011428571428571429,0.9885714285714285,0.0,0.004770429184056668,0.9952295019568168,6.885912658408805e-08
10,moderate-vigorous,moderate-vigorous,moderate-vigorous,0.0014285714285714286,0.9985714285714286,0.0,0.0025225712732618835,0.9974773918015499,3.692518819116527e-08
10,moderate-vigorous,moderate-vigorous,moderate-vigorous,0.008571428571428572,0.9914285714285714,0.0,0.002123053155493132,0.9978769465763161,2.681907668750472e-10
10,moderate-vigorous,moderate-vigorous,moderate-vigorous,0.03142857142857143,0.9685714285714285,0.0,0.0017326179315471568,0.998267319305662,6.2762790699928e-08
10,moderate-vigorous,moderate-vigorous,moderate-vigorous,0.005714285714285714,0.9942857142857143,0.0,0.0010773441098844733,0.9989226185984637,3.729165179930483e-08
10,moderate-vigorous,moderate-vigorous,moderate-vigorous,0.0014285714285714286,0.9985714285714286,0.0,0.00287137634508266,0.9971286224774171,1.1775002144085888e-09
10,moderate-vigorous,moderate-vigorous,moderate-vigorous,0.004285714285714286,0.9957142857142857,0.0,0.002721753355435289,0.9972779151169816,3.3152758319154387e-07
10,moderate-vigorous,moderate-vigorous,moderate-vigorous,0.015714285714285715,0.9842857142857143,0.0,0.005413174873060881,0.9945858289334535,9.961934856278327e-07
10,moderate-vigorous,moderate-vigorous,moderate-vigorous,0.004285714285714286,0.9957142857142857,0.0,0.002264914484793851,0.9977350443942924,4.1120913656406644e-08
10,moderate-vigorous,moderate-vigorous,moderate-vigorous,0.04428571428571428,0.9557142857142857,0.0,0.003416062293003471,0.9965839134879639,2.4219032541038887e-08
10,moderate-vigorous,moderate-vigorous,moderate-vigorous,0.0014285714285714286,0.9985714285714286,0.0,0.002894113436157925,0.9971058057216695,8.084217246662352e-08
10,moderate-vigorous,moderate-vigorous,moderate-vigorous,0.002857142857142857,0.9971428571428571,0.0,0.004615137138986535,0.9953847425761546,1.2028485870878881e-07
10,moderate-vigorous,moderate-vigorous,moderate-vigorous,0.002857142857142857,0.9971428571428571,0.0,0.015328370672766434,0.9846702443059588,1.3850212745585138e-06
10,moderate-vigorous,moderate-vigorous,moderate-vigorous,0.0014285714285714286,0.9985714285714286,0.0,0.028392583145137203,0.9716055884198935,1.8284349692957261e-06
10,moderate-vigorous,moderate-vigorous,moderate-vigorous,0.02,0.98,0.0,0.03217811532192101,0.967802010599862,1.98740782171025e-05
10,moderate-vigorous,moderate-vigorous,moderate-vigorous,0.004285714285714286,0.9957142857142857,0.0,0.006771341905702404,0.9932279930394382,6.650548593260842e-07
10,moderate-vigorous,moderate-vigorous,moderate-vigorous,0.002857142857142857,0.9971428571428571,0.0,0.0019302113181114996,0.9980696886004616,1.0008142677401262e-07
10,moderate-vigorous,moderate-vigorous,moderate-vigorous,0.002857142857142857,0.9971428571428571,0.0,0.004862840822437195,0.9951335186470127,3.6405305502369932e-06
10,moderate-vigorous,moderate-vigorous,moderate-vigorous,0.012857142857142857,0.9871428571428571,0.0,0.009183259092061071,0.9908040253509889,1.2715556950178011e-05
10,moderate-vigorous,moderate-vigorous,moderate-vigorous,0.027142857142857142,0.9728571428571429,0.0,0.010493640657165721,0.989504302422779,2.056920055227442e-06
10,moderate-vigorous,moderate-vigorous,moderate-vigorous,0.011428571428571429,0.9885714285714285,0.0,0.0053273491205277496,0.9946721852302366,4.6564923562650503e-07
10,moderate-vigorous,moderate-vigorous,moderate-vigorous,0.02142857142857143,0.9785714285714285,0.0,0.0036793492972008795,0.9963195009458613,1.1497569377121319e-06
10,moderate-vigorous,moderate-vigorous,moderate-vigorous,0.13857142857142857,0.8614285714285714,0.0,0.11744981908917211,0.8825217501250529,2.843078577510504e-05
10,moderate-vigorous,moderate-vigorous,moderate-vigorous,0.08142857142857143,0.9185714285714286,0.0,0.11074689515992794,0.8891426093669307,0.00011049547314133799
10,moderate-vigorous,moderate-vigorous,moderate-vigorous,0.05714285714285714,0.9428571428571428,0.0,0.02503322663010279,0.9744663010240666,0.0005004723458305381
10,moderate-vigorous,moderate-vigorous,moderate-vigorous,0.09142857142857143,0.9085714285714286,0.0,0.09356783979006017,0.9060714805102522,0.0003606796996877339
10,moderate-vigorous,moderate-vigorous,moderate-vigorous,0.18142857142857144,0.8185714285714286,0.0,0.11753077442989741,0.8823487175623915,0.00012050800771118708
10,moderate-vigorous,moderate-vigorous,moderate-vigorous,0.10285714285714286,0.8971428571428571,0.0,0.1035053715759576,0.8964533834389993,4.124498504312508e-05
10,moderate-vigorous,moderate-vigorous,moderate-vigorous,0.2842857142857143,0.7157142857142857,0.0,0.13226060426533418,0.8675363769891634,0.00020301874550228104
10,moderate-vigorous,moderate-vigorous,moderate-vigorous,0.39,0.61,0.0,0.4115340445341027,0.5871775315667339,0.0012884238991634348
10,moderate-vigorous,light,moderate-vigorous,0.5471428571428572,0.45285714285714285,0.0,0.4107538776103792,0.5875343282401405,0.0017117941494803586
10,moderate-vigorous,moderate-vigorous,moderate-vigorous,0.17285714285714285,0.8271428571428572,0.0,0.18061096084592357,0.8192346936217453,0.00015434553233109605
10,moderate-vigorous,moderate-vigorous,moderate-vigorous,0.11428571428571428,0.8857142857142857,0.0,0.05752602685594997,0.9422655090728075,0.00020846407124254992
10,moderate-vigorous,moderate-vigorous,moderate-vigorous,0.21,0.7871428571428571,0.002857142857142857,0.16930097550596981,0.8306405626535851,5.846184044496261e-05
10,moderate-vigorous,moderate-vigorous,moderate-vigorous,0.15,0.85,0.0,0.16857452177859744,0.8313641301501098,6.13480712928436e-05
10,moderate-vigorous,moderate-vigorous,moderate-vigorous,0.3314285714285714,0.6685714285714286,0.0,0.14795701348159485,0.8516983557362048,0.0003446307822005054
10,moderate-vigorous,moderate-vigorous,moderate-vigorous,0.24285714285714285,0.7571428571428571,0.0,0.11695033892420927,0.882420531055634,0.000629130020156808
10,moderate-vigorous,moderate-vigorous,moderate-vigorous,0.46714285714285714,0.5328571428571428,0.0,0.20586256425462487,0.7940341111424135,0.00010332460296165984
10,moderate-vigorous,light,light,0.7357142857142858,0.2642857142857143,0.0,0.6844954782303678,0.31533614274160954,0.00016837902802266155
10,moderate-vigorous,light,light,0.6,0.4,0.0,0.725452355319607,0.2702705391881054,0.004277105492287601
10,moderate-vigorous,moderate-vigorous,moderate-vigorous,0.13285714285714287,0.8671428571428571,0.0,0.2028997041272942,0.7893266554175221,0.007773640455183809
10,light,sedentary,sedentary,0.44571428571428573,0.0014285714285714286,0.5528571428571428,0.40796317692873785,0.0227556058027555,0.5692812172685067
10,light,sedentary,light,0.4857142857142857,0.0,0.5142857142857142,0.6601158057422866,0.001678487226764241,0.33820570703094904
10,light,sedentary,sedentary,0.4928571428571429,0.0,0.5071428571428571,0.30889803332959925,0.00027080110122778455,0.6908311655691729
10,light,light,sedentary,0.7,0.0,0.3,0.26387001229018997,9.470410093023732e-06,0.736120517299717
10,light,light,sedentary,0.6242857142857143,0.0,0.3757142857142857,0.3024629749500112,0.00018929024668365695,0.6973477348033051
10,light,sedentary,sedentary,0.4442857142857143,0.0,0.5557142857142857,0.4302762593264042,0.004483056932371565,0.5652406837412243
10,light,light,light,0.6385714285714286,0.0014285714285714286,0.36,0.5083760695894511,0.014949134473808339,0.4766747959367406
10,light,light,light,0.7814285714285715,0.0,0.21857142857142858,0.5416702043722657,0.00507452942266348,0.453255266205071
10,light,sedentary,sedentary,0.3557142857142857,0.0,0.6442857142857142,0.25713919687360537,0.00020716106258192814,0.7426536420638128
10,light,sedentary,sedentary,0.32285714285714284,0.0,0.6771428571428572,0.14822644886512765,0.00043899659693463083,0.8513345545379377
10,light,sedentary,sedentary,0.3842857142857143,0.0,0.6157142857142858,0.25092998194852,8.564528627034189e-05,0.7489843727652096
10,light,sedentary,sedentary,0.31,0.0,0.69,0.06985974613719903,0.0022861925849459817,0.9278540612778549
10,light,sedentary,sedentary,0.2357142857142857,0.0,0.7642857142857142,0.030586985122516647,0.002632406530605623,0.9667806083468777
10,light,light,sedentary,0.6171428571428571,0.0,0.38285714285714284,0.4722535477148159,0.0019019287304639827,0.5258445235547201
10,light,light,sedentary,0.5371428571428571,0.0,0.46285714285714286,0.3154314325573316,0.0008683712784091247,0.6837001961642594
10,light,sedentary,sedentary,0.47,0.0,0.53,0.10354456211886076,0.009136841986137564,0.8873185958950016
10,light,sedentary,sedentary,0.4114285714285714,0.0,0.5885714285714285,0.1143501403180935,0.0025767780346889284,0.8830730816472175
10,light,light,light,0.5828571428571429,0.0,0.41714285714285715,0.6636774986801801,0.0005399575703106226,0.33578254374950933
10,light,light,sedentary,0.5342857142857143,0.0,0.4657142857142857,0.2258264215397962,0.002211266385414215,0.7719623120747896
10,light,sedentary,sedentary,0.42857142857142855,0.0,0.5714285714285714,0.08089780507514174,0.001772365445483377,0.9173298294793749
10,light,light,sedentary,0.6728571428571428,0.0,0.3271428571428571,0.14518775259712138,0.009226439722799844,0.8455858076800787
10,sedentary,sedentary,sedentary,0.11714285714285715,0.008571428571428572,0.8742857142857143,0.1817329735474089,0.004867287350837387,0.8133997391017537
10,sedentary,sedentary,sedentary,0.23857142857142857,0.0,0.7614285714285715,0.013165299695217228,0.00048003258654165794,0.9863546677182411
10,sedentary,light,light,0.8214285714285714,0.0,0.17857142857142858,0.5203757461372819,0.00022625254771523854,0.47939800131500293
10,sedentary,sedentary,sedentary,0.45,0.0,0.55,0.41808867807522526,4.3495171988432965e-05,0.5818678267527863
10,sedentary,sedentary,light,0.15857142857142856,0.0,0.8414285714285714,0.5607117037180778,2.4640710307168018e-05,0.43926365557161506
10,sedentary,sedentary,sedentary,0.29285714285714287,0.0,0.7071428571428572,0.2860541916476066,4.656858721357106e-06,0.713941151493672
10,sedentary,light,light,0.77,0.0,0.23,0.6087088047164432,1.3511178742145642e-05,0.3912776841048147
10,sedentary,light,light,0.7371428571428571,0.0,0.26285714285714284,0.8198344053686998,4.607363184676778e-06,0.18016098726811552
10,sedentary,light,light,0.5128571428571429,0.0,0.48714285714285716,0.5756606638065478,2.557050183867591e-05,0.4243137656916137
10,sedentary,sedentary,sedentary,0.18714285714285714,0.0,0.8128571428571428,0.10575183509545177,1.670021713865449e-05,0.8942314646874094
10,sedentary,sedentary,sedentary,0.12714285714285714,0.0,0.8728571428571429,0.4019184209971149,8.660693740635108e-06,0.5980729183091446
10,sedentary,sedentary,light,0.18428571428571427,0.0,0.8157142857142857,0.6629332293121721,6.151665013934644e-06,0.3370606190228139
10,sedentary,sedentary,sedentary,0.15571428571428572,0.0,0.8442857142857143,0.4224757527455638,1.8003846292073827e-05,0.5775062434081442
10,sedentary,sedentary,light,0.10428571428571429,0.0,0.8957142857142857,0.6108020329589798,1.6810669193838198e-05,0.38918115637182643
10,sedentary,sedentary,sedentary,0.09142857142857143,0.0,0.9085714285714286,0.3992472443359909,1.6650470626195063e-05,0.6007361051933828
10,sedentary,sedentary,sedentary,0.09857142857142857,0.0,0.9014285714285715,0.3599566303956511,1.0007147426594884e-05,0.6400333624569223
10,sedentary,sedentary,sedentary,0.07714285714285714,0.0,0.9228571428571428,0.37832855135446886,1.0988996731575741e-05,0.6216604596487996
10,sedentary,sedentary,sedentary,0.04428571428571428,0.0014285714285714286,0.9542857142857143,0.0073619883546703685,0.002254862776327882,0.9903831488690017
10,sedentary,sedentary,sedentary,0.055714285714285716,0.0,0.9442857142857143,0.016906064545860633,9.738374243203013e-05,0.9829965517117074
10,sedentary,sedentary,sedentary,0.24857142857142858,0.0,0.7514285714285714,0.49500089868964164,9.024042811603851e-05,0.5049088608822423
10,sedentary,sedentary,sedentary,0.4657142857142857,0.0,0.5342857142857143,0.19193371533965878,0.00042113481566752325,0.8076451498446736
10,sedentary,sedentary,sedentary,0.32142857142857145,0.0,0.6785714285714286,0.2651634632584872,1.0567576613265582e-05,0.7348259691648995
10,sedentary,sedentary,sedentary,0.09142857142857143,0.0,0.9085714285714286,0.19103173677131838,2.8543860759361615e-05,0.8089397193679222
10,sedentary,sedentary,sedentary,0.3171428571428571,0.0,0.6828571428571428,0.19722585728636183,5.321637538672863e-05,0.8027209263382515
10,sedentary,light,sedentary,0.5214285714285715,0.0,0.4785714285714286,0.3039429341983099,7.62084398993268e-05,0.6959808573617907
10,sedentary,light,sedentary,0.5,0.0,0.5,0.38945159427497006,0.00010061088700094261,0.6104477948380289
10,sedentary,sedentary,light,0.45714285714285713,0.0,0.5428571428571428,0.6317712944823501,5.01575653109497e-05,0.368178547952339
10,sedentary,sedentary,light,0.3914285714285714,0.0,0.6085714285714285,0.7902449642247081,3.3984537252909544e-05,0.2097210512380389
10,sedentary,sedentary,sedentary,0.2557142857142857,0.0,0.7442857142857143,0.33992399673166884,2.4701968441493316e-05,0.6600513012998896
10,sedentary,sedentary,sedentary,0.16285714285714287,0.0,0.8371428571428572,0.2757703936796572,2.6567235642015495e-05,0.7242030390847009
10,sedentary,sedentary,light,0.4142857142857143,0.0,0.5857142857142857,0.5081096616243569,3.6195082011781604e-05,0.49185414329363125
10,sedentary,sedentary,sedentary,0.1357142857142857,0.0,0.8642857142857143,0.026670963649032865,2.006159864405586e-05,0.973308974752323
10,sedentary,light,sedentary,0.5,0.0,0.5,0.35803494123096413,6.109270454328929e-05,0.6419039660644926
10,sedentary,sedentary,sedentary,0.17285714285714285,0.0,0.8271428571428572,0.20555242761572232,4.159217630990899e-05,0.7944059802079678
10,sedentary,sedentary,sedentary,0.06857142857142857,0.0,0.9314285714285714,0.15782801347967393,4.892161342880548e-07,0.8421714973041918
10,sedentary,sedentary,sedentary,0.0,0.0,1.0,0.06271739517098422,9.528062929136058e-08,0.9372825095483865
10,sedentary,sedentary,sedentary,0.29714285714285715,0.0,0.7028571428571428,0.15426524236062886,1.2152510682991619e-05,0.8457226051286881
10,sedentary,sedentary,sedentary,0.12428571428571429,0.0,0.8757142857142857,0.01250015532781403,7.1545063459204185e-06,0.9874926901658401
10,sedentary,sedentary,sedentary,0.04285714285714286,0.0,0.9571428571428572,0.013678987733551279,2.905846539397361e-05,0.9862919538010548
10,sedentary,sedentary,sedentary,0.05,0.0,0.95,0.012662287731551853,3.156919422894564e-06,0.9873345553490253
10,sedentary,sedentary,light,0.3057142857142857,0.0014285714285714286,0.6928571428571428,0.8583482007585206,8.87545939254636e-06,0.14164292378208687
10,sedentary,sedentary,sedentary,0.09714285714285714,0.0,0.9028571428571428,0.036559179684332234,3.0626502992009646e-06,0.9634377576653685
10,sedentary,sedentary,sedentary,0.03571428571428571,0.0,0.9642857142857143,0.007938934024181036,2.025178268041494e-07,0.992060863457992
10,sedentary,sedentary,sedentary,0.1657142857142857,0.0,0.8342857142857143,0.1315272266752999,3.110815276399301e-05,0.8684416651719361
10,sedentary,sedentary,sedentary,0.4085714285714286,0.0,0.5914285714285714,0.3047100223653643,5.923623498063159e-06,0.6952840540111376
10,sedentary,sedentary,sedentary,0.1357142857142857,0.0,0.8642857142857143,0.11175479291185149,3.8664375363677897e-07,0.8882448204443949
10,sedentary,sedentary,sedentary,0.16428571428571428,0.0,0.8357142857142857,0.07325933318655502,3.7498505364237854e-08,0.9267406293149397
10,sedentary,sedentary,sedentary,0.041428571428571426,0.0,0.9585714285714285,0.08855005783286778,0.00019901869046613638,0.9112509234766661
10,sedentary,sedentary,sedentary,0.008571428571428572,0.0,0.9914285714285714,0.057158000751437406,4.300011753193848e-05,0.9427989991310307
10,sedentary,sedentary,sedentary,0.017142857142857144,0.0,0.9828571428571429,0.037676303581775844,0.0002149343057557361,0.9621087621124684
10,sedentary,sedentary,sedentary,0.012857142857142857,0.0,0.9871428571428571,0.026816982307779836,0.0013344557803139864,0.9718485619119062
10,sedentary,sedentary,sedentary,0.008571428571428572,0.0,0.9914285714285714,0.018603486401445206,0.0018501725013928814,0.979546341097162
10,sedentary,sedentary,sedentary,0.32571428571428573,0.0,0.6742857142857143,0.1265224484106929,1.1018386550892336e-05,0.8734665332027561
10,sedentary,sedentary,sedentary,0.23285714285714285,0.0,0.7671428571428571,0.06301773988514231,2.2504280050253893e-06,0.9369800096868527
10,sedentary,sedentary,sedentary,0.23142857142857143,0.0,0.7685714285714286,0.13559205805401175,9.170368702397017e-07,0.8644070249091179
10,sedentary,sedentary,sedentary,0.05,0.0,0.95,0.09976679543239046,0.00013879318324849094,0.9000944113843611
10,sedentary,sedentary,sedentary,0.13142857142857142,0.0,0.8685714285714285,0.070010731939331,8.413817216282601e-05,0.9299051298885063
10,light,light,moderate-vigorous,0.7928571428571428,0.20714285714285716,0.0,0.43073499759264267,0.5689117719253155,0.0003532304820419228
10,light,light,light,0.9542857142857143,0.045714285714285714,0.0,0.7474554540391497,0.25206096844142734,0.000483577519423083
10,light,light,moderate-vigorous,0.9571428571428572,0.04285714285714286,0.0,0.48601769994931854,0.5132282361974686,0.0007540638532127994
10,light,light,light,0.9557142857142857,0.04285714285714286,0.0014285714285714286,0.5798540504069826,0.41803401346163366,0.0021119361313838955
10,light,light,light,0.9571428571428572,0.04285714285714286,0.0,0.7740463486253967,0.22473289426777898,0.001220757106824442
10,light,light,light,0.7071428571428572,0.29285714285714287,0.0,0.5921965549572834,0.40755637630598784,0.00024706873672865695
10,light,light,light,0.8142857142857143,0.18571428571428572,0.0,0.551622185554011,0.44792118273271103,0.00045663171327798636
10,light,light,moderate-vigorous,0.6657142857142857,0.33285714285714285,0.0014285714285714286,0.3346540525128685,0.6652703926040268,7.55548831047445e-05
10,light,light,moderate-vigorous,0.5014285714285714,0.49714285714285716,0.0014285714285714286,0.2556595690060988,0.7443150110094726,2.5419984428569788e-05
10,light,light,moderate-vigorous,0.5542857142857143,0.44571428571428573,0.0,0.194188059230513,0.8056453542143945,0.00016658655509251534
10,light,moderate-vigorous,moderate-vigorous,0.2985714285714286,0.7,0.0014285714285714286,0.1310751035044578,0.8689015437456749,2.3352749867414327e-05
10,light,moderate-vigorous,moderate-vigorous,0.42714285714285716,0.5714285714285714,0.0014285714285714286,0.2749817934409881,0.7249963458044084,2.186075460348152e-05
10,light,light,moderate-vigorous,0.69,0.31,0.0,0.2553759142661147,0.744562234925193,6.185080869237549e-05
10,light,light,moderate-vigorous,0.7857142857142857,0.21285714285714286,0.0014285714285714286,0.44333352751894584,0.5547311686066582,0.0019353038743961351
10,light,light,moderate-vigorous,0.8057142857142857,0.19428571428571428,0.0,0.3321023913718034,0.667735367584443,0.0001622410437535162
10,light,light,moderate-vigorous,0.7628571428571429,0.23714285714285716,0.0,0.39693437290690664,0.6028573436331819,0.0002082834599114517
10,light,light,light,0.8814285714285715,0.11714285714285715,0.0014285714285714286,0.6407075774120117,0.3574212270356034,0.0018711955523848457
10,light,light,light,0.8014285714285714,0.19857142857142857,0.0,0.5211231663912876,0.4787056188873286,0.00017121472138364975
10,light,light,moderate-vigorous,0.69,0.30857142857142855,0.0014285714285714286,0.4038295937331663,0.5960604595658033,0.00010994670103040238
10,light,moderate-vigorous,moderate-vigorous,0.16142857142857142,0.8385714285714285,0.0,0.06891412308677948,0.9310836358108996,2.241102320991214e-06
10,light,moderate-vigorous,moderate-vigorous,0.16428571428571428,0.8357142857142857,0.0,0.07958227486325088,0.9204169784241937,7.467125553732366e-07
10,light,moderate-vigorous,moderate-vigorous,0.4928571428571429,0.5028571428571429,0.004285714285714286,0.2904834338908014,0.7094239150711779,9.265103802083986e-05
10,light,moderate-vigorous,moderate-vigorous,0.45,0.5485714285714286,0.0014285714285714286,0.24926634448080295,0.7506758511794402,5.780433975687434e-05
10,light,moderate-vigorous,moderate-vigorous,0.45571428571428574,0.5428571428571428,0.0014285714285714286,0.4948646547072506,0.5051224718484563,1.2873444292987653e-05
10,light,light,moderate-vigorous,0.6957142857142857,0.3028571428571429,0.0014285714285714286,0.3350915962162699,0.6644479715208677,0.0004604322628623982
10,light,light,moderate-vigorous,0.6071428571428571,0.39285714285714285,0.0,0.11667192337772121,0.8832300357277733,9.804089450544891e-05
10,moderate-vigorous,moderate-vigorous,moderate-vigorous,0.018571428571428572,0.9814285714285714,0.0,0.10918681934301552,0.8908128399549169,3.407020674967514e-07
10,moderate-vigorous,moderate-vigorous,moderate-vigorous,0.0014285714285714286,0.9985714285714286,0.0,0.06492446488857255,0.9350740546074667,1.4805039607988251e-06
10,moderate-vigorous,moderate-vigorous,moderate-vigorous,0.007142857142857143,0.9928571428571429,0.0,0.06308964155555145,0.9368946261852124,1.5732259236265112e-05
10,moderate-vigorous,moderate-vigorous,moderate-vigorous,0.007142857142857143,0.9928571428571429,0.0,0.02584823331040475,0.9741511356593542,6.310302410976502e-07
10,moderate-vigorous,moderate-vigorous,moderate-vigorous,0.007142857142857143,0.9928571428571429,0.0,0.03402375179424294,0.9659760311209116,2.1708484546699786e-07
10,moderate-vigorous,moderate-vigorous,moderate-vigorous,0.002857142857142857,0.9971428571428571,0.0,0.029096974724994486,0.9709027195477459,3.057272597677461e-07
10,moderate-vigorous,moderate-vigorous,moderate-vigorous,0.004285714285714286,0.9957142857142857,0.0,0.0323495967169586,0.9676501296551167,2.736279248934348e-07
10,moderate-vigorous,moderate-vigorous,moderate-vigorous,0.002857142857142857,0.9971428571428571,0.0,0.043062244584787183,0.9569377519742409,3.4409719843573977e-09
10,moderate-vigorous,moderate-vigorous,moderate-vigorous,0.012857142857142857,0.9871428571428571,0.0,0.09256484580641777,0.9074349507054675,2.0348811477410295e-07
10,moderate-vigorous,moderate-vigorous,moderate-vigorous,0.06,0.94,0.0,0.014794361492509941,0.9852041188685301,1.5196389600040138e-06
10,moderate-vigorous,moderate-vigorous,moderate-vigorous,0.03428571428571429,0.9657142857142857,0.0,0.04656580532938682,0.9534340546505699,1.4002004334763932e-07
10,moderate-vigorous,moderate-vigorous,moderate-vigorous,0.01,0.99,0.0,0.0037933769767923052,0.9962066222348426,7.883650057429115e-10
10,moderate-vigorous,moderate-vigorous,moderate-vigorous,0.004285714285714286,0.9957142857142857,0.0,0.04026249548068398,0.9597371565462354,3.479730807076651e-07
10,moderate-vigorous,moderate-vigorous,moderate-vigorous,0.0014285714285714286,0.9985714285714286,0.0,0.03703182753722107,0.9629680828321721,8.963060686829824e-08
10,moderate-vigorous,moderate-vigorous,moderate-vigorous,0.008571428571428572,0.9914285714285714,0.0,0.03471969868052553,0.9652788208502405,1.4804692338146093e-06
10,moderate-vigorous,moderate-vigorous,moderate-vigorous,0.014285714285714285,0.9857142857142858,0.0,0.012836972890086697,0.9871629524514004,7.46585128766552e-08
10,moderate-vigorous,moderate-vigorous,moderate-vigorous,0.017142857142857144,0.9828571428571429,0.0,0.011736650571084622,0.9882629979050159,3.515238993490361e-07
10,moderate-vigorous,moderate-vigorous,moderate-vigorous,0.004285714285714286,0.9957142857142857,0.0,0.21837058380309296,0.7816248884622454,4.52773466164045e-06
10,moderate-vigorous,moderate-vigorous,moderate-vigorous,0.007142857142857143,0.9928571428571429,0.0,0.05964314501093703,0.9403553989610737,1.456027989388959e-06
10,moderate-vigorous,moderate-vigorous,moderate-vigorous,0.2785714285714286,0.7185714285714285,0.002857142857142857,0.08961208938010223,0.9102039278287419,0.0001839827911559101
10,moderate-vigorous,light,moderate-vigorous,0.56,0.44,0.0,0.25374851346314414,0.7458054057764463,0.00044608076040953147
10,moderate-vigorous,light,moderate-vigorous,0.5942857142857143,0.4042857142857143,0.0014285714285714286,0.40533722211375944,0.5940966609439619,0.0005661169422786602
10,moderate-vigorous,light,moderate-vigorous,0.54,0.4585714285714286,0.0014285714285714286,0.4229221531158739,0.5762095640406203,0.0008682828435057946
10,moderate-vigorous,light,light,0.62,0.37714285714285717,0.002857142857142857,0.807434306333587,0.18997463538994433,0.002591058276468608
10,moderate-vigorous,moderate-vigorous,light,0.4228571428571429,0.5728571428571428,0.004285714285714286,0.6525985933263042,0.34507931322124785,0.0023220934524480438
10,moderate-vigorous,moderate-vigorous,moderate-vigorous,0.44285714285714284,0.5542857142857143,0.002857142857142857,0.3648884991984019,0.6334240181762455,0.001687482625352513
10,moderate-vigorous,light,light,0.6014285714285714,0.3985714285714286,0.0,0.5429900171562658,0.4556299321726659,0.0013800506710683095
10,moderate-vigorous,moderate-vigorous,moderate-vigorous,0.3,0.6942857142857143,0.005714285714285714,0.19719978437574467,0.8017269667831626,0.0010732488410926588
10,moderate-vigorous,light,moderate-vigorous,0.6685714285714286,0.33,0.0014285714285714286,0.32375668164548427,0.6752592482906374,0.0009840700638783387
10,moderate-vigorous,light,light,0.6514285714285715,0.3485714285714286,0.0,0.5885040603061246,0.40810819268896253,0.0033877470049129537
10,moderate-vigorous,moderate-vigorous,light,0.4,0.6,0.0,0.505216792385452,0.47493816789161725,0.019845039722930672
10,moderate-vigorous,moderate-vigorous,moderate-vigorous,0.3742857142857143,0.6214285714285714,0.004285714285714286,0.3235996720794724,0.6757414263286958,0.0006589015918317417
10,moderate-vigorous,moderate-vigorous,moderate-vigorous,0.19285714285714287,0.8057142857142857,0.0014285714285714286,0.21696597988618563,0.7830066944448454,2.7325668968923676e-05
10,moderate-vigorous,moderate-vigorous,light,0.31857142857142856,0.6771428571428572,0.004285714285714286,0.6920346932079688,0.30788894014825496,7.636664377619874e-05
10,moderate-vigorous,moderate-vigorous,moderate-vigorous,0.3442857142857143,0.6542857142857142,0.0014285714285714286,0.40579922243835237,0.5938678924452518,0.0003328851163958199
10,moderate-vigorous,moderate-vigorous,moderate-vigorous,0.43714285714285717,0.5614285714285714,0.0014285714285714286,0.20761369555452167,0.7917405347482398,0.000645769697238489
10,moderate-vigorous,light,moderate-vigorous,0.6485714285714286,0.35,0.0014285714285714286,0.3777317105459111,0.6215566244596049,0.0007116649944841111
10,moderate-vigorous,light,light,0.9028571428571428,0.09714285714285714,0.0,0.8238612519888829,0.17319924315612442,0.002939504854992734
10,moderate-vigorous,light,light,0.7357142857142858,0.26285714285714284,0.0014285714285714286,0.5324114016119864,0.4656190461636369,0.001969552224376703
10,moderate-vigorous,light,light,0.6957142857142857,0.3028571428571429,0.0014285714285714286,0.6160115032681106,0.38326013566878886,0.0007283610631005335
10,moderate-vigorous,moderate-vigorous,moderate-vigorous,0.38142857142857145,0.6171428571428571,0.0014285714285714286,0.3242314957671757,0.6756790944903188,8.940974250539831e-05
10,moderate-vigorous,light,light,0.5785714285714286,0.42,0.0014285714285714286,0.7012254080575548,0.2983887489899117,0.0003858429525334523
10,moderate-vigorous,light,light,0.5028571428571429,0.49714285714285716,0.0,0.540639757430768,0.4583968484167613,0.0009633941524707731
12,light,light,light,0.6085714285714285,0.0,0.3914285714285714,0.669880397639649,0.0003504896308972807,0.3297691127294537
12,light,light,light,0.8014285714285714,0.0,0.19857142857142857,0.9508874782093706,6.5939288343897545e-06,0.04910592786179503
12,light,sedentary,light,0.4714285714285714,0.0,0.5285714285714286,0.7849485465842039,1.0544800383847357e-06,0.21505039893575775
12,light,light,light,0.6614285714285715,0.0,0.3385714285714286,0.5791630066470971,1.870781050583406e-05,0.4208182855423971
12,light,light,light,0.9028571428571428,0.0,0.09714285714285714,0.8107830809859773,1.3455574441087306e-05,0.1892034634395817
12,light,light,light,0.65,0.0,0.35,0.6318792195545317,1.8703867876112132e-05,0.36810207657759214
12,light,sedentary,light,0.38571428571428573,0.0,0.6142857142857143,0.5627114154959338,1.2810352411680273e-05,0.4372757741516546
12,light,sedentary,sedentary,0.24428571428571427,0.0,0.7557142857142857,0.48394104669447124,9.617528194325102e-06,0.5160493357773344
12,light,light,light,0.6528571428571428,0.0,0.34714285714285714,0.5767933620524257,2.3232308262138614e-05,0.4231834056393121
12,light,light,light,0.8042857142857143,0.0,0.1957142857142857,0.6911461573083136,5.355478705413077e-06,0.3088484872129811
12,light,light,sedentary,0.5714285714285714,0.0,0.42857142857142855,0.38495225491796187,1.3883003751620724e-05,0.6150338620782865
12,light,light,light,0.5828571428571429,0.0,0.41714285714285715,0.6805519590431142,8.8652725068804e-06,0.319439175684379
12,light,light,light,0.6257142857142857,0.0,0.3742857142857143,0.5894790659049496,0.00013859320061471828,0.4103823408944357
12,light,sedentary,sedentary,0.27714285714285714,0.0,0.7228571428571429,0.0904485917350956,1.7339644368889685e-05,0.9095340686205354
12,light,sedentary,sedentary,0.2257142857142857,0.0,0.7742857142857142,0.2414555077043773,1.4991471995255835e-05,0.7585295008236275
12,light,sedentary,light,0.3385714285714286,0.0,0.6614285714285715,0.74370727846056,9.04805312203406e-06,0.25628367348631803
12,light,sedentary,light,0.44285714285714284,0.0,0.5571428571428572,0.8484530020486021,1.2203212902096099e-06,0.15154577763010757
12,light,sedentary,light,0.16714285714285715,0.0,0.8328571428571429,0.6467427253526018,2.2509758663879932e-05,0.35323476488873434
12,light,light,light,0.5057142857142857,0.0,0.4942857142857143,0.5068432220382757,1.663022133224995e-05,0.493140147740392
12,light,light,light,0.6957142857142857,0.0,0.30428571428571427,0.6759419147542066,3.386678089458045e-06,0.32405469856770397
12,light,light,light,0.5957142857142858,0.0,0.4042857142857143,0.7998147665344473,5.3640198773740496e-06,0.20017986944567537
12,light,light,light,0.7914285714285715,0.0,0.20857142857142857,0.8299295907280089,4.9112327120267424e-05,0.17002129694487095
12,light,light,light,0.5828571428571429,0.0,0.41714285714285715,0.6529963324208732,5.265886803544204e-05,0.3469510087110914
12,light,light,light,0.5942857142857143,0.0,0.4057142857142857,0.6770256748816089,1.6473232324015223e-05,0.322957851886067
12,light,light,light,0.8614285714285714,0.0,0.13857142857142857,0.8989622458761694,5.802610122256609e-05,0.100979728022608
12,light,light,light,0.8528571428571429,0.0,0.14714285714285713,0.9417701376363725,6.830720186076014e-06,0.05822303164344125
12,light,light,light,0.5985714285714285,0.0,0.4014285714285714,0.8802688495033153,2.7955640302975675e-06,0.1197283549326545
12,sedentary,sedentary,sedentary,0.04857142857142857,0.0014285714285714286,0.95,0.003986760584629401,0.0027978982401543786,0.9932153411752163
12,sedentary,light,light,0.7714285714285715,0.0,0.22857142857142856,0.9346029634781576,2.2077899717912093e-05,0.06537495862212435
12,sedentary,sedentary,light,0.25142857142857145,0.0,0.7485714285714286,0.570403350997806,0.0012295073146104411,0.42836714168758344
12,sedentary,sedentary,sedentary,0.11714285714285715,0.0,0.8828571428571429,0.10146827628856762,0.0007665354614585178,0.8977651882499738
12,sedentary,sedentary,sedentary,0.06285714285714286,0.0,0.9371428571428572,0.12653341955464556,0.00013042328929192219,0.8733361571560626
12,sedentary,sedentary,sedentary,0.11142857142857143,0.0,0.8885714285714286,0.11457510091174085,0.0008298022797905086,0.8845950968084686
12,sedentary,sedentary,sedentary,0.05,0.0,0.95,0.05913750155689984,0.0007113542715617007,0.9401511441715386
12,sedentary,sedentary,sedentary,0.018571428571428572,0.0,0.9814285714285714,0.03937042333192576,0.0007124550903130152,0.9599171215777612
12,sedentary,sedentary,sedentary,0.06857142857142857,0.0,0.9314285714285714,0.04942497911972608,4.0242454217139e-05,0.9505347784260568
12,sedentary,sedentary,sedentary,0.02,0.0,0.98,0.06657040253030189,2.0005663664958864e-05,0.9334095918060331
12,sedentary,sedentary,sedentary,0.022857142857142857,0.0,0.9771428571428571,0.1884806391433501,0.0001847499313772662,0.8113346109252727
12,sedentary,sedentary,sedentary,0.014285714285714285,0.0,0.9857142857142858,0.15103247349974985,0.00017049451905613467,0.8487970319811942
12,sedentary,sedentary,sedentary,0.10571428571428572,0.0,0.8942857142857142,0.008444282232623892,0.0043647228412305615,0.9871909949261455
12,sedentary,sedentary,light,0.4328571428571429,0.0,0.5671428571428572,0.5420056027681174,0.003793717233952515,0.45420067999793007
12,sedentary,sedentary,light,0.47,0.0,0.53,0.6135849301428021,0.00039788323094624056,0.38601718662625156
12,sedentary,light,light,0.5614285714285714,0.0,0.43857142857142856,0.5546499981073839,0.0021055761814061497,0.44324442571120987
12,sedentary,light,light,0.5585714285714286,0.0,0.44142857142857145,0.5411972798232837,0.0003560392929046706,0.4584466808838116
12,sedentary,light,sedentary,0.5728571428571428,0.0,0.42714285714285716,0.3644743970735331,0.00045362874898496305,0.6350719741774821
12,sedentary,sedentary,sedentary,0.4828571428571429,0.0,0.5171428571428571,0.3223775961781279,0.00013491134976171092,0.6774874924721104
12,sedentary,light,light,0.5957142857142858,0.0,0.4042857142857143,0.5244777407856237,7.44624108406664e-05,0.4754477968035356
12,sedentary,sedentary,sedentary,0.3985714285714286,0.0,0.6014285714285714,0.3218717381907387,3.14652025983427e-05,0.678096796606663
12,sedentary,sedentary,sedentary,0.37285714285714283,0.0,0.6271428571428571,0.3704193514620796,4.485849851597447e-06,0.6295761626880687
12,sedentary,sedentary,sedentary,0.3,0.0,0.7,0.3501737425172256,9.877420832603393e-06,0.6498163800619418
12,sedentary,light,light,0.5657142857142857,0.0,0.4342857142857143,0.6297198769596052,0.0001614415997768441,0.37011868144061794
12,sedentary,light,light,0.7414285714285714,0.0,0.25857142857142856,0.6748448346261207,0.010522475474253239,0.3146326898996261
12,sedentary,light,light,0.84,0.0,0.16,0.8353414609693536,0.0010918180438079456,0.16356672098683855
12,sedentary,light,light,0.8128571428571428,0.0,0.18714285714285714,0.7514681361452751,0.0012816344467150816,0.24725022940800984
12,sedentary,light,light,0.7671428571428571,0.0,0.23285714285714285,0.6477091372144383,0.0007290045734005509,0.35156185821216107
12,sedentary,sedentary,sedentary,0.06714285714285714,0.13857142857142857,0.7942857142857143,0.0013096099434200584,0.32944275195191436,0.6692476381046656
12,sedentary,sedentary,light,0.3171428571428571,0.0,0.6828571428571428,0.5338817103393588,0.0004307048902474974,0.46568758477039374
12,sedentary,sedentary,sedentary,0.16142857142857142,0.0,0.8385714285714285,0.26975282456731214,3.574959729849153e-05,0.7302114258353893
12,sedentary,sedentary,sedentary,0.055714285714285716,0.0,0.9442857142857143,0.0376463940572074,7.447575875889729e-05,0.9622791301840337
12,sedentary,sedentary,sedentary,0.015714285714285715,0.0,0.9842857142857143,0.025654997905901974,9.88810969541358e-05,0.9742461209971439
12,sedentary,sedentary,sedentary,0.015714285714285715,0.0,0.9842857142857143,0.006865779014170851,0.0001969846224582549,0.992937236363371
12,sedentary,sedentary,sedentary,0.03571428571428571,0.0,0.9642857142857143,0.07405439984071897,5.089055670353637e-05,0.9258947096025774
12,sedentary,sedentary,sedentary,0.11714285714285715,0.0,0.8828571428571429,0.12486166958149598,1.125039801751284e-05,0.8751270800204864
12,sedentary,sedentary,sedentary,0.18857142857142858,0.0,0.8114285714285714,0.24066376933065559,3.5142211920101885e-06,0.7593327164481524
12,sedentary,sedentary,sedentary,0.26571428571428574,0.0,0.7342857142857143,0.3998699693621463,1.681140804823811e-05,0.6001132192298054
12,sedentary,sedentary,sedentary,0.15285714285714286,0.0,0.8471428571428572,0.30143027685622015,4.233710565033556e-05,0.6985273860381296
12,sedentary,sedentary,sedentary,0.02,0.0,0.98,0.007563207867490493,9.482362731990931e-05,0.9923419685051896
12,sedentary,sedentary,sedentary,0.05714285714285714,0.0,0.9428571428571428,0.0034523569339697958,3.3872570584795914e-05,0.9965137704954453
12,sedentary,sedentary,sedentary,0.002857142857142857,0.0,0.9971428571428571,0.010356585014934838,0.00010741210855843644,0.9895360028765067
12,sedentary,sedentary,sedentary,0.037142857142857144,0.0,0.9628571428571429,0.11298803478855969,0.003476776423870081,0.8835351887875703
12,sedentary,sedentary,sedentary,0.015714285714285715,0.0,0.9842857142857143,0.022018045588439075,0.0014651279313754064,0.9765168264801855
12,sedentary,sedentary,sedentary,0.004285714285714286,0.0,0.9957142857142857,0.004437691381376309,0.00014791865718425464,0.9954143899614395
12,sedentary,sedentary,sedentary,0.027142857142857142,0.0,0.9728571428571429,0.001037851385069804,2.132882107949735e-06,0.9989600157328222
12,sedentary,sedentary,sedentary,0.011428571428571429,0.0,0.9885714285714285,0.012428547412880507,7.206973609394391e-06,0.9875642456135101
12,sedentary,sedentary,sedentary,0.005714285714285714,0.0,0.9942857142857143,0.005021289851917253,7.101745524270179e-05,0.9949076926928401
12,sedentary,sedentary,sedentary,0.0,0.0,1.0,0.005334160156712946,0.00011230234356077534,0.9945535374997263
12,sedentary,sedentary,sedentary,0.005714285714285714,0.0,0.9942857142857143,0.003650611191761245,7.810784414257397e-06,0.9963415780238244
12,sedentary,sedentary,sedentary,0.0,0.0,1.0,0.011740610704856852,2.001611145493125e-05,0.9882393731836883
12,sedentary,sedentary,sedentary,0.007142857142857143,0.0,0.9928571428571429,0.004044631978357424,3.621569231817008e-05,0.9959191523293244
12,sedentary,sedentary,sedentary,0.0014285714285714286,0.0,0.9985714285714286,0.03749178221515925,9.230923514479245e-06,0.9624989868613262
12,sedentary,sedentary,sedentary,0.0014285714285714286,0.0,0.9985714285714286,0.007142744604703289,1.2777874957524657e-05,0.9928444775203392
12,sedentary,sedentary,sedentary,0.007142857142857143,0.0,0.9928571428571429,0.0006070609078323767,1.347284492559772e-05,0.9993794662472419
12,light,moderate-vigorous,moderate-vigorous,0.48428571428571426,0.5157142857142857,0.0,0.49845290186703584,0.50141457726871,0.00013252086425407956
12,light,light,moderate-vigorous,0.6257142857142857,0.3742857142857143,0.0,0.3547820798680849,0.6450914124242729,0.00012650770764218334
12,light,light,light,0.7442857142857143,0.2557142857142857,0.0,0.7540646259646053,0.24569031649234682,0.00024505754304786153
12,light,light,light,0.9157142857142857,0.08428571428571428,0.0,0.8592282560217086,0.13704492686161907,0.0037268171166723496
12,light,light,light,0.5171428571428571,0.4828571428571429,0.0,0.5957931701781405,0.40376330368395547,0.0004435261379039667
12,light,moderate-vigorous,moderate-vigorous,0.4328571428571429,0.5671428571428572,0.0,0.4696207023720055,0.5302959180674487,8.337956054588657e-05
12,light,light,light,0.7971428571428572,0.20285714285714285,0.0,0.6301115298569351,0.3693485849070084,0.000539885236056569
12,light,light,light,0.8914285714285715,0.10857142857142857,0.0,0.8400545340460017,0.1579191531992169,0.0020263127547812663
12,light,light,light,0.85,0.15,0.0,0.8124264365518553,0.18555903351934974,0.0020145299287947956
12,light,light,light,0.8828571428571429,0.11714285714285715,0.0,0.8355555914824084,0.1637328904877802,0.0007115180298113256
12,light,light,light,0.94,0.06,0.0,0.8875441565131394,0.11198497248539024,0.0004708710014702569
12,light,light,light,0.93,0.07,0.0,0.9333016466633838,0.06629019162063997,0.0004081617159762604
12,light,light,light,0.8642857142857143,0.1357142857142857,0.0,0.8978851323216931,0.10027675609445562,0.0018381115838512312
12,light,light,light,0.81,0.18857142857142858,0.0014285714285714286,0.7968424440075238,0.19446527639941194,0.008692279593064267
12,light,light,light,0.8114285714285714,0.18857142857142858,0.0,0.6846895811606832,0.31080167151208354,0.004508747327233179
12,light,light,light,0.8871428571428571,0.11285714285714285,0.0,0.8141130203083846,0.18552757087983507,0.0003594088117803084
12,light,light,light,0.8014285714285714,0.19857142857142857,0.0,0.7548816851539765,0.24507232233580317,4.5992510220463036e-05
12,light,light,light,0.8457142857142858,0.15428571428571428,0.0,0.7780154104838374,0.22121640558046599,0.0007681839356965827
12,light,light,light,0.88,0.12,0.0,0.8757406085784321,0.12092877475231735,0.003330616669250684
12,light,light,light,0.9928571428571429,0.007142857142857143,0.0,0.9712795214753968,0.027068801165238562,0.001651677359364681
12,light,light,light,0.9414285714285714,0.05857142857142857,0.0,0.956054922693146,0.043288388711129965,0.0006566885957239221
12,light,light,light,0.9514285714285714,0.04857142857142857,0.0,0.9486570788717429,0.050352075353416334,0.000990845774840749
12,light,light,light,0.7228571428571429,0.27714285714285714,0.0,0.8036647470705396,0.19428808187352972,0.0020471710559306702
12,light,light,moderate-vigorous,0.5242857142857142,0.4757142857142857,0.0,0.43904992831406386,0.5607964893100592,0.00015358237587690982
12,light,moderate-vigorous,moderate-vigorous,0.4614285714285714,0.5385714285714286,0.0,0.424976974186731,0.5749130605928581,0.00010996522041095439
12,light,light,light,0.8742857142857143,0.12571428571428572,0.0,0.7993993965128084,0.19964480197341294,0.0009558015137786334
12,light,light,light,0.8928571428571429,0.10714285714285714,0.0,0.8595123024358345,0.13660802217513218,0.0038796753890333094
12,moderate-vigorous,moderate-vigorous,moderate-vigorous,0.004285714285714286,0.9957142857142857,0.0,0.20988593784978876,0.7900910355142007,2.3026636010644947e-05
12,moderate-vigorous,moderate-vigorous,moderate-vigorous,0.022857142857142857,0.9771428571428571,0.0,0.10956967720356316,0.8903731726930572,5.7150103379763185e-05
12,moderate-vigorous,moderate-vigorous,moderate-vigorous,0.09428571428571429,0.9057142857142857,0.0,0.24083619650536095,0.7587737106069685,0.000390092887670543
12,moderate-vigorous,moderate-vigorous,moderate-vigorous,0.011428571428571429,0.9885714285714285,0.0,0.10882136665917494,0.891172177563691,6.455777133861731e-06
12,moderate-vigorous,moderate-vigorous,moderate-vigorous,0.007142857142857143,0.9928571428571429,0.0,0.06893635760383306,0.9310620054849382,1.636911228776665e-06
12,moderate-vigorous,moderate-vigorous,moderate-vigorous,0.3271428571428571,0.6728571428571428,0.0,0.4803661118698737,0.5179075810222905,0.0017263071078356853
12,moderate-vigorous,moderate-vigorous,moderate-vigorous,0.10428571428571429,0.8957142857142857,0.0,0.31999311928261864,0.6797660123608831,0.00024086835649832054
12,moderate-vigorous,moderate-vigorous,moderate-vigorous,0.1442857142857143,0.8557142857142858,0.0,0.3825525223912563,0.6174022927534957,4.518485524790633e-05
12,moderate-vigorous,moderate-vigorous,moderate-vigorous,0.13857142857142857,0.8614285714285714,0.0,0.08647244595706113,0.9134190720797857,0.00010848196315324438
12,moderate-vigorous,moderate-vigorous,moderate-vigorous,0.04428571428571428,0.9557142857142857,0.0,0.11096076375019662,0.8887134246808379,0.0003258115689656054
12,moderate-vigorous,moderate-vigorous,moderate-vigorous,0.07142857142857142,0.9285714285714286,0.0,0.05936701957085403,0.9404846593798318,0.00014832104931415755
12,moderate-vigorous,moderate-vigorous,moderate-vigorous,0.14857142857142858,0.8514285714285714,0.0,0.17754097496032686,0.8218190657120262,0.0006399593276468331
12,moderate-vigorous,moderate-vigorous,moderate-vigorous,0.11,0.8885714285714286,0.0014285714285714286,0.07497933627166796,0.924372058550597,0.0006486051777351795
12,moderate-vigorous,moderate-vigorous,moderate-vigorous,0.015714285714285715,0.9842857142857143,0.0,0.08361716179110586,0.9163806556872407,2.1825216533471505e-06
12,moderate-vigorous,moderate-vigorous,moderate-vigorous,0.002857142857142857,0.9971428571428571,0.0,0.06791543758776172,0.9320829374704198,1.6249418185761986e-06
12,moderate-vigorous,moderate-vigorous,moderate-vigorous,0.07,0.93,0.0,0.311400465163861,0.6880637462285845,0.0005357886075544024
12,moderate-vigorous,moderate-vigorous,moderate-vigorous,0.18142857142857144,0.8185714285714286,0.0,0.4770969476015489,0.5166006741520665,0.006302378246384545
12,moderate-vigorous,moderate-vigorous,moderate-vigorous,0.032857142857142856,0.9671428571428572,0.0,0.10432495818388375,0.8956635889666706,1.1452849445580061e-05
12,moderate-vigorous,moderate-vigorous,moderate-vigorous,0.04,0.96,0.0,0.14937008475126867,0.85061651924087,1.3396007861162815e-05
12,moderate-vigorous,moderate-vigorous,light,0.4942857142857143,0.5042857142857143,0.0014285714285714286,0.7312659419417364,0.2589648785057735,0.009769179552490181
12,moderate-vigorous,moderate-vigorous,light,0.3742857142857143,0.6242857142857143,0.0014285714285714286,0.8500551217460685,0.134985586603943,0.014959291649988623
12,moderate-vigorous,moderate-vigorous,light,0.19857142857142857,0.8014285714285714,0.0,0.6696499341733686,0.33021595667461523,0.0001341091520162522
12,moderate-vigorous,moderate-vigorous,light,0.14285714285714285,0.8571428571428571,0.0,0.6850117076252668,0.3139574423753221,0.0010308499994111182
12,moderate-vigorous,moderate-vigorous,light,0.09857142857142857,0.9014285714285715,0.0,0.8146709765565252,0.18349777138483447,0.0018312520586402773
12,moderate-vigorous,moderate-vigorous,moderate-vigorous,0.09,0.91,0.0,0.17251975816286533,0.8272307842017245,0.0002494576354101996
12,moderate-vigorous,moderate-vigorous,moderate-vigorous,0.40714285714285714,0.5914285714285714,0.0014285714285714286,0.41183512290874147,0.5866516496745833,0.0015132274166753453
12,moderate-vigorous,moderate-vigorous,moderate-vigorous,0.21285714285714286,0.7842857142857143,0.002857142857142857,0.2567729703738051,0.7425550548956124,0.0006719747305825039
12,moderate-vigorous,moderate-vigorous,moderate-vigorous,0.2342857142857143,0.7642857142857142,0.0014285714285714286,0.43474000473054286,0.5640755404882934,0.0011844547811638133
12,moderate-vigorous,moderate-vigorous,light,0.36714285714285716,0.6314285714285715,0.0014285714285714286,0.7399403593625198,0.25781229678314205,0.0022473438543380683
12,moderate-vigorous,moderate-vigorous,light,0.35428571428571426,0.6428571428571429,0.002857142857142857,0.7039292914374078,0.2931356198158897,0.002935088746702593
12,moderate-vigorous,moderate-vigorous,moderate-vigorous,0.022857142857142857,0.9771428571428571,0.0,0.18332444553584884,0.8156897522594453,0.000985802204705831
12,moderate-vigorous,moderate-vigorous,moderate-vigorous,0.08,0.92,0.0,0.20670170301719698,0.7930988894729045,0.00019940750989835013
12,moderate-vigorous,moderate-vigorous,moderate-vigorous,0.3871428571428571,0.6128571428571429,0.0,0.41878371662414965,0.578345577277953,0.0028707060978973953
12,moderate-vigorous,moderate-vigorous,moderate-vigorous,0.09,0.9071428571428571,0.002857142857142857,0.3322761028650409,0.6405129661903377,0.027210930944621372
12,moderate-vigorous,moderate-vigorous,moderate-vigorous,0.018571428571428572,0.9814285714285714,0.0,0.11553003374346267,0.8830091836167366,0.0014607826398006585
12,moderate-vigorous,moderate-vigorous,moderate-vigorous,0.015714285714285715,0.9842857142857143,0.0,0.15095596423969423,0.8470448289874118,0.001999206772893832
12,moderate-vigorous,moderate-vigorous,moderate-vigorous,0.04285714285714286,0.9571428571428572,0.0,0.28619699260096415,0.7094013134627973,0.0044016939362384756
12,moderate-vigorous,moderate-vigorous,moderate-vigorous,0.19857142857142857,0.8014285714285714,0.0,0.49541906030137745,0.49604552634039545,0.008535413358227174
12,moderate-vigorous,moderate-vigorous,moderate-vigorous,0.007142857142857143,0.9928571428571429,0.0,0.1355323804158698,0.8629542743038187,0.0015133452803116182
12,moderate-vigorous,moderate-vigorous,moderate-vigorous,0.09,0.91,0.0,0.36511643807060956,0.6334086040098227,0.00147495791956786
12,moderate-vigorous,moderate-vigorous,light,0.37142857142857144,0.6242857142857143,0.004285714285714286,0.5466910162202879,0.4500201801968041,0.0032888035829079084
12,moderate-vigorous,moderate-vigorous,moderate-vigorous,0.27285714285714285,0.7228571428571429,0.004285714285714286,0.3009364018291548,0.6941550563879315,0.0049085417829136495
12,moderate-vigorous,moderate-vigorous,moderate-vigorous,0.07857142857142857,0.9185714285714286,0.002857142857142857,0.34532072647110373,0.6429654804857254,0.011713793043170882
12,moderate-vigorous,moderate-vigorous,moderate-vigorous,0.18571428571428572,0.7971428571428572,0.017142857142857144,0.2803619754572731,0.712499439701413,0.007138584841313793
12,moderate-vigorous,moderate-vigorous,moderate-vigorous,0.054285714285714284,0.9442857142857143,0.0014285714285714286,0.4590376894147406,0.5301072183672424,0.010855092218017084
12,moderate-vigorous,moderate-vigorous,moderate-vigorous,0.02,0.98,0.0,0.317529483516091,0.6666381999784802,0.01583231650542868
12,moderate-vigorous,moderate-vigorous,light,0.2571428571428571,0.7428571428571429,0.0,0.6230299691715713,0.35318982306488983,0.023780207763538903
12,moderate-vigorous,moderate-vigorous,moderate-vigorous,0.13428571428571429,0.8642857142857143,0.0014285714285714286,0.3242175615315444,0.6560103798039818,0.019772058664473836
12,moderate-vigorous,moderate-vigorous,moderate-vigorous,0.011428571428571429,0.9885714285714285,0.0,0.268727710271359,0.7273925783827473,0.0038797113458938085
12,moderate-vigorous,moderate-vigorous,moderate-vigorous,0.06142857142857143,0.9385714285714286,0.0,0.38224003092037984,0.6150839079894125,0.0026760610902077033
12,moderate-vigorous,moderate-vigorous,moderate-vigorous,0.06,0.9371428571428572,0.002857142857142857,0.42199344917676906,0.5638595660895114,0.014146984733719637
12,moderate-vigorous,moderate-vigorous,moderate-vigorous,0.027142857142857142,0.9714285714285714,0.0014285714285714286,0.23551732085301502,0.7325770593923785,0.031905619754606346
12,light,sedentary,light,0.4757142857142857,0.0014285714285714286,0.5228571428571429,0.929943795150233,0.0009981618689915493,0.06905804298077557
12,light,sedentary,light,0.4057142857142857,0.0,0.5942857142857143,0.7018227241415257,0.0003043542275734469,0.2978729216309008
12,light,light,light,0.7514285714285714,0.0,0.24857142857142858,0.8793544090650222,5.66680560275356e-05,0.1205889228789505
12,light,light,light,0.7828571428571428,0.0,0.21714285714285714,0.8896126654010467,1.6231333319042978e-05,0.11037110326563433
12,light,light,light,0.9028571428571428,0.0,0.09714285714285714,0.5272326708507286,0.0005754932368067523,0.4721918359124646
12,light,light,light,0.8285714285714286,0.0,0.17142857142857143,0.5820696003124554,0.000686883538404709,0.41724351614913996
12,light,light,sedentary,0.5014285714285714,0.0,0.49857142857142855,0.4950784624237859,0.0006187014862324874,0.5043028360899816
12,light,sedentary,light,0.4114285714285714,0.0,0.5885714285714285,0.635325540118389,8.404301258483737e-06,0.3646660555803524
12,light,light,light,0.6771428571428572,0.0,0.32285714285714284,0.7264018784508242,6.106302405903603e-07,0.27359751091893525
12,light,light,light,0.8285714285714286,0.0,0.17142857142857143,0.6121042809060389,1.211035557771658e-05,0.38788360873838346
12,light,light,light,0.8885714285714286,0.0,0.11142857142857143,0.7162611618742123,2.714603106499877e-05,0.28371169209472274
12,light,light,light,0.7628571428571429,0.0,0.23714285714285716,0.8757981078272457,2.8813874268758785e-05,0.12417307829848562
12,light,light,light,0.64,0.0,0.36,0.590451783437322,1.4758341336420466e-05,0.40953345822134174
12,light,sedentary,sedentary,0.37,0.0,0.63,0.47530375201536224,0.00013892001280247068,0.5245573279718352
12,light,sedentary,sedentary,0.4542857142857143,0.0,0.5457142857142857,0.42434991949817596,0.00015063536039050881,0.5754994451414336
12,light,sedentary,sedentary,0.44571428571428573,0.0,0.5542857142857143,0.2749152804430846,5.70206220094681e-06,0.7250790174947145
12,light,sedentary,sedentary,0.4657142857142857,0.0,0.5342857142857143,0.3714852481050733,6.810014134055734e-06,0.6285079418807926
12,light,light,sedentary,0.5514285714285714,0.0,0.44857142857142857,0.4652285479903873,2.874122477558459e-05,0.5347427107848371
12,light,light,light,0.7442857142857143,0.0,0.2557142857142857,0.7842783712950577,0.00011380335716248235,0.21560782534777964
12,light,light,light,0.7228571428571429,0.0,0.27714285714285714,0.7538229206162825,4.7755839988982294e-05,0.24612932354372843
12,light,light,light,0.9714285714285714,0.0,0.02857142857142857,0.8365171069848228,6.049330724561888e-06,0.1634768436844525
12,light,light,light,0.7914285714285715,0.0,0.20857142857142857,0.6445655239296579,2.2796102426119493e-05,0.3554116799679159
12,light,light,light,0.8271428571428572,0.0,0.17285714285714285,0.6407981692529947,2.867640156551397e-05,0.35917315434543984
12,light,sedentary,sedentary,0.31,0.0,0.69,0.4126502309375116,0.0013362105274555866,0.5860135585350329
12,light,light,light,0.9385714285714286,0.0,0.06142857142857143,0.6667420148713629,5.175646595150495e-05,0.3332062286626857
12,light,light,sedentary,0.6128571428571429,0.0,0.3871428571428571,0.4842444804462198,1.1477701936855998e-05,0.5157440418518433
12,light,light,light,0.7885714285714286,0.0,0.21142857142857144,0.8036283420000222,1.3941894496588872e-05,0.19635771610548114
12,light,light,light,0.7228571428571429,0.0,0.27714285714285714,0.8427859309547234,3.945227259575364e-05,0.15717461677268077
12,light,light,light,0.6514285714285715,0.0,0.3485714285714286,0.9184702489793694,3.654383874592203e-05,0.08149320718188473
12,light,light,light,0.5614285714285714,0.0,0.43857142857142856,0.6727403839633266,4.355246125211115e-05,0.32721606357542127
12,light,light,light,0.5514285714285714,0.0,0.44857142857142857,0.9252047763492579,1.8966555353294416e-05,0.07477625709538867
12,light,light,light,0.7414285714285714,0.0,0.25857142857142856,0.8423611346397059,1.172836860197321e-05,0.1576271369916921
12,light,light,light,0.7157142857142857,0.0,0.2842857142857143,0.7939989203950115,7.707246350462996e-06,0.205993372358638
12,light,light,light,0.6314285714285715,0.0,0.36857142857142855,0.5461613084711259,1.746742858518469e-05,0.4538212241002891
12,sedentary,sedentary,sedentary,0.3514285714285714,0.0,0.6485714285714286,0.3565262678387382,0.02462620059247795,0.6188475315687838
12,sedentary,sedentary,sedentary,0.22714285714285715,0.0,0.7728571428571429,0.26390352942242096,0.007468467879240011,0.7286280026983389
12,sedentary,light,light,0.5985714285714285,0.0,0.4014285714285714,0.5047519906082156,0.000698532902494181,0.4945494764892901
12,sedentary,light,light,0.6642857142857143,0.0,0.3357142857142857,0.6207891050618145,0.0015205994530894608,0.37769029548509614
12,sedentary,sedentary,sedentary,0.47,0.0,0.53,0.45657569226898687,0.0010428700183668965,0.5423814377126464
12,sedentary,sedentary,sedentary,0.41,0.0,0.59,0.4916463132272176,0.0012421619430470045,0.5071115248297355
12,sedentary,sedentary,sedentary,0.48428571428571426,0.0,0.5157142857142857,0.4020209666965589,0.0006506474459238866,0.5973283858575171
12,sedentary,sedentary,sedentary,0.37285714285714283,0.0,0.6271428571428571,0.34424256733273123,8.71435905731775e-05,0.6556702890766956
12,sedentary,light,light,0.5385714285714286,0.0,0.4614285714285714,0.663474583728739,0.008499193346834574,0.32802622292442635
12,sedentary,sedentary,sedentary,0.32285714285714284,0.0,0.6771428571428572,0.3087546199498145,0.0021489026327844007,0.6890964774174011
12,sedentary,sedentary,light,0.46285714285714286,0.0,0.5371428571428571,0.56602782524703,1.774943580943001e-05,0.4339544253171605
12,sedentary,sedentary,light,0.49714285714285716,0.0,0.5028571428571429,0.5120723335316268,3.727958601005737e-06,0.48792393850977206
12,sedentary,sedentary,sedentary,0.2985714285714286,0.0,0.7014285714285714,0.3276352195312328,2.6063849723974686e-05,0.6723387166190432
12,sedentary,sedentary,sedentary,0.24857142857142858,0.0,0.7514285714285714,0.3087677568191578,1.9822348167925196e-05,0.6912124208326742
12,sedentary,sedentary,sedentary,0.2842857142857143,0.0,0.7157142857142857,0.3886295379765701,1.099935578025382e-05,0.6113594626676497
12,sedentary,sedentary,sedentary,0.44571428571428573,0.0,0.5542857142857143,0.3817688019696097,1.968932879109365e-05,0.6182115087015991
12,sedentary,light,light,0.52,0.0,0.48,0.5970903250065643,3.289027132791128e-05,0.4028767847221078
12,sedentary,sedentary,sedentary,0.4014285714285714,0.0,0.5985714285714285,0.47252008993727324,0.000530258343643266,0.5269496517190835
12,sedentary,sedentary,light,0.31,0.0,0.69,0.5084700353369086,7.1505832807519545e-06,0.4915228140798107
12,sedentary,sedentary,sedentary,0.1442857142857143,0.0,0.8557142857142858,0.11608768142020738,2.1183116395734693e-06,0.883910200268153
12,sedentary,sedentary,sedentary,0.2914285714285714,0.0,0.7085714285714285,0.13276181383008867,1.6036406717158047e-06,0.8672365825292397
12,sedentary,sedentary,sedentary,0.4514285714285714,0.0,0.5485714285714286,0.274795076456216,1.900006684693806e-05,0.7251859234769371
12,sedentary,sedentary,sedentary,0.18142857142857144,0.0,0.8185714285714286,0.1631477984190113,1.613183607196267e-05,0.8368360697449168
12,sedentary,sedentary,sedentary,0.03428571428571429,0.0,0.9657142857142857,0.013814049634990626,0.02366215391039865,0.9625237964546106
12,sedentary,sedentary,sedentary,0.29285714285714287,0.0,0.7071428571428572,0.333279346013188,0.00022144264915506228,0.666499211337657
12,sedentary,sedentary,sedentary,0.10285714285714286,0.0,0.8971428571428571,0.03881174563901856,1.1660060835811224e-05,0.9611765943001457
12,sedentary,sedentary,sedentary,0.03428571428571429,0.0,0.9657142857142857,0.0029695932736529453,0.00010608253316431011,0.9969243241931827
12,sedentary,sedentary,sedentary,0.037142857142857144,0.0,0.9628571428571429,0.007553213247455138,0.00011934240423337115,0.9923274443483115
12,sedentary,sedentary,sedentary,0.01,0.0,0.99,0.11867803244343474,1.5597157924736612e-05,0.8813063703986405
12,sedentary,sedentary,sedentary,0.015714285714285715,0.0,0.9842857142857143,0.11037059066971795,8.94150383837514e-06,0.8896204678264438
12,sedentary,sedentary,sedentary,0.024285714285714285,0.0,0.9757142857142858,0.0807761772287513,2.802437830416228e-05,0.9191957983929446
12,sedentary,sedentary,sedentary,0.012857142857142857,0.0,0.9871428571428571,0.03299813745334812,1.660393941000475e-05,0.9669852586072419
12,sedentary,sedentary,sedentary,0.002857142857142857,0.0,0.9971428571428571,0.026911593677789,7.78894896210297e-07,0.9730876274273149
12,sedentary,sedentary,sedentary,0.04428571428571428,0.0,0.9557142857142857,0.08098930738091818,4.011545715165428e-06,0.9190066810733667
12,sedentary,sedentary,sedentary,0.04285714285714286,0.0,0.9571428571428572,0.05691490188644599,3.317677652528323e-05,0.9430519213370288
12,sedentary,sedentary,sedentary,0.04285714285714286,0.0,0.9571428571428572,0.0289696968907588,3.262969576396832e-05,0.9709976734134773
12,sedentary,sedentary,sedentary,0.07142857142857142,0.0,0.9285714285714286,0.11100414207950543,7.268852913450904e-06,0.8889885890675812
12,sedentary,sedentary,sedentary,0.054285714285714284,0.0,0.9457142857142857,0.3605455101409915,2.390533933643531e-06,0.6394520993250749
12,sedentary,sedentary,sedentary,0.047142857142857146,0.0,0.9528571428571428,0.214521868273551,7.653805313668486e-06,0.7854704779211352
12,sedentary,sedentary,sedentary,0.018571428571428572,0.0,0.9814285714285714,0.020472467965162666,8.924621319798719e-06,0.9795186074135176
12,sedentary,sedentary,sedentary,0.10285714285714286,0.0,0.8971428571428571,0.2196583836994651,5.460565049350006e-05,0.7802870106500414
12,sedentary,sedentary,sedentary,0.36857142857142855,0.0,0.6314285714285715,0.3101777722071542,0.002294011835881363,0.6875282159569645
12,sedentary,sedentary,sedentary,0.24428571428571427,0.0,0.7557142857142857,0.19175945162753508,2.0918501869044937e-05,0.8082196298705958
12,sedentary,sedentary,sedentary,0.037142857142857144,0.0,0.9628571428571429,0.09541200868624661,7.633487631282646e-06,0.9045803578261221
12,sedentary,sedentary,sedentary,0.08428571428571428,0.0,0.9157142857142857,0.054944277615219556,8.169733251582737e-06,0.9450475526515288
12,sedentary,sedentary,sedentary,0.03857142857142857,0.0,0.9614285714285714,0.10705278408738922,3.1231862245268626e-06,0.8929440927263862
12,sedentary,sedentary,sedentary,0.03142857142857143,0.0,0.9685714285714285,0.14524132548133034,2.317079235952418e-06,0.8547563574394337
12,sedentary,sedentary,sedentary,0.22428571428571428,0.0,0.7757142857142857,0.23603443643221958,7.779471827828431e-05,0.7638877688495022
12,sedentary,sedentary,sedentary,0.03,0.0,0.97,0.0964572985479376,1.0078003327287136e-05,0.9035326234487352
12,sedentary,sedentary,sedentary,0.018571428571428572,0.0,0.9814285714285714,0.3774947891122619,3.8627514698943664e-05,0.6224665833730392
12,sedentary,sedentary,sedentary,0.014285714285714285,0.0,0.9857142857142858,0.40958725151530107,7.563502431301341e-05,0.590337113460386
12,sedentary,sedentary,sedentary,0.007142857142857143,0.0,0.9928571428571429,0.1890803445945811,8.353810612317282e-06,0.8109113015948065
12,sedentary,sedentary,sedentary,0.022857142857142857,0.0,0.9771428571428571,0.04996306865629528,2.9370642450924337e-05,0.9500075607012539
12,sedentary,sedentary,sedentary,0.03142857142857143,0.0,0.9685714285714285,0.035749530240885646,5.487261237088189e-05,0.9641955971467434
12,sedentary,sedentary,sedentary,0.025714285714285714,0.0,0.9742857142857143,0.01602550743552513,0.0004577181558048693,0.98351677440867
12,sedentary,sedentary,sedentary,0.06571428571428571,0.0,0.9342857142857143,0.11632152962732188,0.002152852817832362,0.8815256175548457
12,light,light,moderate-vigorous,0.6071428571428571,0.39285714285714285,0.0,0.46184580095159505,0.5380535208731138,0.00010067817529114495
12,light,moderate-vigorous,moderate-vigorous,0.43,0.57,0.0,0.10258150233937416,0.8973988565575012,1.964110312479608e-05
12,light,light,moderate-vigorous,0.6971428571428572,0.3028571428571429,0.0,0.34392042977591814,0.656038278069713,4.129215436877452e-05
12,light,light,moderate-vigorous,0.8328571428571429,0.16714285714285715,0.0,0.44945628835774626,0.550114410115057,0.00042930152719675916
12,light,light,moderate-vigorous,0.5028571428571429,0.49714285714285716,0.0,0.2540318618981328,0.7457025693209743,0.00026556878089276293
12,light,moderate-vigorous,moderate-vigorous,0.40285714285714286,0.5957142857142858,0.0014285714285714286,0.2595155493272161,0.7404773222191856,7.128453598369294e-06
12,light,moderate-vigorous,moderate-vigorous,0.3,0.7,0.0,0.3289276584169963,0.6710644307619602,7.910821043572491e-06
12,light,moderate-vigorous,moderate-vigorous,0.2671428571428571,0.7328571428571429,0.0,0.12419514752064856,0.8757575016654473,4.7350813904107846e-05
12,light,light,moderate-vigorous,0.6142857142857143,0.38571428571428573,0.0,0.4691176107964457,0.5308212688624852,6.112034106915917e-05
12,light,moderate-vigorous,moderate-vigorous,0.38142857142857145,0.6185714285714285,0.0,0.27784323122074767,0.7221492682123843,7.500566867994697e-06
12,light,moderate-vigorous,moderate-vigorous,0.15714285714285714,0.8428571428571429,0.0,0.21518265611198875,0.7848060409240881,1.1302963922896613e-05
12,light,light,moderate-vigorous,0.6285714285714286,0.37142857142857144,0.0,0.4700625921951138,0.5298116770711778,0.00012573073370839081
12,light,moderate-vigorous,moderate-vigorous,0.3657142857142857,0.6342857142857142,0.0,0.25662795485819917,0.7433678217112261,4.223430574670823e-06
12,light,light,moderate-vigorous,0.5285714285714286,0.4714285714285714,0.0,0.16805453638291204,0.8318921220900185,5.334152706960589e-05
12,light,light,moderate-vigorous,0.5942857142857143,0.4057142857142857,0.0,0.39311665594802975,0.6067893130372498,9.403101472033549e-05
12,light,light,light,0.5542857142857143,0.44571428571428573,0.0,0.5197951927678188,0.48018664870986383,1.815852231739993e-05
12,light,light,moderate-vigorous,0.5957142857142858,0.4042857142857143,0.0,0.3844371586200561,0.6153594845855095,0.00020335679443431973
12,light,moderate-vigorous,moderate-vigorous,0.4928571428571429,0.5,0.007142857142857143,0.12547026833124136,0.8744407833127193,8.894835603928725e-05
12,light,moderate-vigorous,moderate-vigorous,0.06571428571428571,0.9314285714285714,0.002857142857142857,0.06678859359349432,0.933208717927519,2.688478986739642e-06
12,light,moderate-vigorous,moderate-vigorous,0.06428571428571428,0.9342857142857143,0.0014285714285714286,0.1306229777713375,0.8693739907012306,3.0315274319725202e-06
12,light,moderate-vigorous,moderate-vigorous,0.2342857142857143,0.7657142857142857,0.0,0.13248404031309508,0.8675011556873686,1.4803999536155763e-05
12,light,moderate-vigorous,moderate-vigorous,0.15714285714285714,0.8428571428571429,0.0,0.08901783322764792,0.9109814927891849,6.739831670609593e-07
12,light,moderate-vigorous,moderate-vigorous,0.22285714285714286,0.7771428571428571,0.0,0.15289173902412145,0.8471059985566691,2.2624192092614742e-06
12,moderate-vigorous,moderate-vigorous,moderate-vigorous,0.011428571428571429,0.9885714285714285,0.0,0.005716896326884161,0.9942826985074754,4.051656402864158e-07
12,moderate-vigorous,moderate-vigorous,moderate-vigorous,0.02857142857142857,0.9685714285714285,0.002857142857142857,0.010258708206273202,0.9897341079774411,7.183816285740791e-06
12,moderate-vigorous,moderate-vigorous,moderate-vigorous,0.018571428571428572,0.9814285714285714,0.0,0.019660446056483278,0.9803373644241113,2.189519405402867e-06
12,moderate-vigorous,moderate-vigorous,moderate-vigorous,0.002857142857142857,0.9971428571428571,0.0,0.01273653736191727,0.9872623973642469,1.0652738358568766e-06
12,moderate-vigorous,moderate-vigorous,moderate-vigorous,0.024285714285714285,0.9757142857142858,0.0,0.3651000899601881,0.6347554554720769,0.00014445456773500747
12,moderate-vigorous,moderate-vigorous,moderate-vigorous,0.002857142857142857,0.9971428571428571,0.0,0.13990947570589396,0.8600899326738254,5.916202806485922e-07
12,moderate-vigorous,moderate-vigorous,moderate-vigorous,0.0,1.0,0.0,0.0053625683412326245,0.9946371746258764,2.5703289101819906e-07
12,moderate-vigorous,moderate-vigorous,moderate-vigorous,0.0014285714285714286,0.9985714285714286,0.0,0.006650428656953188,0.9933492055939455,3.6574910133387527e-07
12,moderate-vigorous,moderate-vigorous,moderate-vigorous,0.032857142857142856,0.9671428571428572,0.0,0.13971772655184156,0.8601521291505787,0.00013014429757975807
12,moderate-vigorous,moderate-vigorous,moderate-vigorous,0.014285714285714285,0.9857142857142858,0.0,0.21188988726457827,0.788099704651743,1.0408083678772098e-05
12,moderate-vigorous,moderate-vigorous,moderate-vigorous,0.03428571428571429,0.9657142857142857,0.0,0.45428172095994224,0.5457164767415028,1.8022985549383572e-06
12,moderate-vigorous,moderate-vigorous,moderate-vigorous,0.014285714285714285,0.9857142857142858,0.0,0.402672186889806,0.5973273576481813,4.5546201273105293e-07
12,moderate-vigorous,moderate-vigorous,moderate-vigorous,0.002857142857142857,0.9971428571428571,0.0,0.033875189026005066,0.9661235627663375,1.2482076574141713e-06
12,moderate-vigorous,moderate-vigorous,moderate-vigorous,0.02,0.98,0.0,0.09155813463272841,0.9084361152970278,5.750070243960786e-06
12,moderate-vigorous,moderate-vigorous,moderate-vigorous,0.0,1.0,0.0,0.011027402576412833,0.9889725690148832,2.840870400961172e-08
12,moderate-vigorous,moderate-vigorous,moderate-vigorous,0.025714285714285714,0.9742857142857143,0.0,0.04516831165163119,0.9548313713088245,3.1703954419872004e-07
12,moderate-vigorous,moderate-vigorous,moderate-vigorous,0.007142857142857143,0.9928571428571429,0.0,0.015668259104980823,0.9843315939738551,1.4692116394027204e-07
12,moderate-vigorous,moderate-vigorous,moderate-vigorous,0.018571428571428572,0.9814285714285714,0.0,0.023717444304649126,0.9762802154693258,2.340226024885744e-06
12,moderate-vigorous,moderate-vigorous,moderate-vigorous,0.027142857142857142,0.9728571428571429,0.0,0.02600847097941387,0.9739905159743019,1.0130462842064641e-06
12,moderate-vigorous,moderate-vigorous,moderate-vigorous,0.015714285714285715,0.9842857142857143,0.0,0.11024645056568484,0.8897492464101655,4.3030241497535234e-06
12,moderate-vigorous,moderate-vigorous,moderate-vigorous,0.024285714285714285,0.9728571428571429,0.002857142857142857,0.009477228381125715,0.9905212447775356,1.5268413387028501e-06
12,moderate-vigorous,moderate-vigorous,moderate-vigorous,0.10142857142857142,0.8985714285714286,0.0,0.056272727383278556,0.9435717651244918,0.0001555074922295457
12,moderate-vigorous,moderate-vigorous,moderate-vigorous,0.17142857142857143,0.8271428571428572,0.0014285714285714286,0.2611823239395086,0.7382866650998825,0.0005310109606089805
12,moderate-vigorous,light,moderate-vigorous,0.5428571428571428,0.45571428571428574,0.0014285714285714286,0.37170865846514073,0.6281928889937759,9.845254108346132e-05
12,moderate-vigorous,light,moderate-vigorous,0.6771428571428572,0.32142857142857145,0.0014285714285714286,0.28044031273136405,0.7184084630473025,0.0011512242213332585
12,moderate-vigorous,moderate-vigorous,moderate-vigorous,0.15571428571428572,0.8428571428571429,0.0014285714285714286,0.22373994685282458,0.7747051018289994,0.001554951318176054
12,moderate-vigorous,moderate-vigorous,moderate-vigorous,0.26857142857142857,0.7314285714285714,0.0,0.08610873438777092,0.9125738421068659,0.0013174235053631806
12,moderate-vigorous,moderate-vigorous,moderate-vigorous,0.11,0.8885714285714286,0.0014285714285714286,0.128797392618212,0.8683831377824588,0.002819469599329346
12,moderate-vigorous,moderate-vigorous,moderate-vigorous,0.30857142857142855,0.6857142857142857,0.005714285714285714,0.33471082200486824,0.6612568069613877,0.004032371033744064
12,moderate-vigorous,moderate-vigorous,moderate-vigorous,0.1,0.9,0.0,0.04579974550247761,0.9541562874116427,4.396708587985993e-05
12,moderate-vigorous,moderate-vigorous,moderate-vigorous,0.20857142857142857,0.7914285714285715,0.0,0.1273984910012412,0.8724009354378854,0.00020057356087338163
12,moderate-vigorous,light,moderate-vigorous,0.8357142857142857,0.16428571428571428,0.0,0.2490335166001723,0.7501091163529587,0.0008573670468689883
12,moderate-vigorous,light,moderate-vigorous,0.62,0.38,0.0,0.3833799827406043,0.6150219580589018,0.0015980592004938943
12,moderate-vigorous,moderate-vigorous,light,0.35285714285714287,0.6471428571428571,0.0,0.5090756283812228,0.4815670719304209,0.009357299688356252
12,moderate-vigorous,moderate-vigorous,moderate-vigorous,0.16142857142857142,0.8385714285714285,0.0,0.2140665789220398,0.7839149011900042,0.0020185198879559972
12,moderate-vigorous,moderate-vigorous,moderate-vigorous,0.15142857142857144,0.8485714285714285,0.0,0.2059968687199167,0.7916166937693989,0.002386437510684413
12,moderate-vigorous,moderate-vigorous,moderate-vigorous,0.15714285714285714,0.8428571428571429,0.0,0.28413649684728204,0.7104467326894046,0.005416770463313347
12,moderate-vigorous,light,moderate-vigorous,0.5328571428571428,0.46714285714285714,0.0,0.2305450794104806,0.7681115453272245,0.0013433752622947711
12,moderate-vigorous,light,light,0.5528571428571428,0.44571428571428573,0.0014285714285714286,0.5155509377252314,0.4827459358772137,0.00170312639755485
12,moderate-vigorous,light,light,0.8671428571428571,0.13285714285714287,0.0,0.6285317735763886,0.3712726429838145,0.00019558343979709554
12,moderate-vigorous,light,light,0.9814285714285714,0.018571428571428572,0.0,0.5676084313740828,0.4303361039353774,0.002055464690539816
12,moderate-vigorous,light,light,0.5857142857142857,0.4142857142857143,0.0,0.5740600563706155,0.41724973657797326,0.00869020705141125
12,moderate-vigorous,moderate-vigorous,moderate-vigorous,0.19714285714285715,0.8014285714285714,0.0014285714285714286,0.39032712492581517,0.6031275001454559,0.0065453749287289345
12,moderate-vigorous,moderate-vigorous,moderate-vigorous,0.16714285714285715,0.8328571428571429,0.0,0.4635867562386013,0.5295650726557246,0.006848171105674107
12,moderate-vigorous,moderate-vigorous,moderate-vigorous,0.16142857142857142,0.8385714285714285,0.0,0.4193225384455913,0.5667689023974468,0.01390855915696193
12,moderate-vigorous,moderate-vigorous,moderate-vigorous,0.26142857142857145,0.7385714285714285,0.0,0.4604295845439664,0.534749387606397,0.004821027849636492
13,light,light,light,0.6257142857142857,0.0,0.3742857142857143,0.8488268216625213,0.0001474155874610534,0.15102576275001764
13,light,light,sedentary,0.8542857142857143,0.0,0.1457142857142857,0.4659609828363338,4.541250392517078e-05,0.533993604659741
13,light,light,light,0.8242857142857143,0.0,0.1757142857142857,0.6423475095155227,2.3952066126677387e-05,0.3576285384183506
13,light,light,light,0.8285714285714286,0.0,0.17142857142857143,0.6607335182281291,7.6324477951589e-06,0.3392588493240758
13,light,light,sedentary,0.6942857142857143,0.0,0.3057142857142857,0.488849109560731,2.9273146163205738e-05,0.5111216172931057
13,light,light,light,0.8,0.0,0.2,0.7752946922532628,3.838014959818977e-05,0.22466692759713905
13,light,light,light,0.81,0.0,0.19,0.8435734378737245,1.3753297693394382e-05,0.156412808828582
13,light,light,light,0.7042857142857143,0.0,0.2957142857142857,0.7511550838326865,1.1520088087635288e-05,0.24883339607922586
13,light,sedentary,light,0.38142857142857145,0.0,0.6185714285714285,0.5808842034369184,2.6067493243711896e-05,0.419089729069838
13,light,light,light,0.86,0.0,0.14,0.7391887461415725,0.00015398590041737243,0.26065726795801014
13,light,light,light,0.8528571428571429,0.0,0.14714285714285713,0.7443110952757234,0.0001317417676779148,0.2555571629565987
13,light,sedentary,sedentary,0.33714285714285713,0.0,0.6628571428571428,0.4827731064832052,9.691225016215241e-06,0.5172172022917786
13,light,sedentary,sedentary,0.26571428571428574,0.0,0.7342857142857143,0.3855416221227543,8.27576911314261e-05,0.6143756201861142
13,light,sedentary,sedentary,0.2785714285714286,0.0,0.7214285714285714,0.34204642899866533,0.0001822303599739564,0.6577713406413608
13,light,light,sedentary,0.5828571428571429,0.0,0.41714285714285715,0.4487208548826347,9.00849500352803e-05,0.55118906016733
13,light,light,light,0.9185714285714286,0.0,0.08142857142857143,0.9037333479900047,2.2853710170823928e-05,0.09624379829982437
13,light,light,light,0.82,0.0,0.18,0.972486221082682,2.415361068310051e-05,0.027489625306634742
13,light,light,light,0.8185714285714286,0.0,0.18142857142857144,0.7753261439255731,0.00015090075460727232,0.22452295531981958
13,light,light,light,0.8,0.0,0.2,0.6613747503495551,3.223464970919754e-05,0.33859301500073574
13,light,sedentary,sedentary,0.4657142857142857,0.0,0.5342857142857143,0.4584916888307925,0.0004141067711947333,0.5410942043980128
13,light,light,light,0.5685714285714286,0.0,0.43142857142857144,0.6493884269832642,1.7100873490711682e-05,0.35059447214324524
13,light,light,light,0.7214285714285714,0.0,0.2785714285714286,0.7910061800574498,4.6701262262960546e-06,0.2089891498163238
13,light,light,light,0.6571428571428571,0.0,0.34285714285714286,0.7273841396745493,2.0048387823872763e-05,0.2725958119376268
13,light,light,light,0.8257142857142857,0.0,0.1742857142857143,0.9175177399574282,9.9699749737326e-06,0.08247229006759794
13,light,light,light,0.8328571428571429,0.0,0.16714285714285715,0.928670594306225,8.27131428486798e-06,0.07132113437949
13,light,light,light,0.7385714285714285,0.0,0.26142857142857145,0.9044355721015563,2.975394006665958e-06,0.09556145250443691
13,light,sedentary,sedentary,0.3414285714285714,0.0,0.6585714285714286,0.03958313883032473,0.0014051269916423223,0.959011734178033
13,sedentary,sedentary,light,0.2257142857142857,0.004285714285714286,0.77,0.9888496754085412,2.9508620135573832e-05,0.011120815971323188
13,sedentary,sedentary,sedentary,0.26285714285714284,0.0,0.7371428571428571,0.1598201571987679,0.00028235954983022945,0.8398974832514019
13,sedentary,sedentary,sedentary,0.4514285714285714,0.0,0.5485714285714286,0.34941427415882903,0.00023452764705022628,0.6503511981941207
13,sedentary,sedentary,light,0.43857142857142856,0.0,0.5614285714285714,0.9522012419258242,2.1501838786576537e-06,0.04779660789029722
13,sedentary,sedentary,light,0.2914285714285714,0.0,0.7085714285714285,0.7486326815535085,3.2401406759731053e-06,0.25136407830581553
13,sedentary,sedentary,light,0.15571428571428572,0.0,0.8442857142857143,0.5039793705640221,4.930887956539787e-05,0.4959713205564124
13,sedentary,sedentary,sedentary,0.38142857142857145,0.0,0.6185714285714285,0.4184962194262278,3.5963458624519304e-05,0.5814678171151476
13,sedentary,sedentary,sedentary,0.3314285714285714,0.0,0.6685714285714286,0.4828473459180234,1.1415601077113494e-05,0.5171412384808994
13,sedentary,sedentary,sedentary,0.15428571428571428,0.0,0.8457142857142858,0.48665625020293535,4.962215805565289e-06,0.5133387875812591
13,sedentary,sedentary,sedentary,0.3414285714285714,0.0,0.6585714285714286,0.36591362301908575,1.1482593038067296e-06,0.6340852287216105
13,sedentary,sedentary,sedentary,0.27,0.0,0.73,0.2862888459677086,1.3224591231694524e-06,0.7137098315731683
13,sedentary,sedentary,sedentary,0.08714285714285715,0.0,0.9128571428571428,0.33279386687058365,1.2498738514885421e-05,0.6671936343909015
13,sedentary,sedentary,sedentary,0.2342857142857143,0.0,0.7657142857142857,0.4367887834837542,9.767858496490792e-06,0.5632014486577492
13,sedentary,sedentary,sedentary,0.20142857142857143,0.0,0.7985714285714286,0.14134175315033312,0.00909174470324322,0.8495665021464236
13,sedentary,sedentary,sedentary,0.23714285714285716,0.0,0.7628571428571429,0.24557521009129565,0.0003963256959922457,0.7540284642127121
13,sedentary,sedentary,sedentary,0.3985714285714286,0.0,0.6014285714285714,0.4007951761619669,0.0001310197142595845,0.5990738041237735
13,sedentary,sedentary,sedentary,0.45285714285714285,0.0,0.5471428571428572,0.4924229368812303,4.934521344424137e-06,0.5075721285974253
13,sedentary,light,light,0.71,0.0,0.29,0.6659426033180647,8.788571801937655e-06,0.3340486081101336
13,sedentary,light,light,0.8085714285714286,0.0,0.19142857142857142,0.7910143461221213,1.660144991359067e-05,0.2089690524279651
13,sedentary,light,light,0.5785714285714286,0.0,0.42142857142857143,0.6920030689264729,2.7313863287617822e-06,0.3079941996871983
13,sedentary,sedentary,light,0.4185714285714286,0.0,0.5814285714285714,0.5976777284611574,7.579705998351949e-06,0.40231469183284424
13,sedentary,light,light,0.5171428571428571,0.0,0.4828571428571429,0.7236188516044684,1.4676964325105928e-05,0.27636647143120646
13,sedentary,light,light,0.6342857142857142,0.0,0.3657142857142857,0.6112816902260205,3.7600008588085056e-05,0.38868070976539126
13,sedentary,light,light,0.5757142857142857,0.0,0.42428571428571427,0.7884537937314222,2.292265845693776e-05,0.21152328361012093
13,sedentary,sedentary,sedentary,0.054285714285714284,0.0,0.9457142857142857,0.17526741010124103,0.003160642989082667,0.8215719469096763
13,sedentary,sedentary,sedentary,0.01,0.0,0.99,0.0053812670638899995,0.003312587709093811,0.9913061452270162
13,sedentary,sedentary,sedentary,0.48428571428571426,0.0,0.5157142857142857,0.3167514179331265,0.0006148372191803845,0.6826337448476931
13,sedentary,sedentary,sedentary,0.04,0.0,0.96,0.01357586812537758,0.00017427754844241808,0.9862498543261801
13,sedentary,sedentary,sedentary,0.017142857142857144,0.0,0.9828571428571429,0.012669245426709273,0.00021392452609683254,0.987116830047194
13,sedentary,sedentary,sedentary,0.008571428571428572,0.0,0.9914285714285714,0.0498353557342635,9.848316628560964e-05,0.9500661610994509
13,sedentary,sedentary,sedentary,0.024285714285714285,0.0,0.9757142857142858,0.003342420639381254,0.00032973064640028625,0.9963278487142185
13,sedentary,sedentary,sedentary,0.032857142857142856,0.0,0.9671428571428572,0.005313936392679096,0.0002340227876228578,0.9944520408196981
13,sedentary,sedentary,sedentary,0.022857142857142857,0.0,0.9771428571428571,0.0024068617660465293,0.0004209467080615227,0.9971721915258919
13,sedentary,sedentary,sedentary,0.018571428571428572,0.0,0.9814285714285714,0.004515636007807916,0.0003009290640533096,0.9951834349281388
13,sedentary,sedentary,sedentary,0.017142857142857144,0.0,0.9828571428571429,0.01170480728032265,0.00027032997389784283,0.9880248627457795
13,sedentary,sedentary,sedentary,0.004285714285714286,0.0,0.9957142857142857,0.0072394059190978915,0.00014958888428686688,0.9926110051966153
13,sedentary,sedentary,sedentary,0.002857142857142857,0.0,0.9971428571428571,0.006821990411070979,7.48007692711004e-05,0.9931032088196579
13,sedentary,sedentary,sedentary,0.02,0.0,0.98,0.005986017089480222,0.0003334246393649607,0.9936805582711548
13,sedentary,sedentary,sedentary,0.08857142857142856,0.002857142857142857,0.9085714285714286,0.061459235156614625,0.4472297366957986,0.49131102814758676
13,sedentary,sedentary,sedentary,0.09,0.0,0.91,0.0048097707467195045,0.14235653599356177,0.8528336932597187
13,sedentary,sedentary,sedentary,0.007142857142857143,0.0,0.9928571428571429,0.006126506076257345,0.00027365859053096584,0.9935998353332116
13,sedentary,sedentary,sedentary,0.014285714285714285,0.0,0.9857142857142858,0.03544294844605154,0.0002599111443410825,0.9642971404096073
13,sedentary,sedentary,sedentary,0.03857142857142857,0.0,0.9614285714285714,0.005407041538876844,0.0004866907021845243,0.9941062677589386
13,sedentary,sedentary,sedentary,0.014285714285714285,0.0,0.9857142857142858,0.0021451792910150373,0.00033087604338123553,0.9975239446656038
13,sedentary,sedentary,sedentary,0.027142857142857142,0.0,0.9728571428571429,0.0018278538784272668,0.00026628793814830094,0.9979058581834245
13,sedentary,sedentary,sedentary,0.032857142857142856,0.0,0.9671428571428572,0.0019343409238769193,0.000489042041859947,0.997576617034263
13,sedentary,sedentary,sedentary,0.004285714285714286,0.0,0.9957142857142857,0.006730614465034133,0.000402395475491281,0.9928669900594747
13,sedentary,sedentary,sedentary,0.04285714285714286,0.0,0.9571428571428572,0.0022463607415763426,0.0006204304851309453,0.9971332087732926
13,sedentary,sedentary,sedentary,0.04285714285714286,0.0,0.9571428571428572,0.0018342790720144184,0.000506431306560624,0.997659289621425
13,sedentary,sedentary,sedentary,0.09571428571428571,0.0,0.9042857142857142,0.0016042916428714454,0.0006402970449560568,0.9977554113121726
13,sedentary,sedentary,sedentary,0.09428571428571429,0.0,0.9057142857142857,0.0019521596813026603,0.0005571211882377491,0.9974907191304595
13,sedentary,sedentary,sedentary,0.1,0.0,0.9,0.001092903298718049,0.0005007958590817599,0.9984063008422001
13,sedentary,sedentary,sedentary,0.04428571428571428,0.0,0.9557142857142857,0.0015135383976141825,0.00037665354895234816,0.9981098080534335
13,sedentary,sedentary,sedentary,0.04428571428571428,0.0,0.9557142857142857,0.0021563628519679304,0.0003778938460223348,0.9974657433020097
13,sedentary,sedentary,sedentary,0.018571428571428572,0.0,0.9814285714285714,0.006596936817006577,0.00034453312770081396,0.9930585300552927
13,sedentary,sedentary,sedentary,0.014285714285714285,0.0,0.9857142857142858,0.06126611047168065,9.218489906504974e-05,0.9386417046292543
13,sedentary,sedentary,sedentary,0.16142857142857142,0.0,0.8385714285714285,0.02377626977578343,0.006004555664150161,0.9702191745600663
13,light,light,light,0.9557142857142857,0.04285714285714286,0.0014285714285714286,0.980999165337672,0.0007740417249762419,0.018226792937351823
13,light,light,light,0.9028571428571428,0.09714285714285714,0.0,0.9971674908850046,0.00022887743261737492,0.002603631682377898
13,light,light,light,0.9385714285714286,0.06142857142857143,0.0,0.9931046504470831,0.0051882448325156726,0.0017071047204011672
13,light,light,light,0.9328571428571428,0.06571428571428571,0.0014285714285714286,0.9857519231420888,0.003703858909281405,0.010544217948629768
13,light,light,light,0.8914285714285715,0.10857142857142857,0.0,0.985574597124365,0.010516889585771214,0.003908513289863882
13,light,light,light,0.9257142857142857,0.07428571428571429,0.0,0.982466937511065,0.012011473034922815,0.005521589454012394
13,light,light,light,0.8528571428571429,0.14714285714285713,0.0,0.9694520588991885,0.024581275775499282,0.005966665325312265
13,light,light,light,0.7357142857142858,0.2642857142857143,0.0,0.9831055374297727,0.012656558320928598,0.0042379042492986935
13,light,light,light,0.74,0.26,0.0,0.9858746564094856,0.009988769710291027,0.004136573880223305
13,light,light,light,0.6842857142857143,0.3157142857142857,0.0,0.9349627203543582,0.04959754022869929,0.015439739416942405
13,light,light,light,0.83,0.17,0.0,0.9586358229337699,0.032043360507770256,0.009320816558459925
13,light,light,light,0.75,0.25,0.0,0.9790923977922875,0.019444051121625432,0.001463551086086861
13,light,light,light,0.93,0.06857142857142857,0.0014285714285714286,0.9863921843064345,0.004350024325832883,0.00925779136773274
13,light,light,light,0.9771428571428571,0.022857142857142857,0.0,0.9858679983106478,0.011876781011655055,0.002255220677697115
13,light,light,light,0.9928571428571429,0.007142857142857143,0.0,0.9773495677388655,0.005056935585733387,0.017593496675401093
13,light,light,light,1.0,0.0,0.0,0.9934000621816815,0.00033521254620664923,0.006264725272111739
13,light,light,light,0.9985714285714286,0.0014285714285714286,0.0,0.9951657437535786,0.0003437152460844534,0.004490541000337013
13,light,light,light,0.9914285714285714,0.008571428571428572,0.0,0.9880878362458925,0.005232561610299907,0.006679602143807576
13,light,light,light,0.9714285714285714,0.02857142857142857,0.0,0.9858906498350707,0.0015762967271409614,0.012533053437788166
13,light,light,light,0.9657142857142857,0.03428571428571429,0.0,0.9949989003095799,0.003847052687103878,0.0011540470033162616
13,light,light,light,0.9771428571428571,0.02142857142857143,0.0014285714285714286,0.9973871458320559,0.0019954741555406083,0.000617380012403554
13,light,light,light,0.9771428571428571,0.022857142857142857,0.0,0.9965323319002327,0.00199732713781594,0.0014703409619514127
13,light,light,light,0.9685714285714285,0.03142857142857143,0.0,0.995621539098832,0.002690073683805258,0.001688387217362704
13,light,light,light,0.9728571428571429,0.027142857142857142,0.0,0.9892937518618811,0.0047668886810099806,0.0059393594571090355
13,light,light,light,0.9528571428571428,0.047142857142857146,0.0,0.9867112162644214,0.00375678650242023,0.009531997233158368
13,light,light,light,0.9542857142857143,0.045714285714285714,0.0,0.9968461548470969,0.0010327466142772174,0.0021210985386258705
13,light,light,light,0.9671428571428572,0.032857142857142856,0.0,0.9934945343962379,0.001772760067339665,0.004732705536422471
13,light,light,light,0.9928571428571429,0.007142857142857143,0.0,0.9937138185235026,0.0007578030118128787,0.005528378464684503
13,light,light,light,0.98,0.02,0.0,0.9979163254853998,0.0002897056134655145,0.0017939689011348548
13,light,light,light,0.9614285714285714,0.03571428571428571,0.002857142857142857,0.9976294341212708,0.0007565228370348317,0.0016140430416944906
13,moderate-vigorous,moderate-vigorous,light,0.37714285714285717,0.6228571428571429,0.0,0.8876511881093457,0.10832000108798685,0.004028810802667424
13,moderate-vigorous,moderate-vigorous,light,0.3757142857142857,0.6228571428571429,0.0014285714285714286,0.7468891831504177,0.14015900997580125,0.11295180687378095
13,moderate-vigorous,moderate-vigorous,moderate-vigorous,0.14142857142857143,0.8585714285714285,0.0,0.41638606496032515,0.5521597419440721,0.03145419309560276
13,moderate-vigorous,moderate-vigorous,moderate-vigorous,0.3357142857142857,0.6642857142857143,0.0,0.41823718286458855,0.5768102301612574,0.004952586974154078
13,moderate-vigorous,moderate-vigorous,light,0.17,0.83,0.0,0.4968367087149001,0.4891399877016175,0.014023303583482435
13,moderate-vigorous,light,light,0.8571428571428571,0.14285714285714285,0.0,0.8669220461147332,0.13163916775480666,0.0014387861304601714
13,moderate-vigorous,light,light,0.58,0.42,0.0,0.5812385105767676,0.41725634598434674,0.001505143438885678
13,moderate-vigorous,moderate-vigorous,moderate-vigorous,0.15,0.85,0.0,0.09164846068105699,0.9076699012680095,0.0006816380509334673
13,moderate-vigorous,moderate-vigorous,moderate-vigorous,0.13285714285714287,0.8657142857142858,0.0014285714285714286,0.01943710171129693,0.9804482372844866,0.0001146610042165893
13,moderate-vigorous,moderate-vigorous,light,0.3028571428571429,0.6928571428571428,0.004285714285714286,0.8745232083885562,0.12360733870846102,0.0018694529029827391
13,moderate-vigorous,moderate-vigorous,moderate-vigorous,0.11714285714285715,0.8828571428571429,0.0,0.15192089517473323,0.8478643434152373,0.00021476141002949226
13,moderate-vigorous,moderate-vigorous,moderate-vigorous,0.10714285714285714,0.8928571428571429,0.0,0.16331068864219359,0.8364345282984406,0.0002547830593658392
13,moderate-vigorous,moderate-vigorous,moderate-vigorous,0.2914285714285714,0.7042857142857143,0.004285714285714286,0.48168787120556017,0.5173105137878742,0.0010016150065656694
13,moderate-vigorous,moderate-vigorous,moderate-vigorous,0.11,0.89,0.0,0.09174091449726272,0.9081494734530368,0.00010961204970051376
13,moderate-vigorous,moderate-vigorous,moderate-vigorous,0.22714285714285715,0.7714285714285715,0.0014285714285714286,0.18946698575861948,0.8104257940472822,0.0001072201940982749
13,moderate-vigorous,moderate-vigorous,moderate-vigorous,0.3142857142857143,0.6842857142857143,0.0014285714285714286,0.14603322624789497,0.8535291639432501,0.00043760980885489744
13,moderate-vigorous,moderate-vigorous,moderate-vigorous,0.06142857142857143,0.9385714285714286,0.0,0.1411461218796143,0.8578021231917959,0.0010517549285897064
13,moderate-vigorous,moderate-vigorous,moderate-vigorous,0.15142857142857144,0.8485714285714285,0.0,0.14325185365324905,0.8550366602677733,0.001711486078977675
13,moderate-vigorous,moderate-vigorous,moderate-vigorous,0.08428571428571428,0.9157142857142857,0.0,0.1897129625257243,0.8102342820982332,5.275537604241195e-05
13,moderate-vigorous,moderate-vigorous,moderate-vigorous,0.01,0.99,0.0,0.07089216263401256,0.9289826133024651,0.00012522406352252535
13,moderate-vigorous,moderate-vigorous,moderate-vigorous,0.07571428571428572,0.9214285714285714,0.002857142857142857,0.11146382164992787,0.8879697915854365,0.0005663867646356465
13,moderate-vigorous,moderate-vigorous,moderate-vigorous,0.045714285714285714,0.9542857142857143,0.0,0.04790908582647806,0.9520882897807429,2.6243927790634495e-06
13,moderate-vigorous,moderate-vigorous,moderate-vigorous,0.025714285714285714,0.9742857142857143,0.0,0.03756059957642609,0.9624386816572482,7.187663257102705e-07
13,moderate-vigorous,moderate-vigorous,light,0.19857142857142857,0.8014285714285714,0.0,0.868157486531806,0.13135975268777467,0.0004827607804194258
13,moderate-vigorous,moderate-vigorous,moderate-vigorous,0.06,0.94,0.0,0.476652357777385,0.5225996801553777,0.0007479620672372502
13,moderate-vigorous,moderate-vigorous,moderate-vigorous,0.07285714285714286,0.9271428571428572,0.0,0.42055799695060314,0.5768805898121261,0.002561413237270709
13,moderate-vigorous,moderate-vigorous,moderate-vigorous,0.018571428571428572,0.9814285714285714,0.0,0.054249392487198074,0.9457353312246713,1.527628813056799e-05
13,moderate-vigorous,moderate-vigorous,light,0.27,0.7257142857142858,0.004285714285714286,0.7226657612420992,0.2533427433779228,0.0239914953799779
13,moderate-vigorous,moderate-vigorous,light,0.13,0.8585714285714285,0.011428571428571429,0.48782497541093534,0.46753903330994,0.04463599127912462
13,moderate-vigorous,light,light,0.67,0.33,0.0,0.9037044442346667,0.07740205456967474,0.018893501195658524
13,moderate-vigorous,moderate-vigorous,light,0.24142857142857144,0.7542857142857143,0.004285714285714286,0.884497414771469,0.07082523100780239,0.04467735422072859
13,moderate-vigorous,moderate-vigorous,light,0.15714285714285714,0.8342857142857143,0.008571428571428572,0.6951609300484572,0.30197766626577865,0.002861403685764073
13,moderate-vigorous,moderate-vigorous,light,0.18142857142857144,0.8142857142857143,0.004285714285714286,0.8537899495481475,0.1430312487808115,0.0031788016710409123
13,moderate-vigorous,moderate-vigorous,light,0.21857142857142858,0.7771428571428571,0.004285714285714286,0.7652533474924865,0.12220926061153456,0.11253739189597886
13,moderate-vigorous,moderate-vigorous,light,0.22142857142857142,0.7785714285714286,0.0,0.737253029595199,0.25674544616566003,0.0060015242391411715
13,moderate-vigorous,moderate-vigorous,moderate-vigorous,0.09428571428571429,0.9057142857142857,0.0,0.44786579253477,0.5398690873328073,0.012265120132422857
13,moderate-vigorous,moderate-vigorous,moderate-vigorous,0.11,0.8871428571428571,0.002857142857142857,0.4237184504746508,0.5518826887997542,0.024398860725594936
13,moderate-vigorous,moderate-vigorous,moderate-vigorous,0.12428571428571429,0.8685714285714285,0.007142857142857143,0.4230898549069687,0.5689393407871449,0.007970804305886248
13,moderate-vigorous,moderate-vigorous,light,0.17714285714285713,0.82,0.002857142857142857,0.5612641856830943,0.41895283301836106,0.01978298129854463
13,moderate-vigorous,moderate-vigorous,moderate-vigorous,0.11714285714285715,0.8671428571428571,0.015714285714285715,0.31419301461616106,0.6058139064434417,0.07999307894039723
13,moderate-vigorous,moderate-vigorous,light,0.15,0.8357142857142857,0.014285714285714285,0.3917021313242872,0.36489662476311824,0.24340124391259454
13,moderate-vigorous,moderate-vigorous,light,0.15142857142857144,0.8428571428571429,0.005714285714285714,0.7104211271541578,0.2561427884044653,0.03343608444137673
13,moderate-vigorous,moderate-vigorous,moderate-vigorous,0.1442857142857143,0.8485714285714285,0.007142857142857143,0.39418466620704157,0.6019537747150235,0.003861559077934903
13,moderate-vigorous,moderate-vigorous,light,0.12714285714285714,0.86,0.012857142857142857,0.5595107788745706,0.432141454410867,0.008347766714562485
13,moderate-vigorous,moderate-vigorous,light,0.28285714285714286,0.7157142857142857,0.0014285714285714286,0.669601492023918,0.3294274452843699,0.0009710626917121749
13,moderate-vigorous,moderate-vigorous,moderate-vigorous,0.12142857142857143,0.8785714285714286,0.0,0.2816297960277722,0.7175367857281465,0.000833418244081282
13,moderate-vigorous,moderate-vigorous,moderate-vigorous,0.1,0.8942857142857142,0.005714285714285714,0.1242467409939289,0.8693515297845207,0.0064017292215503485
13,moderate-vigorous,moderate-vigorous,moderate-vigorous,0.11285714285714285,0.8785714285714286,0.008571428571428572,0.26098478582382084,0.6489509545666735,0.09006425960950562
13,moderate-vigorous,moderate-vigorous,moderate-vigorous,0.10142857142857142,0.8957142857142857,0.002857142857142857,0.12136320523352222,0.8729147367444181,0.005722058022059704
13,moderate-vigorous,moderate-vigorous,moderate-vigorous,0.11571428571428571,0.8814285714285715,0.002857142857142857,0.12728204763632367,0.8694817302941122,0.003236222069564038
13,moderate-vigorous,moderate-vigorous,moderate-vigorous,0.17285714285714285,0.8271428571428572,0.0,0.16896675391130855,0.8307453859024166,0.00028786018627472137
13,moderate-vigorous,moderate-vigorous,light,0.46714285714285714,0.5328571428571428,0.0,0.6933655404636682,0.30624066914842846,0.00039379038790356505
13,moderate-vigorous,moderate-vigorous,moderate-vigorous,0.20285714285714285,0.7971428571428572,0.0,0.3970656402409902,0.5938302457189789,0.009104114040030899
13,moderate-vigorous,moderate-vigorous,moderate-vigorous,0.2042857142857143,0.7942857142857143,0.0014285714285714286,0.36141520396163934,0.5725935388629166,0.06599125717544406
13,moderate-vigorous,moderate-vigorous,light,0.24,0.7571428571428571,0.002857142857142857,0.6677251548644936,0.3314798401174191,0.000795005018087366
13,moderate-vigorous,moderate-vigorous,moderate-vigorous,0.19428571428571428,0.8042857142857143,0.0014285714285714286,0.3824568326814355,0.6173373615163086,0.00020580580225588234
13,moderate-vigorous,moderate-vigorous,moderate-vigorous,0.13714285714285715,0.86,0.002857142857142857,0.25907816973508313,0.7379335145343805,0.0029883157305363576
13,moderate-vigorous,moderate-vigorous,light,0.12285714285714286,0.8657142857142858,0.011428571428571429,0.5176005774998946,0.44111256012622774,0.0412868623738776
13,light,light,light,0.8114285714285714,0.0,0.18857142857142858,0.8067510418123396,3.384627684769596e-05,0.19321511191081273
13,light,light,light,0.8342857142857143,0.0,0.1657142857142857,0.8178475130503234,3.0157634328524727e-05,0.1821223293153481
13,light,light,sedentary,0.5942857142857143,0.0,0.4057142857142857,0.35358134379063644,0.00156958082070779,0.6448490753886557
13,light,light,sedentary,0.5142857142857142,0.0,0.4857142857142857,0.19876093165393335,9.889853424799543e-05,0.8011401698118187
13,light,light,sedentary,0.5128571428571429,0.0,0.48714285714285716,0.4007453693380128,0.0008092904974234609,0.5984453401645637
13,light,light,light,0.6728571428571428,0.0,0.3271428571428571,0.763879392699505,1.821744953652879e-05,0.23610238985095866
13,light,light,light,0.8742857142857143,0.0,0.12571428571428572,0.5089794700374282,9.117801006795382e-05,0.4909293519525039
13,light,light,light,0.9414285714285714,0.0,0.05857142857142857,0.5228790380870374,0.00010159787304098136,0.47701936403992157
13,light,light,light,0.9685714285714285,0.0,0.03142857142857143,0.7063984777646184,6.572097201183024e-05,0.2935358012633697
13,light,light,light,0.9042857142857142,0.0,0.09571428571428571,0.6665904179116234,0.00014244023463694775,0.3332671418537397
13,light,light,light,0.77,0.0,0.23,0.5173571552959302,0.0007933207704854444,0.48184952393358443
13,light,light,light,0.9071428571428571,0.0,0.09285714285714286,0.5345030364049609,5.388380221038877e-05,0.46544307979282873
13,light,light,light,0.86,0.0,0.14,0.6703171556756528,3.595689317464592e-05,0.32964688743117265
13,light,light,sedentary,0.7728571428571429,0.0,0.22714285714285715,0.25490024583443643,0.00015471137888512827,0.7449450427866784
13,light,sedentary,sedentary,0.12142857142857143,0.0,0.8785714285714286,0.17168460223539925,0.000842301504959402,0.8274730962596414
13,light,light,sedentary,0.6042857142857143,0.0,0.39571428571428574,0.3269331118697976,0.0001320250223207586,0.6729348631078815
13,light,light,sedentary,0.5414285714285715,0.0,0.4585714285714286,0.18513866264527867,0.0002198642414138581,0.8146414731133075
13,light,light,sedentary,0.5385714285714286,0.0,0.4614285714285714,0.3736353700418525,0.00044945599513908043,0.6259151739630083
13,light,light,light,0.8942857142857142,0.0,0.10571428571428572,0.872064846011196,3.1120092668535795e-05,0.12790403389613536
13,light,light,light,0.8628571428571429,0.0,0.13714285714285715,0.8633418476708736,1.2574268880519651e-05,0.13664557806024585
13,light,light,light,0.9185714285714286,0.0,0.08142857142857143,0.8598646675050384,7.856900709210796e-06,0.1401274755942524
13,light,light,light,0.6271428571428571,0.0,0.37285714285714283,0.5251482346233092,3.426134077413185e-05,0.4748175040359168
13,light,light,light,0.7042857142857143,0.0,0.2957142857142857,0.7396156986568575,1.207823687651027e-05,0.260372223106266
13,light,light,light,0.7871428571428571,0.0,0.21285714285714286,0.6426861913599876,1.5347911760011285e-05,0.35729846072825244
13,light,light,sedentary,0.5085714285714286,0.0,0.49142857142857144,0.20428286587547081,0.0001599155821483043,0.7955572185423808
13,light,light,light,0.78,0.0,0.22,0.6938005812776945,2.046485577752532e-05,0.306178953866528
13,light,light,light,0.7485714285714286,0.0,0.25142857142857145,0.9519056938438208,1.536459992964368e-05,0.04807894155624937
13,light,light,light,0.9385714285714286,0.0,0.06142857142857143,0.9362097289183344,3.146982877596363e-06,0.06378712409878792
13,light,light,light,0.7285714285714285,0.0,0.2714285714285714,0.7583987826916739,4.7198406597257e-05,0.24155401890172892
13,light,light,light,0.7214285714285714,0.0,0.2785714285714286,0.7307536023413922,0.0003387373675414892,0.26890766029106644
13,sedentary,sedentary,sedentary,0.06142857142857143,0.0,0.9385714285714286,0.0003993938842386877,0.030685214612938844,0.9689153915028225
13,sedentary,sedentary,sedentary,0.09142857142857143,0.0,0.9085714285714286,0.003223127406564441,0.012270262667392676,0.9845066099260429
13,sedentary,sedentary,sedentary,0.42857142857142855,0.0,0.5714285714285714,0.17879219496365362,0.005874288689381022,0.8153335163469655
13,sedentary,sedentary,sedentary,0.3985714285714286,0.0,0.6014285714285714,0.43519023786813654,0.00020522050848363496,0.5646045416233798
13,sedentary,sedentary,sedentary,0.32571428571428573,0.0,0.6742857142857143,0.1617719949319018,0.0007047568414199859,0.8375232482266781
13,sedentary,sedentary,sedentary,0.13142857142857142,0.0,0.8685714285714285,0.05766791827428103,0.0011327777522044168,0.9411993039735145
13,sedentary,sedentary,sedentary,0.18285714285714286,0.0,0.8171428571428572,0.18532545458144536,0.0010624799794243624,0.8136120654391302
13,sedentary,sedentary,sedentary,0.3914285714285714,0.0,0.6085714285714285,0.3541262423508345,0.00018707722724209226,0.6456866804219233
13,sedentary,sedentary,sedentary,0.25142857142857145,0.0,0.7485714285714286,0.19669342376255133,0.00021103756910206427,0.8030955386683465
13,sedentary,sedentary,sedentary,0.31857142857142856,0.0,0.6814285714285714,0.30761811434569186,3.859867392304385e-05,0.6923432869803849
13,sedentary,sedentary,sedentary,0.025714285714285714,0.0,0.9742857142857143,0.008421600526626162,0.019755456214412975,0.9718229432589608
13,sedentary,sedentary,sedentary,0.4257142857142857,0.0,0.5742857142857143,0.36834781103308506,0.0017056914733979283,0.6299464974935169
13,sedentary,sedentary,sedentary,0.3242857142857143,0.0,0.6757142857142857,0.06202256091944868,0.002657065042916033,0.9353203740376353
13,sedentary,light,sedentary,0.6,0.0,0.4,0.4049504571361717,0.000980441492964033,0.5940691013708643
13,sedentary,light,sedentary,0.6785714285714286,0.0,0.32142857142857145,0.38781688296057604,2.179569539890045e-05,0.612161321344025
13,sedentary,light,light,0.8528571428571429,0.0,0.14714285714285713,0.5845899413915622,7.864369504286038e-06,0.4154021942389336
13,sedentary,light,light,0.9242857142857143,0.0,0.07571428571428572,0.8431420644698479,8.225939052198594e-06,0.15684970959109992
13,sedentary,light,light,0.8428571428571429,0.0,0.15714285714285714,0.7482704721614538,0.00015483902020109664,0.25157468881834505
13,sedentary,light,light,0.7157142857142857,0.0,0.2842857142857143,0.667788098962068,0.001392867576713872,0.33081903346121816
13,sedentary,light,light,0.5885714285714285,0.0,0.4114285714285714,0.5643365621787287,0.0016233568971345332,0.4340400809241368
13,sedentary,light,light,0.8671428571428571,0.0,0.13285714285714287,0.7031481583548282,0.0002353977252470508,0.2966164439199248
13,sedentary,light,light,0.8642857142857143,0.0,0.1357142857142857,0.6595924280661818,0.00030843935762754236,0.34009913257619073
13,sedentary,light,sedentary,0.7371428571428571,0.0,0.26285714285714284,0.4769685900063471,0.0005361729561174587,0.5224952370375354
13,sedentary,light,light,0.7828571428571428,0.0,0.21714285714285714,0.5625175822479869,3.277672584712212e-05,0.43744964102616607
13,sedentary,light,light,0.7457142857142857,0.0,0.2542857142857143,0.6247362965306562,4.978658123324283e-05,0.37521391688811045
13,sedentary,sedentary,sedentary,0.08714285714285715,0.005714285714285714,0.9071428571428571,0.2283300551835554,0.0013242249871059696,0.7703457198293386
13,sedentary,sedentary,sedentary,0.025714285714285714,0.0,0.9742857142857143,0.00016395338270468505,9.572803853709403e-07,0.99983508933691
13,sedentary,sedentary,sedentary,0.008571428571428572,0.0,0.9914285714285714,0.012166319235149454,3.977587492586353e-05,0.9877939048899247
13,sedentary,sedentary,sedentary,0.0014285714285714286,0.0,0.9985714285714286,0.03357303615638801,1.8607027389116847e-05,0.966408356816223
13,sedentary,sedentary,sedentary,0.008571428571428572,0.0,0.9914285714285714,0.034636152777612575,2.094012539647613e-06,0.9653617532098479
13,sedentary,sedentary,sedentary,0.01,0.0,0.99,0.27806066314131206,7.588159417055739e-06,0.7219317486992708
13,sedentary,sedentary,sedentary,0.008571428571428572,0.0,0.9914285714285714,0.41367144359314206,2.5566435823597486e-05,0.5863029899710344
13,sedentary,sedentary,sedentary,0.09857142857142857,0.0,0.9014285714285715,0.16859351642585468,6.392971214506193e-08,0.8314064196444333
13,sedentary,sedentary,sedentary,0.008571428571428572,0.0,0.9914285714285714,0.40254402808361184,3.52720396535158e-05,0.5974206998767346
13,sedentary,sedentary,sedentary,0.015714285714285715,0.0,0.9842857142857143,0.32806681768898893,4.698828862735363e-05,0.6718861940223838
13,sedentary,sedentary,sedentary,0.08857142857142856,0.0,0.9114285714285715,0.20890134156247492,2.4053372493227372e-05,0.7910746050650318
13,sedentary,sedentary,sedentary,0.11857142857142858,0.0,0.8814285714285715,0.14622722434304322,6.452175094942611e-05,0.8537082539060074
13,sedentary,sedentary,sedentary,0.08,0.0,0.92,0.020374714669858834,0.000422913484345509,0.9792023718457957
13,sedentary,sedentary,sedentary,0.07714285714285714,0.0,0.9228571428571428,0.004292373856263527,0.003995246448066358,0.9917123796956702
13,sedentary,sedentary,sedentary,0.011428571428571429,0.0,0.9885714285714285,0.0044011068316174295,0.00025190921441757834,0.995346983953965
13,sedentary,sedentary,sedentary,0.002857142857142857,0.0,0.9971428571428571,0.010619456310590357,1.081588460355535e-05,0.989369727804806
13,sedentary,sedentary,sedentary,0.21714285714285714,0.0,0.7828571428571428,0.26648997498616744,2.3908330844057522e-05,0.7334861166829885
13,sedentary,sedentary,light,0.28714285714285714,0.0,0.7128571428571429,0.6218633111834513,3.728694692862253e-05,0.37809940186962016
13,sedentary,sedentary,light,0.3342857142857143,0.0,0.6657142857142857,0.5310876750807257,9.953008607056358e-05,0.46881279483320365
13,sedentary,sedentary,sedentary,0.16428571428571428,0.0,0.8357142857142857,0.22150037048775334,0.0004510389404648074,0.7780485905717819
13,sedentary,sedentary,sedentary,0.21142857142857144,0.0,0.7885714285714286,0.319683469021623,0.0006353451981309168,0.6796811857802462
13,sedentary,sedentary,sedentary,0.18571428571428572,0.0,0.8142857142857143,0.4532883213975709,6.141952523672064e-06,0.5467055366499054
13,sedentary,sedentary,sedentary,0.14285714285714285,0.0,0.8571428571428571,0.09722842404811928,2.9650767241236974e-06,0.9027686108751566
13,sedentary,sedentary,sedentary,0.12285714285714286,0.0,0.8771428571428571,0.10304782050225735,1.940486110503216e-06,0.8969502390116321
13,sedentary,sedentary,sedentary,0.10428571428571429,0.0,0.8957142857142857,0.13388322800578506,1.144763310558451e-06,0.8661156272309044
13,sedentary,sedentary,sedentary,0.11714285714285715,0.0,0.8828571428571429,0.13826191150999784,4.1551585109335415e-05,0.8616965369048928
13,sedentary,sedentary,light,0.26857142857142857,0.0,0.7314285714285714,0.5214775003357012,3.9118078489589904e-07,0.4785221084835139
13,sedentary,sedentary,light,0.2571428571428571,0.0,0.7428571428571429,0.5457344061780822,5.970663848879571e-07,0.45426499675553283
13,sedentary,sedentary,sedentary,0.2957142857142857,0.0,0.7042857142857143,0.3523794811115584,6.748815677032441e-05,0.6475530307316713
13,light,light,light,0.9171428571428571,0.08285714285714285,0.0,0.9880254808351598,0.011782282669363592,0.00019223649547640395
13,light,light,light,0.9071428571428571,0.09285714285714286,0.0,0.967297347360197,0.032505768144889945,0.0001968844949129735
13,light,light,light,0.9428571428571428,0.05714285714285714,0.0,0.989538287243996,0.010179538444261725,0.00028217431174222237
13,light,light,light,0.9585714285714285,0.041428571428571426,0.0,0.9645916111155602,0.03481313546624673,0.0005952534181931323
13,light,light,light,0.9485714285714286,0.05142857142857143,0.0,0.9760860617685218,0.02366750134215224,0.00024643688932598357
13,light,light,light,0.7242857142857143,0.2742857142857143,0.0014285714285714286,0.9180283432730316,0.08170193922587671,0.00026971750109150433
13,light,light,light,0.7871428571428571,0.21285714285714286,0.0,0.9334453381109811,0.06631144458071069,0.0002432173083081283
13,light,light,light,0.9528571428571428,0.047142857142857146,0.0,0.9826001505701628,0.01696078948584852,0.00043905994398864116
13,light,light,light,0.9585714285714285,0.041428571428571426,0.0,0.9863204115890033,0.01296012659616314,0.0007194618148334513
13,light,light,light,0.85,0.15,0.0,0.9862936491476533,0.013074768339157532,0.00063158251318903
13,light,light,light,0.8214285714285714,0.17857142857142858,0.0,0.9661216532071706,0.03330757964253499,0.0005707671502944685
13,light,light,light,0.9571428571428572,0.04285714285714286,0.0,0.9808685482273735,0.018246085084534572,0.0008853666880920178
13,light,light,light,0.9785714285714285,0.02142857142857143,0.0,0.9869663735876907,0.010775957223960733,0.002257669188348671
13,light,light,light,0.87,0.13,0.0,0.9286733584002208,0.0708446753387357,0.00048196626104357663
13,light,light,light,0.9171428571428571,0.08285714285714285,0.0,0.8945322920732365,0.1046988902908754,0.0007688176358880058
13,light,light,light,0.89,0.11,0.0,0.9667032639197557,0.03123785717189897,0.002058878908345221
13,light,light,light,0.8757142857142857,0.12428571428571429,0.0,0.9423934619600874,0.05706233866885111,0.000544199371061349
13,light,light,light,0.82,0.1742857142857143,0.005714285714285714,0.9466315338802562,0.05306354456238593,0.0003049215573578922
13,light,light,light,0.8671428571428571,0.13285714285714287,0.0,0.9746973727735218,0.024062288487132134,0.0012403387393461471
13,light,light,light,0.9242857142857143,0.07571428571428572,0.0,0.9882650187857213,0.009121054356888852,0.0026139268573898322
13,light,light,light,0.9514285714285714,0.04857142857142857,0.0,0.9946765668133603,0.004433715350752424,0.0008897178358873808
13,light,light,light,0.9628571428571429,0.037142857142857144,0.0,0.9957305271435763,0.002890600313946589,0.0013788725424770897
13,light,light,light,0.98,0.02,0.0,0.9963217583650381,0.0024943940604564593,0.0011838475745054432
13,light,light,light,0.9928571428571429,0.007142857142857143,0.0,0.995172287810175,0.0035351240698534864,0.0012925881199715588
13,light,light,light,0.9928571428571429,0.007142857142857143,0.0,0.994700880156952,0.002959155124434646,0.002339964718613435
13,light,light,light,0.6571428571428571,0.33714285714285713,0.005714285714285714,0.9825029536618181,0.017366088588158298,0.00013095775002372294
13,light,light,light,0.9314285714285714,0.06857142857142857,0.0,0.985353471476371,0.014542464154321881,0.00010406436930724695
13,moderate-vigorous,moderate-vigorous,moderate-vigorous,0.007142857142857143,0.9928571428571429,0.0,0.0022524342580983927,0.9977474544552175,1.1128668419775927e-07
13,moderate-vigorous,moderate-vigorous,moderate-vigorous,0.004285714285714286,0.9957142857142857,0.0,0.016000957302207665,0.9839983285497618,7.141480306259059e-07
13,moderate-vigorous,moderate-vigorous,moderate-vigorous,0.004285714285714286,0.9957142857142857,0.0,0.0473624049982779,0.9526341436631063,3.451338615895609e-06
13,moderate-vigorous,moderate-vigorous,moderate-vigorous,0.004285714285714286,0.9957142857142857,0.0,0.04350032001055958,0.9564980371143343,1.6428751059155208e-06
13,moderate-vigorous,moderate-vigorous,moderate-vigorous,0.03,0.97,0.0,0.019599539633685648,0.9803948269462229,5.6334200914121775e-06
13,moderate-vigorous,moderate-vigorous,moderate-vigorous,0.015714285714285715,0.9842857142857143,0.0,0.021110443739778564,0.9788879361103334,1.6201498880780603e-06
13,moderate-vigorous,moderate-vigorous,moderate-vigorous,0.0,1.0,0.0,0.08992710287817542,0.910059506911763,1.3390210061783332e-05
13,moderate-vigorous,moderate-vigorous,moderate-vigorous,0.014285714285714285,0.9857142857142858,0.0,0.04670361830659659,0.9532921735897274,4.2081036760476505e-06
13,moderate-vigorous,moderate-vigorous,moderate-vigorous,0.01,0.99,0.0,0.02649276783406611,0.9735038288542711,3.4033116626991946e-06
13,moderate-vigorous,moderate-vigorous,moderate-vigorous,0.07142857142857142,0.9285714285714286,0.0,0.17498481187945675,0.824982185637096,3.300248344723985e-05
13,moderate-vigorous,moderate-vigorous,moderate-vigorous,0.04285714285714286,0.9571428571428572,0.0,0.15560811588276394,0.8443795751762372,1.2308940998776524e-05
13,moderate-vigorous,moderate-vigorous,moderate-vigorous,0.022857142857142857,0.9771428571428571,0.0,0.12845947894097987,0.8715151986827107,2.5322376309506413e-05
13,moderate-vigorous,moderate-vigorous,moderate-vigorous,0.11857142857142858,0.8814285714285715,0.0,0.2989698265826608,0.701022237432518,7.93598482136545e-06
13,moderate-vigorous,moderate-vigorous,moderate-vigorous,0.2985714285714286,0.7014285714285714,0.0,0.16139210015268368,0.8385972635033361,1.0636343980309285e-05
13,moderate-vigorous,moderate-vigorous,moderate-vigorous,0.0014285714285714286,0.9985714285714286,0.0,0.038602138385858,0.961397809400605,5.221353699317396e-08
13,moderate-vigorous,moderate-vigorous,moderate-vigorous,0.004285714285714286,0.9957142857142857,0.0,0.030230747591486494,0.9697679824726222,1.2699358912199338e-06
13,moderate-vigorous,moderate-vigorous,moderate-vigorous,0.024285714285714285,0.9757142857142858,0.0,0.01412255003008038,0.9858769102595664,5.397103531696004e-07
13,moderate-vigorous,moderate-vigorous,moderate-vigorous,0.03571428571428571,0.9642857142857143,0.0,0.014493135675683227,0.9855063584125177,5.059117990065895e-07
13,moderate-vigorous,moderate-vigorous,moderate-vigorous,0.1457142857142857,0.8542857142857143,0.0,0.08305692084585162,0.9169391428729954,3.936281152892242e-06
13,moderate-vigorous,moderate-vigorous,moderate-vigorous,0.002857142857142857,0.9971428571428571,0.0,0.016878183517604638,0.9831210701856391,7.462967563669935e-07
13,moderate-vigorous,moderate-vigorous,light,0.42142857142857143,0.5785714285714286,0.0,0.627570191552945,0.367726017071562,0.004703791375493082
13,moderate-vigorous,moderate-vigorous,light,0.13714285714285715,0.8614285714285714,0.0014285714285714286,0.5215575601428503,0.470079020920609,0.00836341893654065
13,moderate-vigorous,moderate-vigorous,light,0.08428571428571428,0.9157142857142857,0.0,0.6674175061019558,0.3317912149755015,0.0007912789225427745
13,moderate-vigorous,moderate-vigorous,moderate-vigorous,0.2757142857142857,0.7228571428571429,0.0014285714285714286,0.463506475812046,0.5350827560539201,0.0014107681340338062
13,moderate-vigorous,moderate-vigorous,moderate-vigorous,0.06857142857142857,0.9314285714285714,0.0,0.2941397089617089,0.7045860009086582,0.0012742901296329732
13,moderate-vigorous,moderate-vigorous,light,0.27,0.7257142857142858,0.004285714285714286,0.5686332459464958,0.42531432025412613,0.006052433799378046
13,moderate-vigorous,moderate-vigorous,light,0.43857142857142856,0.5614285714285714,0.0,0.5853668385240757,0.40529603607340875,0.00933712540251552
13,moderate-vigorous,moderate-vigorous,moderate-vigorous,0.10857142857142857,0.89,0.0014285714285714286,0.2595517439549754,0.7329434357587052,0.007504820286319429
13,moderate-vigorous,moderate-vigorous,moderate-vigorous,0.06571428571428571,0.9342857142857143,0.0,0.21832602368956044,0.7741606237325905,0.007513352577849011
13,moderate-vigorous,moderate-vigorous,moderate-vigorous,0.4228571428571429,0.5757142857142857,0.0014285714285714286,0.4252079397725928,0.5736976574388488,0.0010944027885583841
13,moderate-vigorous,moderate-vigorous,moderate-vigorous,0.3271428571428571,0.6657142857142857,0.007142857142857143,0.4129066722118874,0.5855678399551686,0.0015254878329439639
13,moderate-vigorous,moderate-vigorous,light,0.32142857142857145,0.67,0.008571428571428572,0.7284641024139192,0.27034219133560156,0.0011937062504791245
13,moderate-vigorous,moderate-vigorous,light,0.28285714285714286,0.7157142857142857,0.0014285714285714286,0.594040714093622,0.40337202903676456,0.0025872568696134394
13,moderate-vigorous,moderate-vigorous,moderate-vigorous,0.22428571428571428,0.77,0.005714285714285714,0.19859403663011382,0.7965776122434755,0.004828351126410855
13,moderate-vigorous,moderate-vigorous,moderate-vigorous,0.3242857142857143,0.6714285714285714,0.004285714285714286,0.43074421315843503,0.5552804873547845,0.013975299486780435
13,moderate-vigorous,moderate-vigorous,moderate-vigorous,0.39285714285714285,0.6028571428571429,0.004285714285714286,0.38908837050727796,0.6021445023192326,0.008767127173489502
13,moderate-vigorous,moderate-vigorous,light,0.4185714285714286,0.5814285714285714,0.0,0.88814059272801,0.1115271376676999,0.0003322696042901223
13,moderate-vigorous,light,light,0.5542857142857143,0.4442857142857143,0.0014285714285714286,0.787482422683144,0.21239381248295805,0.00012376483389799645
13,moderate-vigorous,moderate-vigorous,light,0.49142857142857144,0.5042857142857143,0.004285714285714286,0.8479486380479822,0.15062660745728373,0.0014247544947339503
13,moderate-vigorous,moderate-vigorous,moderate-vigorous,0.35285714285714287,0.6457142857142857,0.0014285714285714286,0.47992689856749704,0.5179803703062433,0.0020927311262596464
13,moderate-vigorous,moderate-vigorous,moderate-vigorous,0.26142857142857145,0.7371428571428571,0.0014285714285714286,0.4731782624052691,0.5240271506496852,0.0027945869450456892
13,moderate-vigorous,moderate-vigorous,light,0.32571428571428573,0.67,0.004285714285714286,0.7168238285089512,0.2823857535727708,0.0007904179182779558
13,moderate-vigorous,moderate-vigorous,light,0.39,0.6085714285714285,0.0014285714285714286,0.6422906973103267,0.357307378351156,0.00040192433851721443
13,moderate-vigorous,moderate-vigorous,light,0.4828571428571429,0.5171428571428571,0.0,0.7147728569080337,0.2848704092349305,0.00035673385703581414
18,light,light,light,0.7914285714285715,0.0,0.20857142857142857,0.7815863169297317,2.1454098387006334e-05,0.21839222897188137
18,light,light,light,0.8471428571428572,0.0,0.15285714285714286,0.8526242014450747,5.708026518829939e-05,0.14731871828973694
18,light,light,light,0.7871428571428571,0.0,0.21285714285714286,0.567329843404783,1.707243090327567e-05,0.43265308416431364
18,light,light,sedentary,0.7057142857142857,0.0,0.29428571428571426,0.40274788370300363,3.032345922234383e-06,0.5972490839510742
18,light,light,sedentary,0.5014285714285714,0.0,0.49857142857142855,0.37842776965792163,7.787508366976118e-06,0.6215644428337114
18,light,light,light,0.9042857142857142,0.0,0.09571428571428571,0.7067148044815524,1.8361936867794656e-05,0.29326683358157973
18,light,light,sedentary,0.6785714285714286,0.0,0.32142857142857145,0.30882840656806226,0.00039427155421182803,0.6907773218777259
18,light,light,light,0.6642857142857143,0.0014285714285714286,0.3342857142857143,0.6524026718786794,0.0013283718513483391,0.3462689562699722
18,light,light,light,0.8057142857142857,0.0,0.19428571428571428,0.548841269372831,0.0004981185053211248,0.45066061212184794
18,light,light,light,0.7171428571428572,0.0,0.28285714285714286,0.6191759454541199,0.0002870965097001196,0.38053695803617993
18,light,light,light,0.7857142857142857,0.0,0.21428571428571427,0.7264003523257835,4.843660715456155e-05,0.273551211067062
18,light,light,light,0.6128571428571429,0.0,0.3871428571428571,0.689860318419616,0.006538187794298825,0.3036014937860852
18,light,light,sedentary,0.6085714285714285,0.0,0.3914285714285714,0.3876452534232769,0.0041020732652753775,0.6082526733114477
18,light,light,light,0.6971428571428572,0.0,0.3028571428571429,0.5102058286135016,0.0007851163328972453,0.4890090550536013
18,light,sedentary,sedentary,0.30428571428571427,0.0,0.6957142857142857,0.0843088885954578,0.0010291173574167596,0.9146619940471254
18,light,sedentary,sedentary,0.4514285714285714,0.0,0.5485714285714286,0.19321940209348154,0.012874693790398815,0.7939059041161196
18,light,light,sedentary,0.6528571428571428,0.0,0.34714285714285714,0.30104900175787147,0.005743271119459169,0.6932077271226693
18,light,light,light,0.94,0.0,0.06,0.8248821031573674,2.1476581102036098e-05,0.1750964202615306
18,light,light,light,0.9071428571428571,0.0,0.09285714285714286,0.6545544221732654,6.419409408836767e-05,0.3453813837326462
18,light,light,sedentary,0.7942857142857143,0.0,0.2057142857142857,0.33514508372779866,0.00016566905699142207,0.6646892472152099
18,light,light,sedentary,0.7842857142857143,0.0,0.21571428571428572,0.336566144156575,0.00010017188461183136,0.6633336839588132
18,light,light,sedentary,0.5257142857142857,0.0,0.4742857142857143,0.3625381650965695,2.8840631739778802e-06,0.6374589508402565
18,light,light,light,0.8657142857142858,0.0,0.13428571428571429,0.8353719790143415,5.742773756444298e-06,0.16462227821190206
18,light,light,light,0.8414285714285714,0.0,0.15857142857142856,0.6667527619885356,0.00017408881286099144,0.33307314919860337
18,light,light,sedentary,0.6128571428571429,0.0,0.3871428571428571,0.39490557635250134,0.0005161786258721839,0.6045782450216265
18,light,light,light,0.6885714285714286,0.0,0.31142857142857144,0.5180966646720276,0.0006349591940675025,0.4812683761339049
18,light,light,light,0.7214285714285714,0.0,0.2785714285714286,0.7393173467117926,3.427559213701516e-05,0.2606483776960704
18,light,light,light,0.6442857142857142,0.0,0.3557142857142857,0.7804842160765146,4.677957501535729e-05,0.21946900434846994
18,light,light,light,0.74,0.0,0.26,0.9193971585946683,3.339995423353941e-05,0.08056944145109808
18,light,light,light,0.9271428571428572,0.0,0.07285714285714286,0.8191313055061229,0.000176206551585553,0.18069248794229154
18,light,light,light,0.65,0.0,0.35,0.6421653545320908,0.002129580778631745,0.3557050646892775
18,light,light,light,0.6571428571428571,0.0,0.34285714285714286,0.5020237275313877,0.0007816437781649018,0.49719462869044745
18,light,light,sedentary,0.5914285714285714,0.0,0.4085714285714286,0.4178369751815093,0.001266213612997513,0.5808968112054932
18,light,light,light,0.8471428571428572,0.0,0.15285714285714286,0.6867646623800264,5.2865029766453784e-05,0.3131824725902072
18,light,light,light,0.9242857142857143,0.0,0.07571428571428572,0.8469893661874017,4.592851932250161e-05,0.15296470529327572
18,light,light,light,0.8971428571428571,0.0,0.10285714285714286,0.8284911563519237,5.550911315015181e-06,0.17150329273676135
18,light,light,light,0.72,0.0,0.28,0.8586536571189156,1.1721939474663584e-05,0.1413346209416096
18,light,light,light,0.6585714285714286,0.0,0.3414285714285714,0.6894520946539263,1.5261166145979158e-05,0.3105326441799276
18,light,light,sedentary,0.8114285714285714,0.0,0.18857142857142858,0.4060779553513295,1.9004144108636973e-05,0.5939030405045619
18,light,light,light,0.7357142857142858,0.0,0.2642857142857143,0.696102010642006,8.858714546316478e-06,0.30388913064344764
18,sedentary,sedentary,sedentary,0.4328571428571429,0.0014285714285714286,0.5657142857142857,0.37125503378096214,0.0014724870806426338,0.6272724791383951
18,sedentary,sedentary,sedentary,0.2757142857142857,0.0,0.7242857142857143,0.03250850178928187,0.010424348399441296,0.9570671498112768
18,sedentary,sedentary,sedentary,0.15285714285714286,0.0,0.8471428571428572,0.10575927604085558,2.6104346177106914e-05,0.8942146196129673
18,sedentary,sedentary,sedentary,0.21857142857142858,0.0,0.7814285714285715,0.2830339055456733,4.132555458699447e-06,0.7169619618988681
18,sedentary,sedentary,sedentary,0.08857142857142856,0.0,0.9114285714285715,0.1536764081478069,3.190820509623212e-06,0.8463204010316836
18,sedentary,sedentary,sedentary,0.34714285714285714,0.0,0.6528571428571428,0.434724870730077,1.1274810137574092e-05,0.5652638544597854
18,sedentary,sedentary,sedentary,0.39571428571428574,0.0,0.6042857142857143,0.29769068639890534,0.00024902395872921946,0.7020602896423654
18,sedentary,sedentary,light,0.15714285714285714,0.0,0.8428571428571429,0.5182503248658722,1.0372156986901302e-05,0.481739302977141
18,sedentary,sedentary,sedentary,0.10571428571428572,0.0,0.8942857142857142,0.32688389147857694,1.306382508040932e-05,0.6731030446963426
18,sedentary,sedentary,sedentary,0.13428571428571429,0.0,0.8657142857142858,0.28833307975504135,5.423162972731611e-05,0.7116126886152313
18,sedentary,sedentary,sedentary,0.3585714285714286,0.0,0.6414285714285715,0.11261354213865635,4.145053524388965e-06,0.8873823128078193
18,sedentary,sedentary,sedentary,0.3357142857142857,0.0,0.6642857142857143,0.29294494168339724,7.39322384473758e-05,0.7069811260781554
18,sedentary,sedentary,sedentary,0.07857142857142857,0.0,0.9214285714285714,0.22362948011024422,9.026079444284958e-06,0.7763614938103116
18,sedentary,sedentary,sedentary,0.07142857142857142,0.0,0.9285714285714286,0.22945184521552675,1.907226837119244e-05,0.7705290825161021
18,sedentary,sedentary,sedentary,0.19428571428571428,0.0,0.8057142857142857,0.1985993608498519,0.0062764900397603695,0.7951241491103878
18,sedentary,sedentary,sedentary,0.4514285714285714,0.0,0.5485714285714286,0.44026596959156805,0.0011975750525395408,0.5585364553558924
18,sedentary,sedentary,sedentary,0.23142857142857143,0.0,0.7685714285714286,0.14005930136018013,6.42184958939445e-05,0.8598764801439258
18,sedentary,sedentary,sedentary,0.19,0.0,0.81,0.2939847559885936,5.761057846413874e-06,0.70600948295356
18,sedentary,light,sedentary,0.6457142857142857,0.0,0.35428571428571426,0.4887918394517027,3.3234314088431744e-05,0.5111749262342089
18,sedentary,light,light,0.5657142857142857,0.0,0.4342857142857143,0.5634337096284557,5.4424519035276055e-06,0.43656084791964067
18,sedentary,sedentary,sedentary,0.34714285714285714,0.0,0.6528571428571428,0.3747314914312285,5.012054473804182e-06,0.6252634965142977
18,sedentary,sedentary,sedentary,0.24142857142857144,0.0,0.7585714285714286,0.24961742266400608,3.700750060234062e-05,0.7503455698353916
18,sedentary,sedentary,sedentary,0.23714285714285716,0.0,0.7628571428571429,0.3276086210032622,5.238539223632386e-05,0.6723389936045016
18,sedentary,sedentary,sedentary,0.22857142857142856,0.0,0.7714285714285715,0.38604803687096684,0.00010737060077414725,0.6138445925282591
18,sedentary,sedentary,sedentary,0.45285714285714285,0.0,0.5471428571428572,0.25829389330793184,8.640892119236527e-05,0.7416196977708757
18,sedentary,sedentary,sedentary,0.13857142857142857,0.0,0.8614285714285714,0.2187307930603482,0.00033647298346693613,0.7809327339561849
18,sedentary,sedentary,sedentary,0.07285714285714286,0.0,0.9271428571428572,0.17954183205985869,0.0001638944057851358,0.8202942735343562
18,sedentary,sedentary,sedentary,0.09571428571428571,0.0,0.9042857142857142,0.1769420619105804,0.0001489926960218955,0.8229089453933978
18,sedentary,light,sedentary,0.51,0.0,0.49,0.37639584207770177,4.7090484535797124e-05,0.6235570674377624
18,sedentary,sedentary,light,0.3914285714285714,0.0,0.6085714285714285,0.5241262172228252,2.6257297418002195e-06,0.475871157047433
18,sedentary,sedentary,sedentary,0.008571428571428572,0.0,0.9914285714285714,0.005658310515955709,0.00010513663407348521,0.9942365528499709
18,sedentary,sedentary,sedentary,0.002857142857142857,0.0,0.9971428571428571,0.00971368672210733,3.5015546646631454e-06,0.990282811723228
18,sedentary,sedentary,sedentary,0.0,0.0,1.0,0.10592587225245112,2.6138967424603737e-05,0.8940479887801244
18,sedentary,sedentary,sedentary,0.03142857142857143,0.0,0.9685714285714285,0.13810251257335218,5.454045200110004e-06,0.8618920333814476
18,sedentary,sedentary,sedentary,0.04428571428571428,0.0,0.9557142857142857,0.2799845633749923,9.678521783282135e-06,0.7200057581032244
18,sedentary,sedentary,sedentary,0.047142857142857146,0.0,0.9528571428571428,0.3983654117535174,5.1230641258103274e-05,0.6015833576052245
18,sedentary,sedentary,sedentary,0.03,0.0,0.97,0.27814379838549275,1.9658047551347138e-05,0.7218365435669559
18,sedentary,sedentary,sedentary,0.03428571428571429,0.0,0.9657142857142857,0.21449312693840705,3.5591894106531027e-06,0.7855033138721823
18,sedentary,sedentary,sedentary,0.08285714285714285,0.0,0.9171428571428571,0.2960851448447738,6.581970068502888e-06,0.7039082731851577
18,sedentary,sedentary,sedentary,0.08,0.0,0.92,0.49878592305946595,3.0373115430304064e-05,0.5011837038251038
18,sedentary,sedentary,sedentary,0.02,0.0,0.98,0.4811675987807572,3.9202934243924215e-05,0.5187931982849989
18,sedentary,sedentary,sedentary,0.005714285714285714,0.0,0.9942857142857143,0.0931585308210104,2.2785823922851983e-06,0.9068391905965975
18,sedentary,sedentary,sedentary,0.004285714285714286,0.0,0.9957142857142857,0.13899351406401234,3.073407565407989e-06,0.8610034125284223
18,sedentary,sedentary,light,0.14,0.0,0.86,0.6063255424221979,1.2448382089996744e-05,0.39366200919571204
18,sedentary,sedentary,sedentary,0.06428571428571428,0.0,0.9357142857142857,0.2698679096579724,8.432166556801864e-06,0.7301236581754709
18,sedentary,sedentary,sedentary,0.02,0.0,0.98,0.0007033928140331427,5.553956285443234e-05,0.9992410676231125
18,sedentary,sedentary,sedentary,0.0014285714285714286,0.0,0.9985714285714286,0.21030808878684926,0.00010171736482332502,0.7895901938483275
18,sedentary,sedentary,sedentary,0.1657142857142857,0.0,0.8342857142857143,0.31672785798140435,4.558260855775958e-05,0.683226559410038
18,sedentary,sedentary,sedentary,0.06571428571428571,0.0,0.9342857142857143,0.18586942405977425,1.5237817738861163e-06,0.8141290521584518
18,sedentary,sedentary,sedentary,0.004285714285714286,0.0,0.9957142857142857,0.15908933307914475,4.7569334491387786e-06,0.8409059099874061
18,sedentary,sedentary,sedentary,0.002857142857142857,0.0,0.9971428571428571,0.16486566309026834,2.5991026695068613e-05,0.8351083458830366
18,sedentary,sedentary,sedentary,0.06142857142857143,0.0,0.9385714285714286,0.325464843021739,7.580599177222939e-06,0.6745275763790838
18,sedentary,sedentary,light,0.27714285714285714,0.0,0.7228571428571429,0.5133662007926724,2.5864864843952057e-05,0.48660793434248373
18,sedentary,sedentary,sedentary,0.13428571428571429,0.0,0.8657142857142858,0.18306500633990735,0.00010254020094822364,0.8168324534591445
18,sedentary,sedentary,sedentary,0.13,0.0,0.87,0.31312339441224424,0.00023905782094370918,0.686637547766812
18,sedentary,sedentary,sedentary,0.014285714285714285,0.0,0.9857142857142858,0.055218569529257265,1.5113447674162893e-06,0.9447799191259753
18,sedentary,sedentary,sedentary,0.0014285714285714286,0.0,0.9985714285714286,0.12488732369317058,0.00019780985446642748,0.874914866452363
18,sedentary,sedentary,sedentary,0.005714285714285714,0.0,0.9942857142857143,0.014723099359831895,2.520434770331012e-05,0.9852516962924647
18,sedentary,sedentary,sedentary,0.02142857142857143,0.0,0.9785714285714285,0.03038664043608698,4.742251246221589e-06,0.9696086173126669
18,sedentary,sedentary,sedentary,0.018571428571428572,0.0,0.9814285714285714,0.36485192531681915,4.477306792910347e-05,0.6351033016152519
18,sedentary,sedentary,sedentary,0.041428571428571426,0.0,0.9585714285714285,0.27348677852388836,7.106696827657055e-06,0.726506114779284
18,sedentary,sedentary,sedentary,0.025714285714285714,0.0,0.9742857142857143,0.347343107979053,1.5379818249714173e-05,0.6526415122026973
18,light,light,light,0.99,0.008571428571428572,0.0014285714285714286,0.9479992486269507,0.03359980853975886,0.018400942833290426
18,light,light,light,0.7328571428571429,0.2671428571428571,0.0,0.9070228832377802,0.06729253160018238,0.025684585162037442
18,light,moderate-vigorous,light,0.3142857142857143,0.6828571428571428,0.002857142857142857,0.7245615766315874,0.26785983223026244,0.007578591138150167
18,light,moderate-vigorous,light,0.42714285714285716,0.5728571428571428,0.0,0.7837815403434447,0.21409876733603098,0.002119692320524242
18,light,light,light,0.5571428571428572,0.42857142857142855,0.014285714285714285,0.8361051962060759,0.15284442721065208,0.011050376583272011
18,light,moderate-vigorous,light,0.3842857142857143,0.61,0.005714285714285714,0.7799998010841381,0.21705366946852706,0.0029465294473348196
18,light,light,light,0.5214285714285715,0.46714285714285714,0.011428571428571429,0.8318571292997224,0.16576759866672322,0.002375272033554345
18,light,light,light,0.6785714285714286,0.30714285714285716,0.014285714285714285,0.89430560969069,0.09490590566424884,0.010788484645061136
18,light,light,light,0.7528571428571429,0.2357142857142857,0.011428571428571429,0.8788739734826481,0.11757090786595893,0.0035551186513930006
18,light,light,light,1.0,0.0,0.0,0.9686025019591439,0.026660189453507028,0.004737308587349091
18,light,light,light,0.9728571428571429,0.027142857142857142,0.0,0.9407919721723412,0.04295337759506319,0.01625465023259561
18,light,moderate-vigorous,light,0.4114285714285714,0.5871428571428572,0.0014285714285714286,0.847293566250538,0.1370501268386913,0.01565630691077067
18,light,light,light,0.5085714285714286,0.49142857142857144,0.0,0.8977802018912827,0.09847900463406503,0.003740793474652298
18,light,light,light,0.76,0.24,0.0,0.9396274504942914,0.038506804289311324,0.02186574521639725
18,light,light,light,0.9328571428571428,0.06714285714285714,0.0,0.9691163719925433,0.013103225963947602,0.017780402043508968
18,light,light,light,0.9685714285714285,0.03142857142857143,0.0,0.966092650793215,0.021144560601691537,0.012762788605093512
18,light,light,light,0.72,0.28,0.0,0.9117321288641927,0.07979900290571519,0.008468868230092045
18,light,light,light,0.8014285714285714,0.19857142857142857,0.0,0.928820655866241,0.06678879562615817,0.004390548507600928
18,light,light,light,0.9971428571428571,0.002857142857142857,0.0,0.9381805178582533,0.046681682005554,0.01513780013619267
18,light,light,light,0.6685714285714286,0.3314285714285714,0.0,0.8595735752737942,0.13772701030185583,0.002699414424349969
18,light,light,light,0.9957142857142857,0.004285714285714286,0.0,0.934958313374654,0.06330295943675604,0.0017387271885900201
18,light,light,light,0.9714285714285714,0.027142857142857142,0.0014285714285714286,0.9299451376064035,0.054860283389702814,0.015194579003893607
18,light,light,light,0.74,0.25,0.01,0.9266879481955682,0.06474498610520735,0.008567065699224328
18,light,light,light,0.9742857142857143,0.025714285714285714,0.0,0.9749528341013529,0.023443238252968145,0.0016039276456790092
18,light,light,light,0.9928571428571429,0.007142857142857143,0.0,0.948658224902245,0.04157157600246941,0.009770199095285587
18,light,light,light,0.6971428571428572,0.3028571428571429,0.0,0.9166781194736563,0.07403992630219444,0.009281954224149402
18,light,light,light,0.9971428571428571,0.002857142857142857,0.0,0.9711353410354397,0.02604224163290958,0.0028224173316507457
18,light,light,light,0.9971428571428571,0.0014285714285714286,0.0014285714285714286,0.9707366027295727,0.02126922602308201,0.007994171247345232
18,light,light,light,0.9942857142857143,0.002857142857142857,0.002857142857142857,0.9783497265861852,0.007823339870887989,0.013826933542926667
18,moderate-vigorous,moderate-vigorous,moderate-vigorous,0.032857142857142856,0.9671428571428572,0.0,0.1360605146342526,0.8632103062277214,0.0007291791380259679
18,moderate-vigorous,moderate-vigorous,moderate-vigorous,0.01,0.99,0.0,0.04168633250638906,0.9575300395081046,0.0007836279855064743
18,moderate-vigorous,moderate-vigorous,moderate-vigorous,0.02,0.9785714285714285,0.0014285714285714286,0.13192753180561345,0.8621617878775141,0.005910680316872558
18,moderate-vigorous,moderate-vigorous,light,0.26571428571428574,0.72,0.014285714285714285,0.5796724576537774,0.36785505680870634,0.052472485537516135
18,moderate-vigorous,moderate-vigorous,moderate-vigorous,0.06571428571428571,0.9328571428571428,0.0014285714285714286,0.15709980637152673,0.838108128739214,0.004792064889259303
18,moderate-vigorous,moderate-vigorous,moderate-vigorous,0.06571428571428571,0.9314285714285714,0.002857142857142857,0.15584081884895698,0.843851032933866,0.00030814821717699243
18,moderate-vigorous,moderate-vigorous,moderate-vigorous,0.07714285714285714,0.9214285714285714,0.0014285714285714286,0.2198938790026428,0.7792294080326152,0.0008767129647420352
18,moderate-vigorous,moderate-vigorous,moderate-vigorous,0.005714285714285714,0.9942857142857143,0.0,0.024504750749565693,0.9750218268257722,0.00047342242466218794
18,moderate-vigorous,moderate-vigorous,moderate-vigorous,0.017142857142857144,0.9828571428571429,0.0,0.013663834316886041,0.9858993734482645,0.0004367922348495525
18,moderate-vigorous,moderate-vigorous,moderate-vigorous,0.04285714285714286,0.9571428571428572,0.0,0.04933827630009273,0.9500138027353413,0.0006479209645659579
18,moderate-vigorous,moderate-vigorous,moderate-vigorous,0.06714285714285714,0.9328571428571428,0.0,0.42401709605438664,0.5650309755913557,0.010951928354257612
18,moderate-vigorous,moderate-vigorous,moderate-vigorous,0.0014285714285714286,0.9985714285714286,0.0,0.010131411194958698,0.9858943133867162,0.0039742754183250744
18,moderate-vigorous,moderate-vigorous,moderate-vigorous,0.004285714285714286,0.9957142857142857,0.0,0.026477060181301925,0.9655087023312328,0.008014237487465346
18,moderate-vigorous,moderate-vigorous,moderate-vigorous,0.11142857142857143,0.8871428571428571,0.0014285714285714286,0.1929351102191358,0.6925189041562406,0.11454598562462352
18,moderate-vigorous,moderate-vigorous,moderate-vigorous,0.024285714285714285,0.9757142857142858,0.0,0.1261149875982375,0.8513337010512846,0.02255131135047787
18,moderate-vigorous,moderate-vigorous,moderate-vigorous,0.02142857142857143,0.9785714285714285,0.0,0.048708118398848636,0.9486852509601437,0.0026066306410077716
18,moderate-vigorous,moderate-vigorous,moderate-vigorous,0.02,0.98,0.0,0.11305956989006927,0.884180167967292,0.002760262142638772
18,moderate-vigorous,moderate-vigorous,moderate-vigorous,0.027142857142857142,0.9714285714285714,0.0014285714285714286,0.01638567597548984,0.9828376843033697,0.0007766397211404005
18,moderate-vigorous,moderate-vigorous,moderate-vigorous,0.045714285714285714,0.9528571428571428,0.0014285714285714286,0.07777382266529782,0.9202144304472274,0.002011746887474849
18,moderate-vigorous,moderate-vigorous,moderate-vigorous,0.03857142857142857,0.9528571428571428,0.008571428571428572,0.09245761582952951,0.8618146171269959,0.04572776704347449
18,moderate-vigorous,moderate-vigorous,moderate-vigorous,0.025714285714285714,0.9628571428571429,0.011428571428571429,0.011856768133995218,0.9869601709459086,0.0011830609200962521
18,moderate-vigorous,moderate-vigorous,moderate-vigorous,0.037142857142857144,0.9514285714285714,0.011428571428571429,0.009381677091612283,0.989223955254105,0.0013943676542827888
18,moderate-vigorous,moderate-vigorous,moderate-vigorous,0.12428571428571429,0.8557142857142858,0.02,0.3233351869230959,0.6547380486238672,0.0219267644530371
18,moderate-vigorous,moderate-vigorous,moderate-vigorous,0.07571428571428572,0.9214285714285714,0.002857142857142857,0.27234563393371436,0.7165978361270279,0.011056529939257808
18,moderate-vigorous,moderate-vigorous,moderate-vigorous,0.012857142857142857,0.9871428571428571,0.0,0.010140103786702007,0.9895385989266383,0.0003212972866596187
18,moderate-vigorous,moderate-vigorous,moderate-vigorous,0.16142857142857142,0.8285714285714286,0.01,0.14930724425100506,0.850067985126388,0.0006247706226067129
18,moderate-vigorous,moderate-vigorous,moderate-vigorous,0.12285714285714286,0.8771428571428571,0.0,0.29930550215455,0.6966039584916008,0.004090539353849316
18,moderate-vigorous,moderate-vigorous,moderate-vigorous,0.02142857142857143,0.9657142857142857,0.012857142857142857,0.018323952916701452,0.980619446720769,0.0010566003625296328
18,moderate-vigorous,moderate-vigorous,moderate-vigorous,0.05,0.9357142857142857,0.014285714285714285,0.02777519483454828,0.9711026864055545,0.0011221187598971262
18,moderate-vigorous,moderate-vigorous,moderate-vigorous,0.02857142857142857,0.9714285714285714,0.0,0.07134005062896803,0.918113942256275,0.010546007114757035
18,moderate-vigorous,moderate-vigorous,moderate-vigorous,0.02142857142857143,0.9771428571428571,0.0014285714285714286,0.06532371439918863,0.9232112516696788,0.011465033931132648
18,moderate-vigorous,moderate-vigorous,moderate-vigorous,0.02142857142857143,0.9785714285714285,0.0,0.026981583521061444,0.9653338662923006,0.007684550186637976
18,moderate-vigorous,moderate-vigorous,moderate-vigorous,0.017142857142857144,0.9828571428571429,0.0,0.10002892257856068,0.8908513166339945,0.009119760787444841
18,moderate-vigorous,moderate-vigorous,moderate-vigorous,0.015714285714285715,0.9842857142857143,0.0,0.0321896811278102,0.9509809627033785,0.0168293561688114
18,moderate-vigorous,moderate-vigorous,moderate-vigorous,0.024285714285714285,0.9757142857142858,0.0,0.03404578231389767,0.928261249661427,0.03769296802467538
18,moderate-vigorous,moderate-vigorous,moderate-vigorous,0.03,0.9685714285714285,0.0014285714285714286,0.09768068881507105,0.8921823274184021,0.010136983766526799
18,moderate-vigorous,moderate-vigorous,moderate-vigorous,0.012857142857142857,0.9857142857142858,0.0014285714285714286,0.08007319492116073,0.9186279086780582,0.0012988964007809394
18,moderate-vigorous,moderate-vigorous,moderate-vigorous,0.027142857142857142,0.9414285714285714,0.03142857142857143,0.004306283577188688,0.9946813294591266,0.0010123869636847903
18,moderate-vigorous,moderate-vigorous,moderate-vigorous,0.08571428571428572,0.9085714285714286,0.005714285714285714,0.09662005318127428,0.8990570769467949,0.004322869871930795
18,moderate-vigorous,moderate-vigorous,moderate-vigorous,0.06571428571428571,0.9242857142857143,0.01,0.03233736241001569,0.9631412235790991,0.004521414010885256
18,moderate-vigorous,moderate-vigorous,moderate-vigorous,0.03857142857142857,0.96,0.0014285714285714286,0.2024129403448725,0.7842225860294475,0.01336447362567998
18,moderate-vigorous,moderate-vigorous,moderate-vigorous,0.09714285714285714,0.8942857142857142,0.008571428571428572,0.12415371951028391,0.8419259941996212,0.03392028629009484
18,moderate-vigorous,moderate-vigorous,moderate-vigorous,0.05,0.9457142857142857,0.004285714285714286,0.042051007185316375,0.9526842558089107,0.005264737005772737
18,moderate-vigorous,moderate-vigorous,moderate-vigorous,0.09,0.9057142857142857,0.004285714285714286,0.28989419699366814,0.702946023637269,0.007159779369062879
18,moderate-vigorous,moderate-vigorous,moderate-vigorous,0.011428571428571429,0.9885714285714285,0.0,0.05714960859253804,0.9420668079570642,0.0007835834503977464
18,moderate-vigorous,moderate-vigorous,moderate-vigorous,0.007142857142857143,0.9814285714285714,0.011428571428571429,0.008422041906302798,0.991482987328474,9.497076522315057e-05
18,moderate-vigorous,moderate-vigorous,moderate-vigorous,0.05857142857142857,0.94,0.0014285714285714286,0.03140604648186501,0.9682795247296249,0.0003144287885101745
18,moderate-vigorous,moderate-vigorous,moderate-vigorous,0.12,0.8785714285714286,0.0014285714285714286,0.44196630640275,0.551244973521819,0.0067887200754309955
18,moderate-vigorous,moderate-vigorous,moderate-vigorous,0.02857142857142857,0.9628571428571429,0.008571428571428572,0.05342970539990313,0.935298100924955,0.011272193675141864
18,moderate-vigorous,moderate-vigorous,moderate-vigorous,0.018571428571428572,0.9814285714285714,0.0,0.061428406753352066,0.9010766276176265,0.03749496562902143
18,moderate-vigorous,moderate-vigorous,moderate-vigorous,0.08714285714285715,0.9128571428571428,0.0,0.23554979772611292,0.7544912198107107,0.009958982463176391
18,moderate-vigorous,moderate-vigorous,moderate-vigorous,0.04285714285714286,0.9571428571428572,0.0,0.1998660801220224,0.7946909708903139,0.005442948987663606
18,moderate-vigorous,moderate-vigorous,moderate-vigorous,0.0,1.0,0.0,0.026860192670890366,0.9712480861415889,0.001891721187520751
18,moderate-vigorous,moderate-vigorous,moderate-vigorous,0.05,0.95,0.0,0.1379327784562183,0.8598630894974613,0.002204132046320418
18,moderate-vigorous,moderate-vigorous,moderate-vigorous,0.01,0.99,0.0,0.06496826831172203,0.9294969553506753,0.005534776337602683
18,moderate-vigorous,moderate-vigorous,moderate-vigorous,0.014285714285714285,0.9842857142857143,0.0014285714285714286,0.05469138483663931,0.9326438607648858,0.0126647543984748
18,moderate-vigorous,moderate-vigorous,moderate-vigorous,0.008571428571428572,0.9885714285714285,0.002857142857142857,0.04452589608690001,0.9518228921417103,0.003651211771389437
18,light,light,light,0.5085714285714286,0.0,0.49142857142857144,0.5089330350341092,3.7880380427694666e-05,0.491029084585463
18,light,sedentary,sedentary,0.48,0.0,0.52,0.4043846478997053,0.000188624746456917,0.5954267273538378
18,light,sedentary,sedentary,0.4957142857142857,0.0,0.5042857142857143,0.49423104404936075,0.0001154619475111949,0.505653494003128
18,light,light,light,0.5985714285714285,0.0,0.4014285714285714,0.7096100623756374,2.1124081938980113e-05,0.29036881354242355
18,light,light,light,0.88,0.0,0.12,0.908109039481815,1.9202359167600765e-05,0.09187175815901741
18,light,light,light,0.9185714285714286,0.0,0.08142857142857143,0.7900289016836746,5.057073760208607e-05,0.20992052757872334
18,light,sedentary,sedentary,0.39,0.0,0.61,0.3330416116631394,0.0007473627176744918,0.6662110256191861
18,light,sedentary,sedentary,0.37857142857142856,0.0,0.6214285714285714,0.45723016172716513,0.0004091279226976012,0.5423607103501372
18,light,sedentary,light,0.44285714285714284,0.0,0.5571428571428572,0.6197333538068359,7.107052328430172e-05,0.3801955756698797
18,light,light,light,0.7442857142857143,0.0,0.2557142857142857,0.7351369509689686,7.526613606294123e-06,0.264855522417425
18,light,light,light,0.7642857142857142,0.0,0.2357142857142857,0.6958119247670509,1.3828514995944912e-05,0.3041742467179531
18,light,light,light,0.8714285714285714,0.0,0.12857142857142856,0.7392949162003023,1.6502716507755538e-05,0.26068858108318993
18,light,light,light,0.86,0.0,0.14,0.9009375748611227,2.0997529483778615e-05,0.09904142760939347
18,light,light,light,0.6428571428571429,0.0,0.35714285714285715,0.8426624366564149,7.962146077645654e-06,0.15732960119750747
18,light,sedentary,sedentary,0.41285714285714287,0.0,0.5871428571428572,0.49374870105895213,3.1900078886238405e-05,0.5062193988621616
18,light,sedentary,sedentary,0.43142857142857144,0.0,0.5685714285714286,0.3975240894307004,1.836085917504394e-05,0.6024575497101246
18,light,light,light,0.8942857142857142,0.0,0.10571428571428572,0.8143324139478275,1.791297210765516e-05,0.18564967308006483
18,light,light,light,0.6914285714285714,0.0,0.30857142857142855,0.7039686841411429,1.348770146194274e-05,0.2960178281573952
18,light,light,light,0.8614285714285714,0.0,0.13857142857142857,0.8424364673680865,1.6860173242785785e-06,0.15756184661458905
18,light,light,light,0.7185714285714285,0.0,0.2814285714285714,0.6060164505417105,5.114893761610983e-06,0.3939784345645279
18,light,light,light,0.5814285714285714,0.0,0.4185714285714286,0.6484656793959349,1.6292722930385994e-05,0.35151802788113473
18,light,sedentary,light,0.48714285714285716,0.0,0.5128571428571429,0.7076851901975277,7.332564327531902e-06,0.2923074772381448
18,light,sedentary,light,0.2057142857142857,0.0,0.7942857142857143,0.5672357639183165,2.502560591460205e-05,0.43273921047576897
18,light,sedentary,sedentary,0.34714285714285714,0.0,0.6528571428571428,0.39373775900793995,4.536668540652084e-06,0.6062577043235196
18,light,sedentary,sedentary,0.3271428571428571,0.0,0.6728571428571428,0.31247423732607027,6.350152684371669e-07,0.6875251276586614
18,light,sedentary,sedentary,0.37285714285714283,0.0,0.6271428571428571,0.28361026714081683,4.5005820119677945e-07,0.716389282800982
18,light,light,sedentary,0.6157142857142858,0.0,0.3842857142857143,0.40202601248210956,2.7627751706917557e-06,0.5979712247427199
18,light,sedentary,sedentary,0.45285714285714285,0.0,0.5471428571428572,0.17452545050567428,1.039153210843474e-06,0.8254735103411148
18,light,sedentary,sedentary,0.2785714285714286,0.0,0.7214285714285714,0.35529990924564764,2.8002627044356895e-06,0.6446972904916479
18,light,light,light,0.5628571428571428,0.0,0.43714285714285717,0.6706841119529976,1.2795587457424557e-05,0.32930309245954487
18,light,light,light,0.8371428571428572,0.0,0.16285714285714287,0.9191904171730525,2.645043881037002e-05,0.0807831323881371
18,light,light,light,0.6914285714285714,0.0,0.30857142857142855,0.8185877962352436,5.295577720164536e-06,0.1814069081870362
18,light,light,light,0.6842857142857143,0.0,0.3157142857142857,0.808426792168934,4.460023593711557e-06,0.19156874780747243
18,sedentary,sedentary,sedentary,0.4828571428571429,0.0,0.5171428571428571,0.4756240978132486,0.00256897754742755,0.5218069246393239
18,sedentary,sedentary,sedentary,0.24428571428571427,0.0,0.7557142857142857,0.346803119931816,0.002767835998784482,0.6504290440693995
18,sedentary,sedentary,sedentary,0.34,0.0,0.66,0.34197841038820526,5.0473681922339284e-05,0.6579711159298725
18,sedentary,sedentary,sedentary,0.10428571428571429,0.0,0.8957142857142857,0.29452881224345484,0.00047742662955679567,0.7049937611269883
18,sedentary,sedentary,sedentary,0.14714285714285713,0.0,0.8528571428571429,0.3978999558766466,1.3862350154554281e-05,0.602086181773199
18,sedentary,sedentary,light,0.3271428571428571,0.0,0.6728571428571428,0.6481606248358776,3.28729550114371e-05,0.351806502209111
18,sedentary,sedentary,light,0.4014285714285714,0.0,0.5985714285714285,0.7308736196490161,2.1122989457557556e-05,0.2691052573615263
18,sedentary,sedentary,sedentary,0.22428571428571428,0.0,0.7757142857142857,0.30698163742924955,1.1717598999974063e-06,0.6930171908108504
18,sedentary,sedentary,sedentary,0.02857142857142857,0.0,0.9714285714285714,0.38571500621681415,5.6648368933892365e-06,0.6142793289462924
18,sedentary,sedentary,sedentary,0.027142857142857142,0.0,0.9728571428571429,0.14689505320437135,1.535027987839977e-05,0.8530895965157502
18,sedentary,sedentary,sedentary,0.19,0.0,0.81,0.1866922600513387,2.34845699202615e-06,0.8133053914916692
18,sedentary,light,sedentary,0.5585714285714286,0.0,0.44142857142857145,0.24960442248380738,2.094413883287571e-05,0.7503746333773597
18,sedentary,sedentary,sedentary,0.45714285714285713,0.0,0.5428571428571428,0.2647969678526837,2.886159394402485e-05,0.7351741705533723
18,sedentary,sedentary,sedentary,0.17285714285714285,0.0,0.8271428571428572,0.07758384994951731,0.01992855281254942,0.9024875972379331
18,sedentary,light,light,0.7371428571428571,0.0,0.26285714285714284,0.5158143976790305,0.00021795858138814322,0.4839676437395814
18,sedentary,sedentary,sedentary,0.42714285714285716,0.0,0.5728571428571428,0.4740594957350222,5.37864776402645e-07,0.5259399664002014
18,sedentary,light,light,0.7185714285714285,0.0,0.2814285714285714,0.6335395238967056,1.2560062626625511e-05,0.3664479160406676
18,sedentary,light,light,0.6371428571428571,0.0,0.3628571428571429,0.5031590264061352,4.70448895466639e-05,0.49679392870431804
18,sedentary,sedentary,sedentary,0.35714285714285715,0.0,0.6428571428571429,0.3402034561967907,2.0412900106793886e-05,0.6597761309031025
18,sedentary,sedentary,sedentary,0.08857142857142856,0.0,0.9114285714285715,0.4092767185818443,3.66578218953722e-06,0.5907196156359662
18,sedentary,sedentary,sedentary,0.3357142857142857,0.0,0.6642857142857143,0.4484715219844558,2.231569695187054e-06,0.551526246445849
18,sedentary,light,sedentary,0.7414285714285714,0.0,0.25857142857142856,0.4244602855994195,1.1614143730970602e-06,0.5755385529862075
18,sedentary,light,light,0.6928571428571428,0.0,0.30714285714285716,0.7473935437382113,1.3773389469677913e-05,0.25259268287231906
18,sedentary,light,light,0.6714285714285714,0.0,0.32857142857142857,0.7093303352396783,9.680722206779095e-06,0.29065998403811494
18,sedentary,sedentary,light,0.49857142857142855,0.0,0.5014285714285714,0.5358894223583186,2.9708141255770733e-06,0.46410760682755586
18,sedentary,sedentary,sedentary,0.33714285714285713,0.0,0.6628571428571428,0.337234835901142,1.3146246614192039e-05,0.6627520178522437
18,sedentary,sedentary,light,0.44142857142857145,0.0,0.5585714285714286,0.6270376656513562,1.4255065780287586e-05,0.37294807928286355
18,sedentary,sedentary,sedentary,0.054285714285714284,0.0,0.9457142857142857,0.006057651452637197,0.0007209820799704972,0.9932213664673923
18,sedentary,sedentary,sedentary,0.037142857142857144,0.0,0.9628571428571429,0.015715367636369226,0.00023537531272108418,0.9840492570509097
18,sedentary,sedentary,sedentary,0.09571428571428571,0.0,0.9042857142857142,0.248433774537755,6.724285171078137e-05,0.7514989826105343
18,sedentary,sedentary,sedentary,0.0014285714285714286,0.0,0.9985714285714286,0.030603669172656993,4.527757873083074e-05,0.9693510532486123
18,sedentary,sedentary,sedentary,0.005714285714285714,0.0,0.9942857142857143,0.07138877989583661,0.00011929996012580121,0.9284919201440376
18,sedentary,sedentary,sedentary,0.10571428571428572,0.0,0.8942857142857142,0.06991490178471613,1.3014853627259426e-06,0.9300837967299211
18,sedentary,sedentary,sedentary,0.047142857142857146,0.0,0.9528571428571428,0.13872690802517834,2.2140459573587155e-05,0.8612509515152481
18,sedentary,sedentary,sedentary,0.0,0.0,1.0,0.015924049354545566,1.9700939282263982e-05,0.9840562497061721
18,sedentary,sedentary,sedentary,0.0014285714285714286,0.0,0.9985714285714286,0.01540601155295534,5.363821727433157e-05,0.9845403502297703
18,sedentary,sedentary,sedentary,0.0,0.0,1.0,0.009912934075645016,4.085854847936594e-05,0.9900462073758756
18,sedentary,sedentary,sedentary,0.0,0.0,1.0,0.005724909292512454,2.2611985711072906e-05,0.9942524787217766
18,sedentary,sedentary,sedentary,0.002857142857142857,0.0,0.9971428571428571,0.0038004559838165524,1.0851458493068822e-05,0.9961886925576903
18,sedentary,sedentary,sedentary,0.0014285714285714286,0.0,0.9985714285714286,0.011160560007299175,1.7071691999998224e-05,0.9888223683007008
18,sedentary,sedentary,sedentary,0.0,0.0,1.0,0.014170556896893866,1.1040119054854138e-05,0.9858184029840512
18,sedentary,sedentary,sedentary,0.002857142857142857,0.0,0.9971428571428571,0.0043294655637028095,2.5740002001392166e-05,0.9956447944342959
18,sedentary,sedentary,sedentary,0.0,0.0,1.0,0.010190253138883653,5.926593036096059e-05,0.9897504809307552
18,sedentary,sedentary,sedentary,0.05,0.0,0.95,0.007292329935280474,0.0007306922153833622,0.991976977849336
18,sedentary,sedentary,sedentary,0.0014285714285714286,0.0,0.9985714285714286,0.0015992771473672424,6.025445431328923e-05,0.9983404683983195
18,sedentary,sedentary,sedentary,0.06714285714285714,0.0,0.9328571428571428,0.15232834392939112,0.0001115478298040419,0.8475601082408049
18,sedentary,sedentary,sedentary,0.04428571428571428,0.0,0.9557142857142857,0.17043625209201782,0.00022598156267995592,0.8293377663453023
18,sedentary,sedentary,sedentary,0.07857142857142857,0.0,0.9214285714285714,0.2853168575567231,3.297808715754265e-05,0.7146501643561194
18,sedentary,sedentary,sedentary,0.06714285714285714,0.0,0.9328571428571428,0.2350410576881216,1.154928448668098e-05,0.7649473930273917
18,sedentary,sedentary,sedentary,0.0,0.0,1.0,0.004485656477704529,2.341036097121639e-05,0.9954909331613243
18,sedentary,sedentary,sedentary,0.0,0.0,1.0,0.01631045033881143,3.979851040792643e-05,0.9836497511507807
18,sedentary,sedentary,sedentary,0.0014285714285714286,0.0,0.9985714285714286,0.028162061416896828,0.00040414842350999645,0.9714337901595931
18,sedentary,sedentary,sedentary,0.0014285714285714286,0.0,0.9985714285714286,0.029796172798237312,8.376599792334232e-05,0.9701200612038394
18,sedentary,sedentary,sedentary,0.16142857142857142,0.0,0.8385714285714285,0.04385049278624493,6.061628637659429e-07,0.9561489010508912
18,sedentary,sedentary,sedentary,0.037142857142857144,0.0,0.9628571428571429,0.06603719718528547,8.716659839370697e-07,0.9339619311487305
18,sedentary,sedentary,sedentary,0.0014285714285714286,0.0,0.9985714285714286,0.005417566652019926,8.381273087847207e-06,0.9945740520748922
18,sedentary,sedentary,sedentary,0.0014285714285714286,0.0,0.9985714285714286,0.016677505697950512,7.348516423549562e-05,0.983249009137814
18,sedentary,sedentary,sedentary,0.012857142857142857,0.0,0.9871428571428571,0.0438971664027482,1.4292555552733814e-06,0.9561014043416967
18,sedentary,sedentary,sedentary,0.0014285714285714286,0.0,0.9985714285714286,0.0046888136621552985,6.083520999565399e-05,0.9952503511278491
18,sedentary,sedentary,sedentary,0.0014285714285714286,0.0,0.9985714285714286,0.005541351824672556,7.134283364240341e-05,0.9943873053416851
18,light,light,light,0.98,0.02,0.0,0.9387948779951591,0.05544516541272965,0.00575995659211119
18,light,light,light,0.57,0.42857142857142855,0.0014285714285714286,0.8468894586739518,0.1439001655829915,0.009210375743056748
18,light,moderate-vigorous,light,0.32,0.6785714285714286,0.0014285714285714286,0.6665628716953024,0.3311158175233435,0.0023213107813541186
18,light,moderate-vigorous,light,0.48142857142857143,0.5185714285714286,0.0,0.6660335094519865,0.3306416416762919,0.003324848871721778
18,light,light,light,0.5985714285714285,0.4014285714285714,0.0,0.8400807834388814,0.13953857945907694,0.02038063710204179
18,light,light,light,0.74,0.26,0.0,0.867717349001852,0.12490130545534564,0.007381345542802375
18,light,light,light,0.8414285714285714,0.15857142857142856,0.0,0.8176022185649926,0.17417351809785916,0.008224263337148345
18,light,light,light,0.6628571428571428,0.33714285714285713,0.0,0.8859595851865537,0.09542380557132105,0.01861660924212531
18,light,light,light,0.6814285714285714,0.31857142857142856,0.0,0.8993811193526013,0.09485227418136247,0.005766606466036189
18,light,light,light,0.7157142857142857,0.2842857142857143,0.0,0.9024745561914141,0.08975402548410251,0.007771418324483299
18,light,light,light,0.9328571428571428,0.06714285714285714,0.0,0.9190596932242108,0.053338685877825635,0.027601620897963634
18,light,light,light,0.7457142857142857,0.25142857142857145,0.002857142857142857,0.9115918089236175,0.0793858947444661,0.009022296331916443
18,light,light,light,0.92,0.08,0.0,0.9500103322803605,0.04225388421672269,0.007735783502916793
18,light,light,light,0.7085714285714285,0.29,0.0014285714285714286,0.9500806110999211,0.03435645180857032,0.01556293709150853
18,light,light,light,0.5985714285714285,0.4014285714285714,0.0,0.9423227258726231,0.02855967504490861,0.029117599082468363
18,light,light,light,0.53,0.47,0.0,0.7942013660692968,0.18855032934018312,0.017248304590520132
18,light,light,light,0.58,0.42,0.0,0.8823835890697391,0.11076026615162808,0.006856144778632639
18,light,moderate-vigorous,light,0.33,0.67,0.0,0.761807109332566,0.2278590960008424,0.010333794666591664
18,light,moderate-vigorous,light,0.39,0.61,0.0,0.7749665586772236,0.19883638051415298,0.026197060808623298
18,light,light,light,0.55,0.45,0.0,0.8491594080884849,0.14688085909642035,0.003959732815094765
18,light,light,light,0.5671428571428572,0.4328571428571429,0.0,0.7065830843847228,0.2770062334361933,0.016410682179083928
18,light,moderate-vigorous,moderate-vigorous,0.3485714285714286,0.6514285714285715,0.0,0.47994332868867884,0.5141699418942042,0.005886729417117101
18,light,moderate-vigorous,light,0.23714285714285716,0.7628571428571429,0.0,0.5186050955104494,0.47921740285143516,0.0021775016381153267
18,light,light,light,0.6314285714285715,0.36857142857142855,0.0,0.7387284976251209,0.25267642226197873,0.008595080112900423
18,light,light,light,0.5485714285714286,0.4514285714285714,0.0,0.7988553761618014,0.19600140768292054,0.005143216155277982
18,light,moderate-vigorous,light,0.3557142857142857,0.6442857142857142,0.0,0.6699762311712252,0.3179803938085436,0.012043375020231355
18,light,moderate-vigorous,light,0.4585714285714286,0.5414285714285715,0.0,0.652205744457081,0.34335750269973403,0.004436752843185028
18,moderate-vigorous,moderate-vigorous,moderate-vigorous,0.022857142857142857,0.9757142857142858,0.0014285714285714286,0.15754286474795964,0.8373192015193629,0.005137933732677381
18,moderate-vigorous,moderate-vigorous,moderate-vigorous,0.045714285714285714,0.9528571428571428,0.0014285714285714286,0.11476583767755177,0.883895757831819,0.001338404490629194
18,moderate-vigorous,moderate-vigorous,moderate-vigorous,0.25,0.75,0.0,0.2932822962447474,0.7013214434830468,0.005396260272205901
18,moderate-vigorous,moderate-vigorous,moderate-vigorous,0.18,0.8185714285714286,0.0014285714285714286,0.1787590342904195,0.8164435540445474,0.004797411665033229
18,moderate-vigorous,moderate-vigorous,moderate-vigorous,0.1657142857142857,0.8342857142857143,0.0,0.19967872870628212,0.7997591937011996,0.0005620775925182063
18,moderate-vigorous,moderate-vigorous,light,0.4042857142857143,0.5957142857142858,0.0,0.6304802884444289,0.36324011617195945,0.006279595383611517
18,moderate-vigorous,moderate-vigorous,moderate-vigorous,0.10571428571428572,0.8942857142857142,0.0,0.1465285055935842,0.8529478120136172,0.0005236823927986642
18,moderate-vigorous,moderate-vigorous,moderate-vigorous,0.06142857142857143,0.9385714285714286,0.0,0.093046271852047,0.9068572775025676,9.645064538526108e-05
18,moderate-vigorous,moderate-vigorous,moderate-vigorous,0.05285714285714286,0.9471428571428572,0.0,0.07979800337212661,0.9199167363037568,0.00028526032411639916
18,moderate-vigorous,moderate-vigorous,moderate-vigorous,0.12285714285714286,0.8714285714285714,0.005714285714285714,0.28064634903204516,0.7155174381216818,0.0038362128462730723
18,moderate-vigorous,moderate-vigorous,moderate-vigorous,0.08142857142857143,0.9128571428571428,0.005714285714285714,0.1802756522998686,0.8105820222994673,0.00914232540066399
18,moderate-vigorous,moderate-vigorous,moderate-vigorous,0.16142857142857142,0.8357142857142857,0.002857142857142857,0.38158661583150133,0.5731819962884086,0.04523138788009014
18,moderate-vigorous,moderate-vigorous,light,0.21857142857142858,0.7785714285714286,0.002857142857142857,0.5908304859257547,0.3935108667787314,0.015658647295513927
18,moderate-vigorous,moderate-vigorous,light,0.11285714285714285,0.88,0.007142857142857143,0.5095279624061912,0.4463264071866047,0.04414563040720418
18,moderate-vigorous,moderate-vigorous,light,0.14285714285714285,0.85,0.007142857142857143,0.46173416750095997,0.4281058099434838,0.11016002255555613
18,moderate-vigorous,moderate-vigorous,moderate-vigorous,0.12428571428571429,0.8657142857142858,0.01,0.24043768545286606,0.7208415126132449,0.03872080193388898
18,moderate-vigorous,moderate-vigorous,moderate-vigorous,0.03142857142857143,0.9628571428571429,0.005714285714285714,0.13058788070095262,0.8627271230226357,0.006684996276411804
18,moderate-vigorous,moderate-vigorous,moderate-vigorous,0.037142857142857144,0.9614285714285714,0.0014285714285714286,0.09031809852155574,0.9045772132878392,0.005104688190605046
18,moderate-vigorous,moderate-vigorous,moderate-vigorous,0.02142857142857143,0.9785714285714285,0.0,0.26934131402375305,0.6743901934241494,0.05626849255209762
18,moderate-vigorous,moderate-vigorous,moderate-vigorous,0.025714285714285714,0.9742857142857143,0.0,0.08086686944906635,0.8967766263614284,0.022356504189505196
18,moderate-vigorous,moderate-vigorous,moderate-vigorous,0.07857142857142857,0.9214285714285714,0.0,0.4226709636985584,0.5524421530992546,0.024886883202187057
18,moderate-vigorous,moderate-vigorous,moderate-vigorous,0.037142857142857144,0.9628571428571429,0.0,0.37265130335538016,0.6037857646212327,0.023562932023387127
18,moderate-vigorous,moderate-vigorous,moderate-vigorous,0.02142857142857143,0.9785714285714285,0.0,0.04857526652451491,0.8920723993653045,0.059352334110180836
18,moderate-vigorous,moderate-vigorous,moderate-vigorous,0.04285714285714286,0.9571428571428572,0.0,0.31225950847247663,0.6572180550810631,0.030522436446460355
18,moderate-vigorous,moderate-vigorous,moderate-vigorous,0.012857142857142857,0.9871428571428571,0.0,0.15117400499314476,0.8194077304549328,0.029418264551922344
18,moderate-vigorous,moderate-vigorous,moderate-vigorous,0.027142857142857142,0.9714285714285714,0.0014285714285714286,0.02353635507521899,0.9530605428717439,0.023403102053037046
18,moderate-vigorous,moderate-vigorous,moderate-vigorous,0.025714285714285714,0.9742857142857143,0.0,0.06987252456526512,0.9059732215275361,0.024154253907198865
18,moderate-vigorous,moderate-vigorous,moderate-vigorous,0.04857142857142857,0.95,0.0014285714285714286,0.22261747963594644,0.5382375332669006,0.23914498709715293
18,moderate-vigorous,moderate-vigorous,moderate-vigorous,0.05857142857142857,0.9414285714285714,0.0,0.13606222239049348,0.8048089018764957,0.05912887573301085
18,moderate-vigorous,moderate-vigorous,moderate-vigorous,0.05,0.95,0.0,0.17367053284604697,0.8169574661580465,0.009372000995906429
18,moderate-vigorous,moderate-vigorous,moderate-vigorous,0.11142857142857143,0.8885714285714286,0.0,0.35049596645003656,0.6482646871032118,0.0012393464467515705
18,moderate-vigorous,moderate-vigorous,moderate-vigorous,0.011428571428571429,0.9885714285714285,0.0,0.12495905949509377,0.8704780349670799,0.004562905537826312
18,moderate-vigorous,moderate-vigorous,moderate-vigorous,0.025714285714285714,0.9742857142857143,0.0,0.13081835722886068,0.8017829341776185,0.06739870859352094
18,moderate-vigorous,moderate-vigorous,light,0.13857142857142857,0.8585714285714285,0.002857142857142857,0.5348715623201349,0.24496623795289926,0.2201621997269659
18,moderate-vigorous,moderate-vigorous,moderate-vigorous,0.024285714285714285,0.9757142857142858,0.0,0.2672468709340888,0.6831150837507615,0.04963804531514974
18,moderate-vigorous,moderate-vigorous,moderate-vigorous,0.022857142857142857,0.9771428571428571,0.0,0.08149980420534164,0.8934056647310193,0.025094531063639004
18,moderate-vigorous,moderate-vigorous,moderate-vigorous,0.03428571428571429,0.9657142857142857,0.0,0.30882971724478286,0.6801575129539733,0.011012769801243757
18,moderate-vigorous,moderate-vigorous,moderate-vigorous,0.10857142857142857,0.8914285714285715,0.0,0.10761172700950873,0.8880393201008134,0.004348952889677755
18,moderate-vigorous,moderate-vigorous,moderate-vigorous,0.02142857142857143,0.9785714285714285,0.0,0.07455865291795316,0.9142787511326618,0.011162595949385205
18,moderate-vigorous,moderate-vigorous,moderate-vigorous,0.02142857142857143,0.9785714285714285,0.0,0.17248850896728654,0.7374578048090481,0.09005368622366534
18,moderate-vigorous,moderate-vigorous,moderate-vigorous,0.047142857142857146,0.9528571428571428,0.0,0.34657038132466006,0.6016236382880336,0.0518059803873064
18,moderate-vigorous,moderate-vigorous,moderate-vigorous,0.015714285714285715,0.9842857142857143,0.0,0.2307644529006347,0.7579024644371434,0.011333082662222075
18,moderate-vigorous,moderate-vigorous,moderate-vigorous,0.017142857142857144,0.9828571428571429,0.0,0.11606445412074665,0.8685599312529646,0.015375614626288846
18,moderate-vigorous,moderate-vigorous,moderate-vigorous,0.025714285714285714,0.9742857142857143,0.0,0.2749907237796213,0.6980671473003293,0.02694212892004939
18,moderate-vigorous,moderate-vigorous,moderate-vigorous,0.014285714285714285,0.9857142857142858,0.0,0.06455006082349031,0.8833127545785773,0.0521371845979324
18,moderate-vigorous,moderate-vigorous,moderate-vigorous,0.041428571428571426,0.9585714285714285,0.0,0.03849801152699522,0.9417448414675686,0.0197571470054363
18,moderate-vigorous,moderate-vigorous,moderate-vigorous,0.045714285714285714,0.9542857142857143,0.0,0.2696850295183311,0.720907205731505,0.009407764750163812
18,moderate-vigorous,moderate-vigorous,moderate-vigorous,0.06285714285714286,0.9357142857142857,0.0014285714285714286,0.15305943282305978,0.8401686358464776,0.006771931330462727
18,moderate-vigorous,moderate-vigorous,moderate-vigorous,0.12714285714285714,0.8614285714285714,0.011428571428571429,0.12313201446321985,0.8711768548975052,0.005691130639274979
18,moderate-vigorous,moderate-vigorous,moderate-vigorous,0.3157142857142857,0.6785714285714286,0.005714285714285714,0.45950744614005423,0.532022678785839,0.008469875074106863
18,moderate-vigorous,moderate-vigorous,moderate-vigorous,0.10714285714285714,0.8914285714285715,0.0014285714285714286,0.12544415009339796,0.8722675465106542,0.0022883033959478975
18,moderate-vigorous,moderate-vigorous,moderate-vigorous,0.12857142857142856,0.8614285714285714,0.01,0.04737654206396953,0.9522362609282047,0.00038719700782582775
18,moderate-vigorous,moderate-vigorous,moderate-vigorous,0.18857142857142858,0.8071428571428572,0.004285714285714286,0.27823330187731476,0.7190451679146367,0.0027215302080486883
18,moderate-vigorous,moderate-vigorous,moderate-vigorous,0.024285714285714285,0.9757142857142858,0.0,0.15331600729353742,0.8450319342286623,0.001652058477800195
18,moderate-vigorous,moderate-vigorous,moderate-vigorous,0.022857142857142857,0.9757142857142858,0.0014285714285714286,0.056468741600113226,0.9427825525463683,0.0007487058535184522
18,moderate-vigorous,moderate-vigorous,moderate-vigorous,0.06285714285714286,0.9371428571428572,0.0,0.08308613847587565,0.9138470198842815,0.0030668416398428803
20,light,light,light,0.51,0.0,0.49,0.6629600390945644,0.00043832993025461926,0.33660163097518114
20,light,light,light,0.8785714285714286,0.0,0.12142857142857143,0.6650209248392079,9.290489616598296e-06,0.33496978467117555
20,light,light,light,0.8957142857142857,0.0,0.10428571428571429,0.784700132355803,2.2554706231575876e-05,0.21527731293796543
20,light,light,light,0.8171428571428572,0.0,0.18285714285714286,0.8232592647259745,3.986779270619705e-06,0.1767367484947548
20,light,light,light,0.8885714285714286,0.0,0.11142857142857143,0.8836117734672213,2.7707440835336777e-06,0.11638545578869522
20,light,light,light,0.8842857142857142,0.0,0.11571428571428571,0.8840278205176799,7.5036710626136424e-06,0.11596467581125733
20,light,light,light,0.8742857142857143,0.0,0.12571428571428572,0.8975625666342472,3.257029600184423e-05,0.10240486306975106
20,light,light,light,0.6471428571428571,0.0,0.35285714285714287,0.7976159731416074,0.00023284091611632063,0.20215118594227627
20,light,light,sedentary,0.5,0.0,0.5,0.3582223529827929,0.0011489779576543298,0.6406286690595527
20,light,sedentary,sedentary,0.36428571428571427,0.0,0.6357142857142857,0.2079403187181291,0.000541730393481699,0.7915179508883892
20,light,light,light,0.8085714285714286,0.0,0.19142857142857142,0.5777721826589644,4.1778224489304376e-05,0.4221860391165464
20,light,light,light,0.9185714285714286,0.0,0.08142857142857143,0.5687042274239988,5.2798439003582284e-05,0.43124297413699764
20,light,light,light,0.8657142857142858,0.0,0.13428571428571429,0.7388551245823372,3.324703493229805e-05,0.2611116283827305
20,light,light,sedentary,0.66,0.0,0.34,0.4487653239530572,9.918819217018226e-06,0.5512247572277258
20,light,light,sedentary,0.7414285714285714,0.0,0.25857142857142856,0.3722056115100378,2.4469946991811444e-05,0.6277699185429703
20,light,light,light,0.6328571428571429,0.0,0.36714285714285716,0.5330856554946846,8.346508592022715e-06,0.4669059979967234
20,light,light,light,0.7414285714285714,0.0,0.25857142857142856,0.7061674024540805,3.890459278280666e-06,0.2938287070866413
20,light,light,light,0.6585714285714286,0.0,0.3414285714285714,0.515568454236556,9.894905167356372e-05,0.4843325967117705
20,light,light,light,0.82,0.0,0.18,0.6998663809441551,1.2945233540581155e-05,0.30012067382230434
20,light,light,light,0.7642857142857142,0.0,0.2357142857142857,0.9177721848467184,1.5193821588108023e-06,0.08222629577112278
20,light,light,light,0.7771428571428571,0.0,0.22285714285714286,0.960595592096519,3.913558056697935e-07,0.03940401654767541
20,light,light,light,0.6814285714285714,0.0,0.31857142857142856,0.895594751566459,1.1280150894786026e-05,0.10439396828264613
20,light,light,light,0.7157142857142857,0.0,0.2842857142857143,0.7421731940024605,3.6238523521636164e-06,0.25782318214518735
20,light,light,light,0.8128571428571428,0.0,0.18714285714285714,0.9312166113234286,1.4138116236872758e-05,0.06876925056033457
20,light,light,light,0.8042857142857143,0.002857142857142857,0.19285714285714287,0.9628870144571845,9.046407637100116e-05,0.0370225214664444
20,light,light,light,0.61,0.0,0.39,0.9281164970637703,5.7205752107246e-05,0.07182629718412253
20,light,light,light,0.7971428571428572,0.0,0.20285714285714285,0.9664041643956948,1.4839698206857325e-05,0.03358099590609824
20,light,light,light,0.5142857142857142,0.0,0.4857142857142857,0.7738808674274958,6.711021039840729e-05,0.2260520223621057
20,light,light,light,0.61,0.0,0.39,0.5626618358510993,0.00012750681222493135,0.43721065733667575
20,light,light,light,0.6157142857142858,0.0,0.3842857142857143,0.5815522275341752,2.263114954183582e-05,0.41842514131628294
20,light,light,light,0.87,0.0,0.13,0.9095576240839097,2.9835911502476203e-06,0.09043939232494007
20,light,light,light,0.8842857142857142,0.0,0.11571428571428571,0.6999427722670386,5.8257278038318085e-06,0.3000514020051575
20,light,light,light,0.7857142857142857,0.0,0.21428571428571427,0.5280037601675067,6.122514799428257e-06,0.47199011731769386
20,light,light,light,0.89,0.0,0.11,0.9524712337517733,1.2111654543496836e-06,0.04752755508277221
20,light,light,light,0.9157142857142857,0.0,0.08428571428571428,0.879972859908611,1.711416642789043e-05,0.12001002592496104
20,light,light,light,0.8442857142857143,0.0,0.15571428571428572,0.6889834255797088,1.9020762597874552e-05,0.3109975536576933
20,light,light,light,0.87,0.0,0.13,0.8136554841834926,9.893995357518363e-06,0.1863346218211499
20,light,light,light,0.6642857142857143,0.0,0.3357142857142857,0.8232446594149583,7.410649113640521e-05,0.17668123409390513
20,sedentary,sedentary,sedentary,0.05714285714285714,0.0014285714285714286,0.9414285714285714,0.01461009815993593,0.03470331933999324,0.9506865825000709
20,sedentary,sedentary,sedentary,0.35428571428571426,0.0,0.6457142857142857,0.3335837342465678,0.004449852118635423,0.6619664136347968
20,sedentary,sedentary,sedentary,0.24285714285714285,0.0,0.7571428571428571,0.14769140659747132,0.0004122798168596262,0.8518963135856691
20,sedentary,sedentary,sedentary,0.23857142857142857,0.0,0.7614285714285715,0.19920689830132923,0.0005906859166447376,0.8002024157820261
20,sedentary,sedentary,sedentary,0.1357142857142857,0.0,0.8642857142857143,0.07846740570515352,0.0003741156489630949,0.9211584786458834
20,sedentary,sedentary,sedentary,0.05142857142857143,0.0,0.9485714285714286,0.04084185661735973,0.004355788846290807,0.9548023545363494
20,sedentary,sedentary,sedentary,0.045714285714285714,0.0,0.9542857142857143,0.009531005113233378,0.003108106850127945,0.9873608880366388
20,sedentary,sedentary,sedentary,0.1757142857142857,0.0,0.8242857142857143,0.08719169574503546,0.0006465912415473096,0.9121617130134172
20,sedentary,sedentary,sedentary,0.47,0.0,0.53,0.21420695733610876,2.7854999603957162e-05,0.7857651876642873
20,sedentary,sedentary,sedentary,0.21571428571428572,0.0,0.7842857142857143,0.2788914161701819,9.311596864657753e-06,0.7210992722329533
20,sedentary,light,light,0.6514285714285715,0.0,0.3485714285714286,0.5574754616758311,2.669323409980491e-05,0.442497845090069
20,sedentary,light,light,0.8042857142857143,0.0,0.1957142857142857,0.5196647335871263,8.249569775608836e-05,0.48025277071511757
20,sedentary,sedentary,sedentary,0.06,0.0,0.94,0.24915744123462724,1.3052446760802997e-05,0.7508295063186119
20,sedentary,sedentary,sedentary,0.06714285714285714,0.0,0.9328571428571428,0.29659179766300686,2.701162699701029e-06,0.7034055011742935
20,sedentary,sedentary,sedentary,0.11714285714285715,0.0,0.8828571428571429,0.12294500588243823,1.3719002357143538e-05,0.8770412751152047
20,sedentary,sedentary,sedentary,0.23285714285714285,0.0,0.7671428571428571,0.11988187242400825,0.00037640659734730555,0.8797417209786444
20,sedentary,sedentary,sedentary,0.05714285714285714,0.0,0.9428571428571428,0.1617843263264445,0.00015929198477277205,0.8380563816887826
20,sedentary,sedentary,light,0.1442857142857143,0.0,0.8557142857142858,0.5299364448668394,2.7826043761071658e-05,0.47003572908939956
20,sedentary,sedentary,sedentary,0.2914285714285714,0.0,0.7085714285714285,0.4611174995679349,1.2909082846808533e-05,0.5388695913492182
20,sedentary,sedentary,light,0.18285714285714286,0.0,0.8171428571428572,0.5343828633121669,2.796736554560919e-06,0.4656143399512785
20,sedentary,sedentary,sedentary,0.09,0.0014285714285714286,0.9085714285714286,0.04440716276725736,0.4753373723008788,0.48025546493186383
20,sedentary,sedentary,sedentary,0.36428571428571427,0.0,0.6357142857142857,0.11424447414013426,4.370614493711546e-05,0.8857118197149286
20,sedentary,sedentary,light,0.21,0.0,0.79,0.6082756847646205,9.37577009856258e-08,0.39172422147767855
20,sedentary,sedentary,light,0.15714285714285714,0.0,0.8428571428571429,0.6318521271260552,2.0919023474952275e-06,0.3681457809715973
20,sedentary,sedentary,sedentary,0.15571428571428572,0.0,0.8442857142857143,0.28092443368447534,5.109461823817974e-06,0.7190704568537009
20,sedentary,light,light,0.6485714285714286,0.0,0.3514285714285714,0.6779062149014463,1.1151507090626163e-05,0.3220826335914631
20,sedentary,light,light,0.8928571428571429,0.0,0.10714285714285714,0.8599913111958386,0.0002103475043966183,0.13979834129976487
20,sedentary,light,light,0.79,0.0,0.21,0.8688948832827975,1.9202032984480645e-06,0.13110319651390406
20,sedentary,light,light,0.7671428571428571,0.0,0.23285714285714285,0.8019564651590133,1.5307177337022926e-05,0.19802822766364975
20,sedentary,sedentary,light,0.42714285714285716,0.0,0.5728571428571428,0.5029560978178514,0.0001430411217178945,0.4969008610604305
20,sedentary,sedentary,sedentary,0.25285714285714284,0.0,0.7471428571428571,0.17245474867351324,0.0003860014651400959,0.8271592498613466
20,sedentary,sedentary,sedentary,0.26142857142857145,0.0,0.7385714285714285,0.3171970996895755,5.4349311069675224e-05,0.6827485509993548
20,sedentary,light,light,0.7228571428571429,0.0,0.27714285714285714,0.6553933931850215,2.4290699042044898e-05,0.3445823161159363
20,sedentary,light,sedentary,0.5371428571428571,0.0,0.46285714285714286,0.35999774652335303,0.00018661221736040236,0.6398156412592866
20,sedentary,sedentary,sedentary,0.37285714285714283,0.0,0.6271428571428571,0.21892172385672215,0.001245763241592657,0.7798325129016851
20,sedentary,light,light,0.6957142857142857,0.0,0.30428571428571427,0.5267832541674126,0.00032945766624168944,0.4728872881663458
20,sedentary,sedentary,moderate-vigorous,0.06142857142857143,0.11714285714285715,0.8214285714285714,0.0009912435100062629,0.6423483543621438,0.35666040212784994
20,sedentary,sedentary,sedentary,0.018571428571428572,0.0,0.9814285714285714,0.014489144970322549,0.001141115917329505,0.9843697391123479
20,sedentary,sedentary,sedentary,0.05285714285714286,0.0,0.9471428571428572,0.06715935562762675,0.0003737728202546085,0.9324668715521187
20,sedentary,sedentary,sedentary,0.0,0.0,1.0,0.004103105813133561,2.9246188011393815e-05,0.995867647998855
20,sedentary,sedentary,sedentary,0.015714285714285715,0.0,0.9842857142857143,0.24540870841945905,2.4795787648725803e-06,0.7545888120017761
20,sedentary,sedentary,sedentary,0.037142857142857144,0.0,0.9628571428571429,0.03805325338221367,5.628121367063827e-06,0.9619411184964192
20,sedentary,sedentary,sedentary,0.08428571428571428,0.0,0.9157142857142857,0.10903601689566123,2.848465714185905e-06,0.8909611346386247
20,sedentary,sedentary,sedentary,0.05142857142857143,0.0,0.9485714285714286,0.15148552524090583,3.0329067372163716e-05,0.848484145691722
20,sedentary,sedentary,sedentary,0.005714285714285714,0.0,0.9942857142857143,0.04908247995042323,1.3202916061160772e-05,0.9509043171335155
20,sedentary,sedentary,sedentary,0.0014285714285714286,0.0,0.9985714285714286,0.06634576629628926,2.4561652771520378e-05,0.9336296720509392
20,sedentary,sedentary,sedentary,0.004285714285714286,0.0,0.9957142857142857,0.09315533476484107,6.5621479962849625e-06,0.9068381030871627
20,sedentary,sedentary,sedentary,0.041428571428571426,0.0,0.9585714285714285,0.0748014832286086,9.057491174369824e-06,0.925189459280217
20,sedentary,sedentary,sedentary,0.041428571428571426,0.0,0.9585714285714285,0.11911655539845657,2.5965974766317362e-05,0.8808574786267771
20,sedentary,sedentary,sedentary,0.01,0.0,0.99,0.03979415947056534,1.2320805357739545e-05,0.9601935197240768
20,sedentary,sedentary,sedentary,0.004285714285714286,0.0,0.9957142857142857,0.033112031848524105,7.4544495665961144e-06,0.9668805137019093
20,sedentary,sedentary,sedentary,0.0014285714285714286,0.0,0.9985714285714286,0.04573765250141841,4.443006670837405e-07,0.9542619031979145
20,sedentary,sedentary,sedentary,0.002857142857142857,0.0,0.9971428571428571,0.028674331812913574,2.8927327561746215e-07,0.9713253789138108
20,sedentary,sedentary,sedentary,0.35,0.0,0.65,0.2595409316196787,0.02545067635926763,0.7150083920210536
20,sedentary,sedentary,sedentary,0.2714285714285714,0.0,0.7285714285714285,0.2424970966019371,0.0008770129137303858,0.7566258904843325
20,sedentary,sedentary,sedentary,0.09285714285714286,0.0,0.9071428571428571,0.10196088472897719,6.531518844873605e-05,0.8979738000825742
20,sedentary,sedentary,sedentary,0.15571428571428572,0.0,0.8442857142857143,0.10947592846530305,0.0001658709051419029,0.8903582006295552
20,sedentary,sedentary,sedentary,0.0,0.0,1.0,0.005172195681182708,1.3544210371644297e-06,0.9948264498977801
20,sedentary,sedentary,sedentary,0.008571428571428572,0.0,0.9914285714285714,0.010100446293566935,7.607605734069158e-07,0.9898987929458596
20,sedentary,sedentary,sedentary,0.005714285714285714,0.0,0.9942857142857143,0.009917865589390232,3.5626074500219344e-07,0.9900817781498648
20,sedentary,sedentary,sedentary,0.032857142857142856,0.0,0.9671428571428572,0.07921443208119912,3.6390580797208335e-07,0.9207852040129928
20,sedentary,sedentary,sedentary,0.005714285714285714,0.0,0.9942857142857143,0.014142583473392784,7.379785446332185e-06,0.9858500367411608
20,sedentary,sedentary,sedentary,0.0,0.0,1.0,0.01635338047092447,9.195806837583725e-06,0.983637423722238
20,sedentary,sedentary,sedentary,0.008571428571428572,0.0,0.9914285714285714,0.00942229275623876,9.836387160604474e-06,0.9905678708566006
20,sedentary,sedentary,sedentary,0.007142857142857143,0.0,0.9928571428571429,0.007792720180595751,1.586206649749973e-07,0.9922071211987392
20,sedentary,sedentary,sedentary,0.0,0.0,1.0,0.0004990629069402799,8.451395001164097e-07,0.9995000919535596
20,sedentary,sedentary,sedentary,0.0,0.0,1.0,0.0013510175428234387,4.517687932780654e-07,0.9986485306883832
20,light,light,light,0.9857142857142858,0.014285714285714285,0.0,0.9721993681564945,0.024421455672221152,0.00337917617128418
20,light,light,light,0.7185714285714285,0.28,0.0014285714285714286,0.957232429960782,0.042270864852068955,0.0004967051871490523
20,light,light,light,0.8585714285714285,0.14142857142857143,0.0,0.9433827682202346,0.0561511696474345,0.00046606213233094904
20,light,light,light,0.9514285714285714,0.04857142857142857,0.0,0.965963519075724,0.03328556534661184,0.0007509155776641111
20,light,light,light,0.9628571428571429,0.037142857142857144,0.0,0.9658916692753846,0.03323460917483219,0.0008737215497831757
20,light,light,light,0.89,0.11,0.0,0.9665030473889935,0.03223923927112546,0.0012577133398811032
20,light,light,light,0.8314285714285714,0.16714285714285715,0.0014285714285714286,0.900846904723358,0.09903180511687654,0.00012129015976542287
20,light,light,light,0.8942857142857142,0.10571428571428572,0.0,0.8873219496657795,0.11231326747305556,0.0003647828611650017
20,light,light,light,0.9442857142857143,0.055714285714285716,0.0,0.903724578120802,0.09598003478097177,0.00029538709822626814
20,light,light,light,0.9114285714285715,0.08857142857142856,0.0,0.9459176088873051,0.054017744297218985,6.464681547591373e-05
20,light,light,light,0.9314285714285714,0.06857142857142857,0.0,0.9644399310747765,0.0354604053501729,9.96635750505866e-05
20,light,light,light,0.9285714285714286,0.07142857142857142,0.0,0.9663870141271053,0.033353864681399725,0.0002591211914949522
20,light,light,light,0.9471428571428572,0.05285714285714286,0.0,0.9809431704241576,0.018319945086575556,0.0007368844892669223
20,light,light,light,0.9114285714285715,0.08857142857142856,0.0,0.9692361024109584,0.030591760399792074,0.00017213718924952756
20,light,light,light,0.93,0.07,0.0,0.9242142916307322,0.07263163918673612,0.0031540691825315947
20,light,light,light,0.7014285714285714,0.2985714285714286,0.0,0.9253929681278946,0.07440466067344036,0.00020237119866516574
20,light,light,light,0.6014285714285714,0.3985714285714286,0.0,0.8750364794403186,0.12454395326507073,0.00041956729461067844
20,light,light,light,0.8628571428571429,0.13714285714285715,0.0,0.9298943363697019,0.0698511139585116,0.00025454967178655804
20,light,light,light,0.6042857142857143,0.39571428571428574,0.0,0.8920999230800579,0.10762346729378736,0.0002766096261547048
20,light,light,light,0.7442857142857143,0.2542857142857143,0.0014285714285714286,0.8388293320507625,0.15973226300732177,0.0014384049419156387
20,light,light,light,0.5328571428571428,0.4642857142857143,0.002857142857142857,0.7662144138844481,0.23375608132292142,2.9504792630441643e-05
20,light,moderate-vigorous,moderate-vigorous,0.2557142857142857,0.7414285714285714,0.002857142857142857,0.2503679634602093,0.7495688046480391,6.323189175156993e-05
20,light,moderate-vigorous,light,0.33714285714285713,0.6628571428571428,0.0,0.6917000994091789,0.3073164424050641,0.000983458185757022
20,light,light,light,0.6371428571428571,0.3628571428571429,0.0,0.9623689202884035,0.03745830180300455,0.0001727779085919091
20,light,light,light,0.6328571428571429,0.3657142857142857,0.0014285714285714286,0.8425337822570149,0.1566329252773864,0.0008332924655986523
20,light,moderate-vigorous,light,0.44857142857142857,0.5485714285714286,0.002857142857142857,0.8370922574961733,0.1626512724517832,0.0002564700520435378
20,light,light,light,0.5328571428571428,0.46714285714285714,0.0,0.8531341809698052,0.14650546804890735,0.0003603509812874513
20,moderate-vigorous,moderate-vigorous,moderate-vigorous,0.004285714285714286,0.9957142857142857,0.0,0.006990577452477145,0.9930094143380608,8.209461954597434e-09
20,moderate-vigorous,moderate-vigorous,moderate-vigorous,0.01,0.99,0.0,0.01655000160117878,0.9834495625952655,4.358035556979158e-07
20,moderate-vigorous,moderate-vigorous,moderate-vigorous,0.011428571428571429,0.9885714285714285,0.0,0.009071082575283211,0.9909282682985219,6.491261950333315e-07
20,moderate-vigorous,moderate-vigorous,moderate-vigorous,0.008571428571428572,0.9914285714285714,0.0,0.009791888521813213,0.9902080941630532,1.7315133500700034e-08
20,moderate-vigorous,moderate-vigorous,moderate-vigorous,0.01,0.99,0.0,0.05373384601776765,0.9462661373451775,1.6637054874313585e-08
20,moderate-vigorous,moderate-vigorous,moderate-vigorous,0.01,0.99,0.0,0.025532208859447732,0.9744671213255859,6.698149662584517e-07
20,moderate-vigorous,moderate-vigorous,moderate-vigorous,0.0,1.0,0.0,0.051336419622174743,0.9486625282852695,1.0520925557886718e-06
20,moderate-vigorous,moderate-vigorous,moderate-vigorous,0.09714285714285714,0.9028571428571428,0.0,0.06353488810742541,0.9364631938612269,1.9180313477797794e-06
20,moderate-vigorous,moderate-vigorous,moderate-vigorous,0.19142857142857142,0.8042857142857143,0.004285714285714286,0.04556680782401662,0.9544178651289958,1.5327046987581277e-05
20,moderate-vigorous,moderate-vigorous,moderate-vigorous,0.045714285714285714,0.9542857142857143,0.0,0.0290438694549469,0.9709552414394826,8.891055705598055e-07
20,moderate-vigorous,moderate-vigorous,moderate-vigorous,0.05857142857142857,0.9414285714285714,0.0,0.025701695783105116,0.9742959197761024,2.3844407923944566e-06
20,moderate-vigorous,moderate-vigorous,moderate-vigorous,0.022857142857142857,0.9771428571428571,0.0,0.08546355920767368,0.9145360967214349,3.440708914353058e-07
20,moderate-vigorous,moderate-vigorous,moderate-vigorous,0.004285714285714286,0.9957142857142857,0.0,0.07665306620161787,0.9233468447695445,8.902883775838069e-08
20,moderate-vigorous,moderate-vigorous,moderate-vigorous,0.007142857142857143,0.9928571428571429,0.0,0.007579184537115401,0.9924193246861014,1.490776783285976e-06
20,moderate-vigorous,moderate-vigorous,moderate-vigorous,0.024285714285714285,0.9757142857142858,0.0,0.05793744950772111,0.9420623444696984,2.060225806043156e-07
20,moderate-vigorous,moderate-vigorous,moderate-vigorous,0.05,0.95,0.0,0.07423055915071353,0.9257406826278186,2.875822146771418e-05
20,moderate-vigorous,moderate-vigorous,moderate-vigorous,0.18571428571428572,0.8142857142857143,0.0,0.2229765832506267,0.7763917923516646,0.0006316243977087891
20,moderate-vigorous,moderate-vigorous,moderate-vigorous,0.05857142857142857,0.9414285714285714,0.0,0.13541561383101505,0.8645405787629133,4.380740607167309e-05
20,moderate-vigorous,moderate-vigorous,moderate-vigorous,0.055714285714285716,0.9442857142857143,0.0,0.1122415977573304,0.8877458178369173,1.2584405752360774e-05
20,moderate-vigorous,moderate-vigorous,moderate-vigorous,0.09,0.91,0.0,0.15889881771936715,0.841079182519404,2.1999761229041333e-05
20,moderate-vigorous,moderate-vigorous,moderate-vigorous,0.03142857142857143,0.9685714285714285,0.0,0.10220579192228661,0.8977719396602621,2.226841745142385e-05
20,moderate-vigorous,moderate-vigorous,moderate-vigorous,0.027142857142857142,0.9728571428571429,0.0,0.1369442362100368,0.8629761554715417,7.960831842153015e-05
20,moderate-vigorous,light,light,0.5871428571428572,0.4114285714285714,0.0014285714285714286,0.9171027704353487,0.0652462993716058,0.01765093019304543
20,moderate-vigorous,light,light,0.79,0.21,0.0,0.8756601566214722,0.12385963412201374,0.0004802092565140206
20,moderate-vigorous,moderate-vigorous,light,0.38,0.62,0.0,0.8270182300984803,0.1729528745049132,2.8895396606346445e-05
20,moderate-vigorous,light,light,0.5571428571428572,0.44142857142857145,0.0014285714285714286,0.9477349314661068,0.052256591057759906,8.477476133451873e-06
20,moderate-vigorous,moderate-vigorous,moderate-vigorous,0.24285714285714285,0.7571428571428571,0.0,0.3119094683449419,0.6880736020467876,1.6929608270518735e-05
20,moderate-vigorous,moderate-vigorous,moderate-vigorous,0.2985714285714286,0.7,0.0014285714285714286,0.09383806698772118,0.9061483994003394,1.3533611939500289e-05
20,moderate-vigorous,moderate-vigorous,moderate-vigorous,0.11,0.8885714285714286,0.0014285714285714286,0.11290659277446977,0.8868768666510914,0.00021654057443888436
20,moderate-vigorous,light,light,0.8414285714285714,0.15857142857142856,0.0,0.7048521404126462,0.29417152268103275,0.000976336906321147
20,moderate-vigorous,light,light,0.5157142857142857,0.48428571428571426,0.0,0.8484374945011033,0.1451284320002067,0.006434073498690132
20,moderate-vigorous,light,light,0.5785714285714286,0.42,0.0014285714285714286,0.7583110261032631,0.23984979915063265,0.0018391747461042737
20,moderate-vigorous,light,light,0.5728571428571428,0.42714285714285716,0.0,0.8547967019849775,0.13707482846160401,0.008128469553418368
20,moderate-vigorous,light,light,0.8142857142857143,0.18571428571428572,0.0,0.9281640132926535,0.07144996283466225,0.0003860238726842651
20,moderate-vigorous,moderate-vigorous,light,0.4514285714285714,0.5485714285714286,0.0,0.6223520202708656,0.37759463723515624,5.334249397818212e-05
20,moderate-vigorous,moderate-vigorous,moderate-vigorous,0.4,0.5985714285714285,0.0014285714285714286,0.36332638227792596,0.6361227334953805,0.0005508842266936949
20,moderate-vigorous,moderate-vigorous,light,0.48428571428571426,0.5157142857142857,0.0,0.6425484119672199,0.35647821017948506,0.0009733778532951102
20,moderate-vigorous,moderate-vigorous,light,0.49714285714285716,0.5028571428571429,0.0,0.6611711468560794,0.3370161241488936,0.001812728995027079
20,moderate-vigorous,light,light,0.7114285714285714,0.2885714285714286,0.0,0.7895942208651479,0.20992199173472298,0.00048378740012912884
20,moderate-vigorous,light,light,0.5857142857142857,0.4142857142857143,0.0,0.8582792460857555,0.14041100379766047,0.001309750116584065
20,moderate-vigorous,light,light,0.8285714285714286,0.17,0.0014285714285714286,0.9523489758120293,0.04634838975667431,0.0013026344312965159
20,moderate-vigorous,moderate-vigorous,light,0.4742857142857143,0.5242857142857142,0.0014285714285714286,0.665246673156366,0.3320179345737029,0.0027353922699309987
20,moderate-vigorous,light,light,0.5442857142857143,0.4542857142857143,0.0014285714285714286,0.9414750023252475,0.05833405148809267,0.00019094618665973712
20,moderate-vigorous,light,light,0.6928571428571428,0.30714285714285716,0.0,0.9343887537507765,0.06560038503364855,1.0861215574915242e-05
20,moderate-vigorous,moderate-vigorous,light,0.42,0.58,0.0,0.7809851398369363,0.21900540253123732,9.457631826457545e-06
20,moderate-vigorous,moderate-vigorous,moderate-vigorous,0.3585714285714286,0.64,0.0014285714285714286,0.3875468135751771,0.6123755597325236,7.762669229941684e-05
20,moderate-vigorous,moderate-vigorous,moderate-vigorous,0.14,0.86,0.0,0.26600439780486174,0.7335017392926713,0.0004938629024669352
20,moderate-vigorous,moderate-vigorous,moderate-vigorous,0.48714285714285716,0.5128571428571429,0.0,0.41156352225196025,0.5881908663925619,0.00024561135547780953
20,light,light,light,0.6242857142857143,0.005714285714285714,0.37,0.5265000443175882,0.0023573096753402457,0.47114264600707145
20,light,light,light,0.5757142857142857,0.0014285714285714286,0.4228571428571429,0.8054823566638363,0.00019892289010005337,0.19431872044606374
20,light,sedentary,light,0.4957142857142857,0.0014285714285714286,0.5028571428571429,0.5974338423982396,3.820630527074419e-05,0.4025279512964897
20,light,sedentary,light,0.24571428571428572,0.0,0.7542857142857143,0.7170213692323099,0.0004243208670403766,0.2825543099006498
20,light,sedentary,light,0.4042857142857143,0.0,0.5957142857142858,0.6818456396716972,0.0005387093956119015,0.31761565093269095
20,light,light,light,0.6542857142857142,0.0,0.3457142857142857,0.9497933407006415,9.430358405150523e-06,0.05019722894095338
20,light,light,light,0.67,0.0,0.33,0.8645533153997759,9.114869400036968e-06,0.13543756973082402
20,light,light,light,0.8414285714285714,0.0,0.15857142857142856,0.7825042410760631,2.4085529233056583e-06,0.21749335037101347
20,light,light,light,0.8214285714285714,0.0,0.17857142857142858,0.9063027229747944,5.925107966782996e-06,0.09369135191723885
20,light,light,light,0.8757142857142857,0.0,0.12428571428571429,0.7925869517324553,1.0180604722225022e-06,0.20741203020707247
20,light,light,light,0.7657142857142857,0.0,0.2342857142857143,0.8634082770629692,7.0444321879001926e-06,0.13658467850484296
20,light,sedentary,light,0.35428571428571426,0.0,0.6457142857142857,0.5086758472836203,2.804911163555084e-06,0.49132134780521625
20,light,light,light,0.5714285714285714,0.0,0.42857142857142855,0.8767323836907454,2.3159696583395993e-07,0.12326738471228875
20,light,light,light,0.7257142857142858,0.0,0.2742857142857143,0.8569803652565938,4.507067996072672e-06,0.14301512767541014
20,light,light,light,0.7114285714285714,0.0,0.2885714285714286,0.732165802145118,0.0001495543157924488,0.26768464353908955
20,light,light,light,0.7585714285714286,0.0,0.24142857142857144,0.8410853711768735,0.0003711697218866239,0.15854345910123996
20,light,light,light,0.74,0.0,0.26,0.7793373608928982,0.000393088864034265,0.22026955024306752
20,light,sedentary,light,0.4442857142857143,0.0,0.5557142857142857,0.6301519691341815,0.000277299707937584,0.3695707311578809
20,light,light,light,0.71,0.0,0.29,0.6024356180903615,2.1866944005676943e-05,0.3975425149656328
20,light,light,light,0.6814285714285714,0.0,0.31857142857142856,0.7815506934566975,5.333297262969935e-06,0.21844397324603948
20,light,sedentary,light,0.1442857142857143,0.0,0.8557142857142858,0.8871977426615051,0.0017006318833172377,0.11110162545517774
20,light,light,light,0.6028571428571429,0.0,0.39714285714285713,0.8790457392510963,0.0006441864721624198,0.12031007427674123
20,light,light,light,0.61,0.0,0.39,0.9198018793595116,4.3956011348102956e-05,0.08015416462914025
20,light,light,light,0.6857142857142857,0.0,0.3142857142857143,0.801509158801508,2.6695813644273887e-06,0.19848817161712776
20,light,sedentary,sedentary,0.23142857142857143,0.0,0.7685714285714286,0.3965510490611784,2.2552469667114005e-05,0.6034263984691546
20,light,sedentary,light,0.45571428571428574,0.0,0.5442857142857143,0.5597223591364041,4.13280413245123e-06,0.44027350805946336
20,light,light,light,0.8328571428571429,0.0,0.16714285714285715,0.8020763619687573,8.473725052873024e-07,0.19792279065873747
20,light,light,light,0.7085714285714285,0.0,0.2914285714285714,0.8981310583477596,2.480028673903239e-06,0.10186646162356647
20,light,sedentary,light,0.4957142857142857,0.0,0.5042857142857143,0.6653099864688613,2.1036400544577636e-06,0.3346879098910842
20,light,light,light,0.7971428571428572,0.0,0.20285714285714285,0.8333216097067243,1.0896116414601389e-05,0.16666749417686116
20,light,light,light,0.7285714285714285,0.0,0.2714285714285714,0.6694030236661244,2.3753999560459062e-05,0.3305732223343152
20,light,light,light,0.6342857142857142,0.0,0.3657142857142857,0.6489837734935966,5.280290050447217e-06,0.3510109462163529
20,light,light,light,0.67,0.0,0.33,0.5205491161639656,7.3044179793316e-06,0.4794435794180551
20,light,light,light,0.78,0.0,0.22,0.6338957775064737,5.659319522998821e-06,0.36609856317400336
20,light,light,light,0.73,0.0,0.27,0.7884247129388638,1.3071515889993154e-06,0.21157397990954718
20,sedentary,light,light,0.7514285714285714,0.0014285714285714286,0.24714285714285714,0.7664084519830875,0.0005670494077229576,0.23302449860918958
20,sedentary,sedentary,light,0.3171428571428571,0.0,0.6828571428571428,0.5019894125304992,5.4105184662725986e-05,0.49795648228483813
20,sedentary,sedentary,sedentary,0.37285714285714283,0.0,0.6271428571428571,0.36557742961600764,0.0007306634336425165,0.6336919069503498
20,sedentary,sedentary,sedentary,0.25,0.0,0.75,0.2563728931256451,0.0009653189165068799,0.742661787957848
20,sedentary,sedentary,sedentary,0.24285714285714285,0.0,0.7571428571428571,0.3084609503402849,0.000913064440138574,0.6906259852195766
20,sedentary,sedentary,sedentary,0.10142857142857142,0.0,0.8985714285714286,0.23566046795567946,0.00041622261487387225,0.7639233094294466
20,sedentary,sedentary,sedentary,0.4014285714285714,0.0,0.5985714285714285,0.3769059236275024,0.00011147507460423524,0.6229826012978933
20,sedentary,light,sedentary,0.7285714285714285,0.0,0.2714285714285714,0.40514134557040327,1.7285331276443002e-05,0.5948413690983203
20,sedentary,light,sedentary,0.6142857142857143,0.0,0.38571428571428573,0.26766151053266074,6.487135905521788e-06,0.7323320023314338
20,sedentary,sedentary,light,0.35,0.0,0.65,0.5436500617103013,0.0001900166720212864,0.4561599216176775
20,sedentary,sedentary,light,0.3842857142857143,0.0,0.6157142857142858,0.6448134937376688,0.0001637172790928909,0.35502278898323836
20,sedentary,sedentary,light,0.4757142857142857,0.0,0.5242857142857142,0.5276034271105599,3.975240739964578e-05,0.4723568204820406
20,sedentary,sedentary,sedentary,0.38142857142857145,0.0,0.6185714285714285,0.36690345427306403,1.8834900982825246e-05,0.6330777108259531
20,sedentary,sedentary,sedentary,0.4614285714285714,0.0,0.5385714285714286,0.08191952984296823,4.535488758198368e-05,0.9180351152694498
20,sedentary,light,light,0.7757142857142857,0.0,0.22428571428571428,0.6506465565436682,6.180043684467359e-05,0.3492916430194873
20,sedentary,sedentary,sedentary,0.48428571428571426,0.0,0.5157142857142857,0.3503058137320368,6.694035672346939e-05,0.6496272459112399
20,sedentary,sedentary,sedentary,0.33714285714285713,0.0,0.6628571428571428,0.22399045066868206,8.859368393521216e-05,0.7759209556473828
20,sedentary,sedentary,sedentary,0.27,0.0,0.73,0.3219051866772901,2.6754469419849768e-05,0.67806805885329
20,sedentary,sedentary,light,0.37857142857142856,0.0,0.6214285714285714,0.599014099213964,1.2229438433913165e-05,0.40097367134760203
20,sedentary,light,light,0.5642857142857143,0.0014285714285714286,0.4342857142857143,0.5231128868558387,0.0016301704015636161,0.47525694274259767
20,sedentary,light,light,0.5685714285714286,0.0014285714285714286,0.43,0.606269256497726,0.0021448720792014916,0.3915858714230726
20,sedentary,light,light,0.7885714285714286,0.0,0.21142857142857144,0.7077616160718451,2.9700766898861127e-05,0.29220868316125603
20,sedentary,light,light,0.64,0.0,0.36,0.5364846933928014,2.1019158766866627e-05,0.4634942874484318
20,sedentary,sedentary,sedentary,0.30857142857142855,0.0,0.6914285714285714,0.32385778386884423,0.00022608971541173575,0.675916126415744
20,sedentary,light,light,0.72,0.0,0.28,0.5300179726666769,1.007184890946466e-05,0.46997195548441345
20,sedentary,sedentary,sedentary,0.46285714285714286,0.0,0.5371428571428571,0.12011298040596408,3.7715332938540846e-05,0.8798493042610973
20,sedentary,sedentary,sedentary,0.31142857142857144,0.0,0.6885714285714286,0.1184330810982163,0.0003476380914605694,0.8812192808103231
20,sedentary,sedentary,sedentary,0.4685714285714286,0.0,0.5314285714285715,0.43853704610757444,0.0007374315410247743,0.5607255223514008
20,sedentary,light,sedentary,0.5828571428571429,0.0,0.41714285714285715,0.4329060537111118,0.0007127080667048539,0.5663812382221833
20,sedentary,light,light,0.52,0.0,0.48,0.5154683634124273,2.7815075601218074e-06,0.4845288550800125
20,sedentary,sedentary,sedentary,0.06571428571428571,0.10857142857142857,0.8257142857142857,0.0004633573559352128,0.10831964156641048,0.8912170010776542
20,sedentary,sedentary,sedentary,0.037142857142857144,0.0,0.9628571428571429,0.0146132004184299,0.0026292237153303934,0.9827575758662397
20,sedentary,sedentary,sedentary,0.01,0.0,0.99,0.021764558012327177,0.0014257520722980655,0.9768096899153748
20,sedentary,sedentary,sedentary,0.012857142857142857,0.0,0.9871428571428571,0.10116330031025991,0.00012185490379630756,0.8987148447859438
20,sedentary,sedentary,sedentary,0.01,0.0,0.99,0.08782817107522484,2.108968765986637e-05,0.9121507392371153
20,sedentary,sedentary,sedentary,0.005714285714285714,0.0,0.9942857142857143,0.0007771201577924735,6.460448172388784e-07,0.9992222337973903
20,sedentary,sedentary,sedentary,0.008571428571428572,0.0,0.9914285714285714,0.0024594984591231666,6.773881481401723e-07,0.9975398241527288
20,sedentary,sedentary,sedentary,0.03142857142857143,0.0,0.9685714285714285,0.014471048080040433,9.095511228271083e-07,0.9855280423688367
20,sedentary,sedentary,sedentary,0.012857142857142857,0.0,0.9871428571428571,0.12731508365581667,0.00010437394511314986,0.8725805423990701
20,sedentary,sedentary,sedentary,0.0,0.0,1.0,0.015237169383204244,5.140478573881825e-06,0.9847576901382219
20,sedentary,sedentary,sedentary,0.012857142857142857,0.0,0.9871428571428571,0.05391621621041359,1.918220265493594e-05,0.9460646015869314
20,sedentary,sedentary,sedentary,0.014285714285714285,0.0,0.9857142857142858,0.007468316809533945,8.765487341778116e-05,0.9924440283170484
20,sedentary,sedentary,sedentary,0.002857142857142857,0.0,0.9971428571428571,0.0048442365903526895,0.00013132414341878056,0.9950244392662285
20,sedentary,sedentary,sedentary,0.07857142857142857,0.0,0.9214285714285714,0.07348277621087748,3.5157151054754787e-06,0.926513708074017
20,sedentary,sedentary,sedentary,0.0014285714285714286,0.0,0.9985714285714286,0.038910742504998264,5.5650328173683436e-05,0.9610336071668281
20,sedentary,sedentary,sedentary,0.02,0.0,0.98,0.08330420923162091,1.330918516643329e-06,0.9166944598498624
20,sedentary,sedentary,sedentary,0.032857142857142856,0.0,0.9671428571428572,0.007111935312088434,0.00039231384144341,0.9924957508464682
20,sedentary,sedentary,sedentary,0.041428571428571426,0.0,0.9585714285714285,0.007570280895807641,1.6156827860543602e-05,0.9924135622763318
20,sedentary,sedentary,sedentary,0.04857142857142857,0.0,0.9514285714285714,0.020025899792217885,8.536536035917126e-05,0.9798887348474229
20,sedentary,sedentary,sedentary,0.007142857142857143,0.0,0.9928571428571429,0.00021997031713401498,0.00035613088428493127,0.9994238987985812
20,sedentary,sedentary,sedentary,0.024285714285714285,0.0,0.9757142857142858,0.012281721223216914,0.00016683691022811818,0.987551441866555
20,sedentary,sedentary,sedentary,0.024285714285714285,0.0,0.9757142857142858,0.044454867385005446,0.00013083973380518158,0.9554142928811894
20,sedentary,sedentary,sedentary,0.017142857142857144,0.0,0.9828571428571429,0.12827510728765942,3.8665119071535555e-06,0.8717210262004335
20,sedentary,sedentary,sedentary,0.011428571428571429,0.0,0.9885714285714285,0.19598890729176743,4.530711192609734e-06,0.8040065619970399
20,sedentary,sedentary,sedentary,0.054285714285714284,0.0,0.9457142857142857,0.17453492447089633,7.413497716311765e-06,0.8254576620313874
20,sedentary,sedentary,sedentary,0.01,0.0,0.99,0.053461467030491726,6.238625950773094e-07,0.9465379091069133
20,sedentary,sedentary,sedentary,0.004285714285714286,0.0,0.9957142857142857,0.36256333765760645,2.4167821019574843e-05,0.6374124945213739
20,sedentary,sedentary,sedentary,0.024285714285714285,0.0,0.9757142857142858,0.1782870355479431,5.759626674776181e-07,0.8217123884893894
20,sedentary,sedentary,sedentary,0.04285714285714286,0.0,0.9571428571428572,0.04986965424454541,1.779240287060845e-07,0.9501301678314259
20,sedentary,sedentary,sedentary,0.025714285714285714,0.0,0.9742857142857143,0.4820860247978922,4.045337880694116e-05,0.5178735218233008
20,sedentary,sedentary,sedentary,0.014285714285714285,0.0,0.9857142857142858,0.27914362822704947,3.5668041130493486e-05,0.72082070373182
20,sedentary,sedentary,sedentary,0.16428571428571428,0.0,0.8357142857142857,0.23275994150481763,2.2174919370835926e-05,0.7672178835758116
20,sedentary,sedentary,sedentary,0.2557142857142857,0.0,0.7442857142857143,0.1349390562896623,2.0030830578091873e-06,0.8650589406272798
20,sedentary,sedentary,sedentary,0.2357142857142857,0.0,0.7642857142857142,0.2888274200497696,7.298451435346274e-05,0.711099595435877
20,sedentary,sedentary,sedentary,0.2714285714285714,0.0,0.7285714285714285,0.36590547150362124,7.290476922351998e-05,0.6340216237271553
20,sedentary,sedentary,sedentary,0.19714285714285715,0.0,0.8028571428571428,0.2598149507250294,1.5448541200936181e-07,0.7401848947895585
20,sedentary,sedentary,sedentary,0.027142857142857142,0.0,0.9728571428571429,0.018138292908908747,4.949493693673613e-05,0.9818122121541546
20,light,moderate-vigorous,moderate-vigorous,0.16142857142857142,0.8385714285714285,0.0,0.1887602318122194,0.8112172359023427,2.2532285437896786e-05
20,light,moderate-vigorous,moderate-vigorous,0.18285714285714286,0.8171428571428572,0.0,0.06885635061171239,0.9311395906180194,4.05877026804472e-06
20,light,moderate-vigorous,moderate-vigorous,0.2342857142857143,0.7657142857142857,0.0,0.09496963092555,0.9049937675058477,3.660156860224401e-05
20,light,moderate-vigorous,moderate-vigorous,0.19142857142857142,0.8085714285714286,0.0,0.16415649970517193,0.8358414509248671,2.049369960985651e-06
20,light,moderate-vigorous,moderate-vigorous,0.29428571428571426,0.7057142857142857,0.0,0.15194984348564927,0.8480347520835706,1.540443078025339e-05
20,light,moderate-vigorous,moderate-vigorous,0.3057142857142857,0.6942857142857143,0.0,0.31990547315831186,0.6798296038189237,0.00026492302276448504
20,light,moderate-vigorous,moderate-vigorous,0.4328571428571429,0.5671428571428572,0.0,0.49076004651469757,0.5086583077878309,0.0005816456974715432
20,light,light,light,0.5185714285714286,0.4785714285714286,0.002857142857142857,0.7177260514401695,0.2814517495472977,0.0008221990125327504
20,light,moderate-vigorous,light,0.37857142857142856,0.6214285714285714,0.0,0.5820394776365305,0.4178915564279077,6.89659355616728e-05
20,light,moderate-vigorous,moderate-vigorous,0.26285714285714284,0.7371428571428571,0.0,0.21203748874292222,0.7879242941095098,3.821714756801517e-05
20,light,moderate-vigorous,moderate-vigorous,0.3414285714285714,0.6585714285714286,0.0,0.2857073215313085,0.7142600505343109,3.262793438062548e-05
20,light,moderate-vigorous,moderate-vigorous,0.48,0.5157142857142857,0.004285714285714286,0.4980125719055003,0.5019500299951362,3.739809936348599e-05
20,light,moderate-vigorous,moderate-vigorous,0.3485714285714286,0.6514285714285715,0.0,0.26705270539180803,0.7328710674152441,7.622719294796932e-05
20,light,moderate-vigorous,moderate-vigorous,0.42428571428571427,0.5757142857142857,0.0,0.1914254661232771,0.8085417673641563,3.276651256655798e-05
20,light,moderate-vigorous,moderate-vigorous,0.22285714285714286,0.7771428571428571,0.0,0.2653090119745662,0.7346882570096243,2.7310158097216846e-06
20,light,moderate-vigorous,moderate-vigorous,0.19285714285714287,0.8071428571428572,0.0,0.2533282235085614,0.7466555458048145,1.6230686624168667e-05
20,light,moderate-vigorous,moderate-vigorous,0.3871428571428571,0.6128571428571429,0.0,0.4974930230561548,0.502375732968876,0.00013124397496916082
20,light,moderate-vigorous,moderate-vigorous,0.48142857142857143,0.5157142857142857,0.002857142857142857,0.421197069323032,0.5787497194542247,5.321122274337805e-05
20,light,light,light,0.6042857142857143,0.39285714285714285,0.002857142857142857,0.6222672689806806,0.3774924532520306,0.00024027776728883555
20,light,light,light,0.8842857142857142,0.11571428571428571,0.0,0.8137491442264442,0.1855631564253955,0.0006876993481603883
20,light,light,moderate-vigorous,0.6485714285714286,0.35,0.0014285714285714286,0.4629322447257908,0.5369997118790821,6.80433951271593e-05
20,light,moderate-vigorous,moderate-vigorous,0.32285714285714284,0.6771428571428572,0.0,0.25120578473314353,0.7487664341950426,2.7781071813793583e-05
20,light,moderate-vigorous,moderate-vigorous,0.36,0.64,0.0,0.2727578939645353,0.7272276469392451,1.4459096219564648e-05
20,light,light,light,0.5328571428571428,0.4657142857142857,0.0014285714285714286,0.5445431588235926,0.45531312638730403,0.00014371478910331118
20,moderate-vigorous,moderate-vigorous,moderate-vigorous,0.11428571428571428,0.8857142857142857,0.0,0.06330965080320747,0.9366897632478878,5.859489047684773e-07
20,moderate-vigorous,moderate-vigorous,moderate-vigorous,0.17142857142857143,0.8285714285714286,0.0,0.05004771050052689,0.9499422751772147,1.0014322258282089e-05
20,moderate-vigorous,moderate-vigorous,moderate-vigorous,0.10571428571428572,0.8942857142857142,0.0,0.019705877541549253,0.9802603842280984,3.3738230352545884e-05
20,moderate-vigorous,moderate-vigorous,moderate-vigorous,0.04,0.96,0.0,0.02372868260967901,0.9762666054416226,4.711948698470366e-06
20,moderate-vigorous,moderate-vigorous,moderate-vigorous,0.11714285714285715,0.8771428571428571,0.005714285714285714,0.016079143141069036,0.9839187508460769,2.106012853970715e-06
20,moderate-vigorous,moderate-vigorous,moderate-vigorous,0.10285714285714286,0.8957142857142857,0.0014285714285714286,0.1438439493668031,0.8561471645696422,8.886063554758945e-06
20,moderate-vigorous,moderate-vigorous,moderate-vigorous,0.03142857142857143,0.9657142857142857,0.002857142857142857,0.01227310890826476,0.987726099982134,7.911096011266629e-07
20,moderate-vigorous,moderate-vigorous,moderate-vigorous,0.037142857142857144,0.96,0.002857142857142857,0.006432397545362117,0.9935673473851169,2.550695209928935e-07
20,moderate-vigorous,moderate-vigorous,moderate-vigorous,0.07857142857142857,0.9214285714285714,0.0,0.010791754747072677,0.9892064258947157,1.8193582116752337e-06
20,moderate-vigorous,moderate-vigorous,moderate-vigorous,0.12,0.88,0.0,0.037495326483380956,0.9624702668712787,3.440664534031313e-05
20,moderate-vigorous,moderate-vigorous,moderate-vigorous,0.09142857142857143,0.9085714285714286,0.0,0.030339517011255153,0.9696595484158227,9.345729222375306e-07
20,moderate-vigorous,moderate-vigorous,moderate-vigorous,0.06571428571428571,0.9285714285714286,0.005714285714285714,0.011016358322132217,0.9889835282829886,1.133948790435296e-07
20,moderate-vigorous,moderate-vigorous,moderate-vigorous,0.05857142857142857,0.9357142857142857,0.005714285714285714,0.018705451583228616,0.9812932132969605,1.335119810879501e-06
20,moderate-vigorous,moderate-vigorous,moderate-vigorous,0.04285714285714286,0.9514285714285714,0.005714285714285714,0.015639686550138348,0.9843602142105006,9.923936093243135e-08
20,moderate-vigorous,moderate-vigorous,moderate-vigorous,0.02142857142857143,0.9785714285714285,0.0,0.029072473865623765,0.9709272725556971,2.5357867913572543e-07
20,moderate-vigorous,moderate-vigorous,moderate-vigorous,0.2571428571428571,0.74,0.002857142857142857,0.09921110850147825,0.9007842311323283,4.660366193508269e-06
20,moderate-vigorous,moderate-vigorous,moderate-vigorous,0.2257142857142857,0.7742857142857142,0.0,0.08800224895481608,0.9119914378313877,6.3132137962080106e-06
20,moderate-vigorous,moderate-vigorous,moderate-vigorous,0.2,0.7971428571428572,0.002857142857142857,0.256970321886156,0.7429248481403318,0.00010482997351223877
20,moderate-vigorous,moderate-vigorous,moderate-vigorous,0.19142857142857142,0.8028571428571428,0.005714285714285714,0.15916475485931955,0.8407474479648418,8.779717583867549e-05
20,moderate-vigorous,moderate-vigorous,moderate-vigorous,0.025714285714285714,0.9728571428571429,0.0014285714285714286,0.02996640091280911,0.9700199507637951,1.3648323395693554e-05
20,moderate-vigorous,moderate-vigorous,moderate-vigorous,0.06285714285714286,0.9328571428571428,0.004285714285714286,0.04245389500509346,0.957542783825536,3.321169370411864e-06
20,moderate-vigorous,moderate-vigorous,moderate-vigorous,0.2742857142857143,0.7228571428571429,0.002857142857142857,0.1185303085682412,0.8814414517174907,2.823971426806516e-05
20,moderate-vigorous,moderate-vigorous,moderate-vigorous,0.12285714285714286,0.8771428571428571,0.0,0.17487589375770954,0.8246236878933014,0.000500418348989084
20,moderate-vigorous,moderate-vigorous,moderate-vigorous,0.43142857142857144,0.5671428571428572,0.0014285714285714286,0.20696319275761005,0.7928762849810849,0.00016052226130508767
20,moderate-vigorous,moderate-vigorous,moderate-vigorous,0.49714285714285716,0.5028571428571429,0.0,0.31275393390702105,0.6871205031949368,0.00012556289804222304
20,moderate-vigorous,moderate-vigorous,moderate-vigorous,0.30428571428571427,0.6942857142857143,0.0014285714285714286,0.2108737471725577,0.7891226789832196,3.5738442227248837e-06
20,moderate-vigorous,moderate-vigorous,moderate-vigorous,0.3157142857142857,0.6814285714285714,0.002857142857142857,0.4978452864872619,0.5021387885406439,1.5924972094311915e-05
20,moderate-vigorous,moderate-vigorous,moderate-vigorous,0.19142857142857142,0.8057142857142857,0.002857142857142857,0.1158221957338609,0.8841731287455983,4.675520540645739e-06
20,moderate-vigorous,moderate-vigorous,moderate-vigorous,0.2957142857142857,0.7028571428571428,0.0014285714285714286,0.2301600783599668,0.7698064780684065,3.34435716265752e-05
20,moderate-vigorous,moderate-vigorous,moderate-vigorous,0.06714285714285714,0.9314285714285714,0.0014285714285714286,0.08112854063820618,0.9187420536458503,0.0001294057159435169
20,moderate-vigorous,moderate-vigorous,moderate-vigorous,0.08285714285714285,0.9171428571428571,0.0,0.015039392130474057,0.9849567623775236,3.845492002466199e-06
20,moderate-vigorous,moderate-vigorous,moderate-vigorous,0.08142857142857143,0.9157142857142857,0.002857142857142857,0.10536284940659889,0.8944803456704034,0.00015680492299776537
20,moderate-vigorous,moderate-vigorous,moderate-vigorous,0.2,0.8,0.0,0.16218959185919005,0.8376748580257767,0.00013555011503333102
20,moderate-vigorous,moderate-vigorous,light,0.34285714285714286,0.6542857142857142,0.002857142857142857,0.7026526878266115,0.2973163385342815,3.097363910686422e-05
20,moderate-vigorous,moderate-vigorous,moderate-vigorous,0.24,0.7585714285714286,0.0014285714285714286,0.4391463932503137,0.5608345887290835,1.9018020602818473e-05
20,moderate-vigorous,moderate-vigorous,light,0.4114285714285714,0.5871428571428572,0.0014285714285714286,0.5261675798686891,0.4736070783922034,0.00022534173910744647
20,moderate-vigorous,moderate-vigorous,light,0.28285714285714286,0.7,0.017142857142857144,0.8184411327160394,0.18103106802817237,0.0005277992557883185
20,moderate-vigorous,light,light,0.5614285714285714,0.43714285714285717,0.0014285714285714286,0.7358191367157421,0.2641544674361091,2.639584814900999e-05
20,moderate-vigorous,moderate-vigorous,moderate-vigorous,0.16285714285714287,0.8342857142857143,0.002857142857142857,0.15703651415529668,0.8429476746101029,1.5811234600511572e-05
20,moderate-vigorous,light,light,0.67,0.33,0.0,0.7460579642635241,0.2531662701223741,0.0007757656141018472
20,moderate-vigorous,moderate-vigorous,light,0.4057142857142857,0.59,0.004285714285714286,0.750178848016784,0.24644188836253916,0.00337926362067674
20,moderate-vigorous,moderate-vigorous,moderate-vigorous,0.21714285714285714,0.7814285714285715,0.0014285714285714286,0.35625163438120283,0.6433620114505288,0.00038635416826833654
20,moderate-vigorous,moderate-vigorous,moderate-vigorous,0.22857142857142856,0.77,0.0014285714285714286,0.21409355170135538,0.7858910524323279,1.5395866316692188e-05
20,moderate-vigorous,moderate-vigorous,light,0.3271428571428571,0.6714285714285714,0.0014285714285714286,0.8126994466286047,0.18729959391908105,9.594523142069764e-07
20,moderate-vigorous,moderate-vigorous,moderate-vigorous,0.19,0.8085714285714286,0.0014285714285714286,0.17000817130513324,0.8299916971575729,1.3153729374040002e-07
20,moderate-vigorous,moderate-vigorous,moderate-vigorous,0.18714285714285714,0.8114285714285714,0.0014285714285714286,0.03272162957410348,0.9672779524611999,4.1796469676539814e-07
20,moderate-vigorous,moderate-vigorous,moderate-vigorous,0.2042857142857143,0.7942857142857143,0.0014285714285714286,0.08511781455572949,0.9148784345648254,3.7508794450743532e-06
20,moderate-vigorous,moderate-vigorous,moderate-vigorous,0.17285714285714285,0.8257142857142857,0.0014285714285714286,0.07432014270173594,0.9256596499040356,2.0207394228438578e-05
24,light,sedentary,light,0.38857142857142857,0.0,0.6114285714285714,0.7153760819964965,1.1042764825948176e-05,0.28461287523867757
24,light,light,light,0.56,0.0,0.44,0.657800250041816,0.0002997746497724577,0.34189997530841165
24,light,light,light,0.7985714285714286,0.0014285714285714286,0.2,0.54681257434311,0.003607225648499898,0.4495802000083901
24,light,light,sedentary,0.7657142857142857,0.0,0.2342857142857143,0.25263984784897453,0.004037165417046566,0.7433229867339789
24,light,light,sedentary,0.6185714285714285,0.0,0.38142857142857145,0.15131773308401425,0.011595300152622636,0.8370869667633631
24,light,light,sedentary,0.6042857142857143,0.0,0.39571428571428574,0.4485744658159478,0.0026555419861277107,0.5487699921979244
24,light,light,light,0.5914285714285714,0.0,0.4085714285714286,0.5156245447469172,0.0003280890322565257,0.48404736622082617
24,light,light,light,0.6028571428571429,0.0,0.39714285714285713,0.9288187907369326,9.264459662478123e-06,0.07117194480340482
24,light,light,light,0.69,0.0,0.31,0.9506206653802113,1.4753701742012338e-05,0.04936458091804663
24,light,light,light,0.6885714285714286,0.0,0.31142857142857144,0.9650523310679081,1.2444042454688282e-05,0.03493522488963725
24,light,light,light,0.86,0.0,0.14,0.9123370520433842,9.232548755513075e-06,0.08765371540786038
24,light,light,light,0.8071428571428572,0.0,0.19285714285714287,0.874475120992277,1.020125358410485e-05,0.12551467775413885
24,light,light,light,0.7528571428571429,0.0,0.24714285714285714,0.6995348200737683,3.396104866751193e-05,0.3004312188775642
24,light,light,light,0.6371428571428571,0.0,0.3628571428571429,0.7482915689830952,1.677306049021265e-05,0.2516916579564145
24,light,sedentary,light,0.37285714285714283,0.0,0.6271428571428571,0.5531170275241769,3.840712809898113e-06,0.4468791317630133
24,light,sedentary,light,0.38142857142857145,0.0,0.6185714285714285,0.5700818450681097,9.809218911359475e-06,0.429908345712979
24,light,light,light,0.65,0.0,0.35,0.6175500834472686,7.0906736403803735e-06,0.38244282587909106
24,light,light,light,0.6571428571428571,0.0,0.34285714285714286,0.6127133494137053,0.00011769025523819815,0.3871689603310565
24,light,light,sedentary,0.5314285714285715,0.0,0.4685714285714286,0.3933247140300399,0.007937877176128913,0.5987374087938312
24,light,light,light,0.6714285714285714,0.0,0.32857142857142857,0.7826748515432755,9.383243499285249e-06,0.21731576521322538
24,light,light,light,0.6257142857142857,0.0,0.3742857142857143,0.7467349271666772,0.00015116684075968927,0.253113905992563
24,light,sedentary,light,0.3757142857142857,0.0,0.6242857142857143,0.6575032597558396,0.000407527141501366,0.34208921310265894
24,light,sedentary,sedentary,0.42,0.0,0.58,0.4105873450673232,0.0013722147222125839,0.5880404402104643
24,light,light,light,0.5785714285714286,0.0,0.42142857142857143,0.5147283841550119,0.0005702143037842564,0.48470140154120384
24,light,light,light,0.6428571428571429,0.0,0.35714285714285715,0.6692223198383719,4.0286687796284316e-05,0.3307373934738319
24,light,light,light,0.65,0.0,0.35,0.8576189860164783,2.0160827997838062e-05,0.14236085315552385
24,light,light,light,0.82,0.0,0.18,0.887309865769263,1.6047675456379625e-05,0.11267408655528059
24,light,light,light,0.7614285714285715,0.0,0.23857142857142857,0.7602367762368757,8.244670690439403e-05,0.23968077705621998
24,light,light,light,0.7585714285714286,0.0,0.24142857142857144,0.9194160525927759,6.196705085468064e-06,0.08057775070213849
24,light,light,light,0.7671428571428571,0.0,0.23285714285714285,0.9501848508889768,1.2548744697976739e-05,0.04980260036632527
24,light,light,light,0.7228571428571429,0.0,0.27714285714285714,0.9553957103185002,3.534240715359127e-05,0.044568947274346175
24,light,light,light,0.61,0.0,0.39,0.5722485462889305,1.683446742280943e-05,0.4277346192436467
24,light,sedentary,sedentary,0.3585714285714286,0.0,0.6414285714285715,0.309393291683609,0.0025241699657533143,0.6880825383506377
24,sedentary,sedentary,sedentary,0.07,0.0,0.93,0.05433665822824307,0.001827507223129839,0.9438358345486272
24,sedentary,light,light,0.7114285714285714,0.0,0.2885714285714286,0.6423163310026082,5.1527914035251285e-06,0.3576785162059882
24,sedentary,sedentary,sedentary,0.22857142857142856,0.0,0.7714285714285715,0.35932130324229816,1.4821670562121146e-05,0.6406638750871397
24,sedentary,light,light,0.5528571428571428,0.0,0.4471428571428571,0.5159157680516312,0.00011822099821917984,0.4839660109501496
24,sedentary,light,sedentary,0.5685714285714286,0.0,0.43142857142857144,0.4310761111519034,5.88937377642621e-05,0.5688649951103323
24,sedentary,sedentary,sedentary,0.12428571428571429,0.0,0.8757142857142857,0.07550868066020477,0.0009094981019967791,0.9235818212377985
24,sedentary,sedentary,sedentary,0.31857142857142856,0.0,0.6814285714285714,0.12650869608276516,4.470529269675576e-05,0.8734465986245381
24,sedentary,sedentary,sedentary,0.13142857142857142,0.0,0.8685714285714285,0.04065924906089728,0.0004829292539514533,0.9588578216851513
24,sedentary,sedentary,sedentary,0.2857142857142857,0.0,0.7142857142857143,0.14366612790893749,5.7845092824207406e-05,0.8562760269982383
24,sedentary,sedentary,sedentary,0.3585714285714286,0.0,0.6414285714285715,0.2408370587200431,2.282824894846554e-05,0.7591401130310085
24,sedentary,sedentary,sedentary,0.43,0.0,0.57,0.2593039510821729,3.6102592400023534e-06,0.7406924386585871
24,sedentary,sedentary,sedentary,0.1442857142857143,0.0,0.8557142857142858,0.1866938369146497,0.00041653840607240193,0.812889624679278
24,sedentary,sedentary,sedentary,0.22714285714285715,0.0,0.7728571428571429,0.09480157869479026,0.0001799660834215923,0.9050184552217881
24,sedentary,sedentary,sedentary,0.11571428571428571,0.0,0.8842857142857142,0.00980796645027614,0.0006272257358859152,0.9895648078138379
24,sedentary,sedentary,sedentary,0.30857142857142855,0.0,0.6914285714285714,0.17216552282105108,0.00047306404269298905,0.827361413136256
24,sedentary,sedentary,sedentary,0.16428571428571428,0.0,0.8357142857142857,0.38030231337395715,2.916065664760627e-05,0.6196685259693953
24,sedentary,sedentary,sedentary,0.12571428571428572,0.0,0.8742857142857143,0.18511860775481173,5.531123166897644e-06,0.8148758611220214
24,sedentary,sedentary,sedentary,0.15571428571428572,0.0,0.8442857142857143,0.1972227317288492,7.608055294068871e-06,0.8027696602158568
24,sedentary,sedentary,sedentary,0.13714285714285715,0.0,0.8628571428571429,0.161360313255162,2.9899612449763308e-05,0.8386097871323882
24,sedentary,sedentary,light,0.46714285714285714,0.0,0.5328571428571428,0.874896328686253,5.249477867098406e-05,0.12505117653507616
24,sedentary,light,light,0.69,0.0,0.31,0.8673562434549345,1.4869327428948498e-05,0.13262888721763652
24,sedentary,light,light,0.53,0.0,0.47,0.5851728821604326,0.001114720771923959,0.4137123970676434
24,sedentary,light,light,0.6371428571428571,0.0,0.3628571428571429,0.7005131260989113,0.00032878475867120934,0.29915808914241754
24,sedentary,light,light,0.7128571428571429,0.0,0.28714285714285714,0.6131659599400144,0.0006231186320269764,0.38621092142795865
24,sedentary,sedentary,sedentary,0.4957142857142857,0.0,0.5042857142857143,0.44528187974836714,0.0006106406855252382,0.5541074795661076
24,sedentary,light,light,0.6428571428571429,0.0,0.35714285714285715,0.5460146633145588,5.716063812779253e-05,0.4539281760473134
24,sedentary,sedentary,sedentary,0.4542857142857143,0.0,0.5457142857142857,0.46552513059528366,5.9714904765815895e-05,0.5344151544999506
24,sedentary,sedentary,sedentary,0.12714285714285714,0.0,0.8728571428571429,0.24519596104669963,0.00022280580912042536,0.7545812331441799
24,sedentary,sedentary,sedentary,0.3942857142857143,0.0,0.6057142857142858,0.4311116465679372,6.432888228933897e-05,0.5688240245497734
24,sedentary,sedentary,light,0.3985714285714286,0.0,0.6014285714285714,0.6252540932169994,0.00014283828048782438,0.3746030685025126
24,sedentary,light,light,0.5357142857142857,0.0,0.4642857142857143,0.6872777413697421,5.212968378132451e-05,0.3126701289464765
24,sedentary,light,sedentary,0.7157142857142857,0.0,0.2842857142857143,0.49313634588022054,5.474059323520212e-05,0.5068089135265442
24,sedentary,sedentary,sedentary,0.22714285714285715,0.0,0.7728571428571429,0.3685598751493261,0.00013728451872093485,0.6313028403319529
24,sedentary,sedentary,sedentary,0.11428571428571428,0.0,0.8857142857142857,0.3844522590133397,6.257944305011462e-05,0.6154851615436103
24,sedentary,sedentary,sedentary,0.08714285714285715,0.0,0.9128571428571428,0.0747449472784386,7.99564765698666e-05,0.9251750962449916
24,sedentary,sedentary,sedentary,0.002857142857142857,0.0,0.9971428571428571,0.006312755457225699,9.929045649102702e-06,0.9936773154971252
24,sedentary,sedentary,sedentary,0.0014285714285714286,0.0,0.9985714285714286,0.0017823488394153495,4.202437362133765e-06,0.9982134487232225
24,sedentary,sedentary,sedentary,0.0,0.0,1.0,0.0009971288420374705,8.280785363070305e-06,0.9989945903725995
24,sedentary,sedentary,sedentary,0.0,0.0,1.0,0.0018247934540513906,2.956738594718255e-06,0.998172249807354
24,sedentary,sedentary,sedentary,0.0014285714285714286,0.0,0.9985714285714286,0.0007792231058368595,3.0942342579081197e-06,0.9992176826599053
24,sedentary,sedentary,sedentary,0.0014285714285714286,0.0,0.9985714285714286,0.0007787410762347123,1.2231949349007572e-05,0.9992090269744164
24,sedentary,sedentary,sedentary,0.0,0.0,1.0,0.0016720711263926834,7.905532541335123e-06,0.998320023341066
24,sedentary,sedentary,sedentary,0.0,0.0,1.0,0.0009081801571839735,6.509576207642568e-06,0.9990853102666083
24,sedentary,sedentary,sedentary,0.002857142857142857,0.0,0.9971428571428571,0.0024918894570187156,7.360614759115043e-06,0.9975007499282222
24,sedentary,sedentary,sedentary,0.0,0.0,1.0,0.002356395774488041,1.0940175911447727e-06,0.9976425102079209
24,sedentary,sedentary,sedentary,0.0,0.0,1.0,0.0007104727446860963,1.6739607658706023e-07,0.9992893598592372
24,sedentary,sedentary,sedentary,0.0,0.0,1.0,0.014368538807885918,3.3859746477690685e-06,0.9856280752174662
24,sedentary,sedentary,sedentary,0.0014285714285714286,0.0,0.9985714285714286,0.00186075942491654,1.134421184826266e-05,0.9981278963632353
24,sedentary,sedentary,sedentary,0.0,0.0,1.0,0.0019838590764174827,2.387283608206194e-05,0.9979922680875004
24,sedentary,sedentary,sedentary,0.004285714285714286,0.0,0.9957142857142857,0.0021216000126638612,1.1212400398692868e-05,0.9978671875869375
24,sedentary,sedentary,sedentary,0.0,0.0,1.0,0.0009585274353794583,1.8045151954414794e-05,0.999023427412666
24,sedentary,sedentary,sedentary,0.0014285714285714286,0.0,0.9985714285714286,0.0020417704383607635,1.5551023503945806e-05,0.9979426785381352
24,sedentary,sedentary,sedentary,0.005714285714285714,0.0,0.9942857142857143,0.0010547188451757547,7.023985517079602e-05,0.9988750412996534
24,sedentary,sedentary,sedentary,0.01,0.0,0.99,0.0010088550047451475,2.046092968721849e-06,0.9989890989022862
24,sedentary,sedentary,sedentary,0.02857142857142857,0.0,0.9714285714285714,0.039068938968460205,3.5542985668174695e-06,0.960927506732973
24,sedentary,sedentary,sedentary,0.04857142857142857,0.0,0.9514285714285714,0.008486278508998291,8.141164700931421e-07,0.9915129073745316
24,sedentary,sedentary,sedentary,0.03142857142857143,0.0,0.9685714285714285,0.0013584847666627837,4.477116320221495e-06,0.9986370381170169
24,sedentary,sedentary,sedentary,0.0,0.0,1.0,0.01230866542098243,6.235069594028398e-06,0.9876850995094235
24,sedentary,sedentary,sedentary,0.2,0.0,0.8,0.3346324193802263,5.737023709051316e-06,0.6653618435960645
24,sedentary,sedentary,sedentary,0.024285714285714285,0.0,0.9757142857142858,0.015461366307719483,4.022319464356989e-06,0.9845346113728162
24,sedentary,sedentary,sedentary,0.017142857142857144,0.0,0.9828571428571429,0.011448997461104133,1.6589291838175838e-05,0.9885344132470577
24,sedentary,sedentary,sedentary,0.002857142857142857,0.0,0.9971428571428571,0.051115252390098814,1.1426286110940345e-05,0.9488733213237903
24,sedentary,sedentary,sedentary,0.002857142857142857,0.0,0.9971428571428571,0.013300860203963587,1.2181747225503495e-06,0.986697921621314
24,sedentary,sedentary,sedentary,0.002857142857142857,0.0,0.9971428571428571,0.006512028676536606,2.2712242197027606e-06,0.9934857000992436
24,sedentary,sedentary,sedentary,0.0014285714285714286,0.0,0.9985714285714286,0.013730868606826431,5.2033369051233205e-06,0.9862639280562684
24,sedentary,sedentary,sedentary,0.0,0.0,1.0,0.02574021020031191,9.871500391278215e-06,0.9742499182992967
24,sedentary,sedentary,sedentary,0.007142857142857143,0.0,0.9928571428571429,0.0015771889764748354,2.3658200070883719e-07,0.9984225744415245
24,sedentary,sedentary,sedentary,0.047142857142857146,0.0,0.9528571428571428,0.10972118004877628,2.3091062236374468e-06,0.8902765108450001
24,sedentary,sedentary,sedentary,0.05142857142857143,0.0,0.9485714285714286,0.027346165810890694,8.087994898546169e-07,0.9726530253896195
24,sedentary,sedentary,sedentary,0.0014285714285714286,0.0,0.9985714285714286,0.0015255368204324384,5.9004975430141935e-06,0.9984685626820247
24,light,light,light,0.8585714285714285,0.13142857142857142,0.01,0.8536050325197124,0.029550356281810772,0.11684461119847686
24,light,light,light,0.7842857142857143,0.21285714285714286,0.002857142857142857,0.8550443063696263,0.03664812056543421,0.10830757306493961
24,light,light,light,0.8157142857142857,0.18428571428571427,0.0,0.9072067270161477,0.028177342793550823,0.06461593019030153
24,light,light,light,0.9185714285714286,0.08142857142857143,0.0,0.8996971826393653,0.016564384499502597,0.0837384328611322
24,light,light,light,0.9171428571428571,0.08285714285714285,0.0,0.8318123865705187,0.024536408569961636,0.1436512048595197
24,light,light,light,0.9071428571428571,0.08857142857142856,0.004285714285714286,0.889639554073339,0.020331307733954897,0.09002913819270612
24,light,light,light,0.7685714285714286,0.22857142857142856,0.002857142857142857,0.8782439982631187,0.033649612422902694,0.08810638931397863
24,light,light,light,0.8142857142857143,0.18428571428571427,0.0014285714285714286,0.8436847061895973,0.05973587899988035,0.09657941481052229
24,light,light,light,0.7457142857142857,0.2542857142857143,0.0,0.7866149428371273,0.06545680323979901,0.14792825392307377
24,light,light,light,0.9428571428571428,0.05714285714285714,0.0,0.9477021070268264,0.021852624583458786,0.030445268389714838
24,light,light,light,0.9171428571428571,0.08285714285714285,0.0,0.9585458235968529,0.030557944972777664,0.01089623143036936
24,light,light,light,0.97,0.03,0.0,0.9591451758772772,0.03156550686567953,0.009289317257043402
24,light,light,light,0.9714285714285714,0.02857142857142857,0.0,0.9354439043725551,0.04913294868564192,0.015423146941802884
24,light,light,light,0.8342857142857143,0.16428571428571428,0.0014285714285714286,0.8443286145503606,0.09980524870689257,0.055866136742746896
24,light,light,light,0.9385714285714286,0.037142857142857144,0.024285714285714285,0.9347223210433612,0.00935802188756472,0.05591965706907415
24,light,light,light,0.9628571428571429,0.03571428571428571,0.0014285714285714286,0.9632733985159583,0.01626936617058957,0.0204572353134522
24,light,light,light,0.93,0.06857142857142857,0.0014285714285714286,0.936287293898468,0.03592044098011686,0.027792265121415142
24,light,light,light,0.86,0.13857142857142857,0.0014285714285714286,0.8943653558364335,0.04746202599221358,0.05817261817135284
24,light,light,light,0.91,0.08857142857142856,0.0014285714285714286,0.9150585188835164,0.03739094850761648,0.047550532608867054
24,light,light,light,0.9542857142857143,0.03857142857142857,0.007142857142857143,0.9242210747395545,0.029898499055867382,0.045880426204577975
24,light,light,light,0.91,0.08571428571428572,0.004285714285714286,0.8574416351604436,0.044082731414616536,0.09847563342493987
24,light,light,light,0.8914285714285715,0.10285714285714286,0.005714285714285714,0.8811474107185815,0.029464719345973837,0.08938786993544465
24,light,light,light,0.9942857142857143,0.004285714285714286,0.0014285714285714286,0.9679098149113711,0.013255347247191381,0.018834837841437378
24,light,light,light,0.9885714285714285,0.008571428571428572,0.002857142857142857,0.9781871142355367,0.012389683441855535,0.009423202322607611
24,light,light,light,0.9957142857142857,0.002857142857142857,0.0014285714285714286,0.9907564980402679,0.0038540800140655714,0.0053894219456665565
24,light,light,light,0.9614285714285714,0.03571428571428571,0.002857142857142857,0.9760805987534139,0.018202934008324418,0.005716467238261635
24,light,light,light,0.99,0.008571428571428572,0.0014285714285714286,0.9390908120782386,0.027439009417180152,0.0334701785045813
24,light,light,light,0.8057142857142857,0.19428571428571428,0.0,0.9087685864057529,0.062362796529337385,0.028868617064909702
24,moderate-vigorous,moderate-vigorous,moderate-vigorous,0.032857142857142856,0.9671428571428572,0.0,0.010860762488826338,0.9891244886891623,1.474882201135975e-05
24,moderate-vigorous,moderate-vigorous,moderate-vigorous,0.15428571428571428,0.8442857142857143,0.0014285714285714286,0.015075317064552904,0.9843180264527733,0.0006066564826738596
24,moderate-vigorous,moderate-vigorous,moderate-vigorous,0.13428571428571429,0.8642857142857143,0.0014285714285714286,0.031247997884542637,0.9669650780001556,0.0017869241153016836
24,moderate-vigorous,moderate-vigorous,moderate-vigorous,0.09428571428571429,0.9057142857142857,0.0,0.06888508341929775,0.930660996627682,0.0004539199530202771
24,moderate-vigorous,moderate-vigorous,moderate-vigorous,0.23,0.77,0.0,0.1857990049039251,0.8125238744993104,0.0016771205967646273
24,moderate-vigorous,moderate-vigorous,moderate-vigorous,0.002857142857142857,0.9971428571428571,0.0,0.0045776402951126895,0.9954200216654359,2.3380394513515296e-06
24,moderate-vigorous,moderate-vigorous,moderate-vigorous,0.11571428571428571,0.8842857142857142,0.0,0.342736819236798,0.6565247877188745,0.0007383930443275691
24,moderate-vigorous,moderate-vigorous,moderate-vigorous,0.008571428571428572,0.9914285714285714,0.0,0.04820245193777408,0.9517587354877539,3.8812574472069334e-05
24,moderate-vigorous,moderate-vigorous,moderate-vigorous,0.06571428571428571,0.9342857142857143,0.0,0.19255010036372877,0.8050316385089766,0.0024182611272945847
24,moderate-vigorous,moderate-vigorous,moderate-vigorous,0.12714285714285714,0.8728571428571429,0.0,0.050632201649974576,0.9475672261892711,0.001800572160754143
24,moderate-vigorous,moderate-vigorous,moderate-vigorous,0.16428571428571428,0.8328571428571429,0.002857142857142857,0.1734764708402917,0.8223791715729477,0.004144357586760469
24,moderate-vigorous,moderate-vigorous,light,0.11,0.89,0.0,0.569767747303232,0.42910860805355544,0.001123644643212519
24,moderate-vigorous,moderate-vigorous,moderate-vigorous,0.13,0.87,0.0,0.16609733518719474,0.8337621776510328,0.00014048716177230674
24,moderate-vigorous,moderate-vigorous,moderate-vigorous,0.15,0.85,0.0,0.44550756112391326,0.5489308295540908,0.005561609321996007
24,moderate-vigorous,moderate-vigorous,moderate-vigorous,0.09142857142857143,0.9085714285714286,0.0,0.15712979982682804,0.8374923046388779,0.005377895534294072
24,moderate-vigorous,moderate-vigorous,moderate-vigorous,0.11428571428571428,0.8857142857142857,0.0,0.0273272056281857,0.9726009676698593,7.182670195513734e-05
24,moderate-vigorous,moderate-vigorous,moderate-vigorous,0.15571428571428572,0.8442857142857143,0.0,0.21020581882416664,0.7889344738166189,0.0008597073592144388
24,moderate-vigorous,moderate-vigorous,moderate-vigorous,0.01,0.99,0.0,0.07541226083361244,0.9245716963693122,1.604279707533808e-05
24,moderate-vigorous,moderate-vigorous,moderate-vigorous,0.0014285714285714286,0.9985714285714286,0.0,0.01614706047878796,0.9838146441023988,3.829541881316283e-05
24,moderate-vigorous,moderate-vigorous,moderate-vigorous,0.15857142857142856,0.84,0.0014285714285714286,0.09913425001571428,0.8992899512885946,0.0015757986956910508
24,moderate-vigorous,moderate-vigorous,light,0.2957142857142857,0.7,0.004285714285714286,0.6800680192432058,0.3179140871678527,0.002017893588941397
24,moderate-vigorous,moderate-vigorous,moderate-vigorous,0.07714285714285714,0.9228571428571428,0.0,0.30839793384290193,0.6914812373757078,0.00012082878139023582
24,moderate-vigorous,moderate-vigorous,moderate-vigorous,0.09714285714285714,0.9014285714285715,0.0014285714285714286,0.014305591243640232,0.9853964371393246,0.0002979716170352724
24,moderate-vigorous,moderate-vigorous,moderate-vigorous,0.014285714285714285,0.9857142857142858,0.0,0.04281109230444815,0.9571483778427853,4.052985276655839e-05
24,moderate-vigorous,moderate-vigorous,moderate-vigorous,0.11714285714285715,0.8828571428571429,0.0,0.02475128007750231,0.9748239596435574,0.0004247602789402249
24,moderate-vigorous,moderate-vigorous,moderate-vigorous,0.3414285714285714,0.6585714285714286,0.0,0.22279371656763097,0.7667152303452094,0.010491053087159667
24,moderate-vigorous,moderate-vigorous,moderate-vigorous,0.09,0.91,0.0,0.2609976201316031,0.7342686044459082,0.004733775422488666
24,moderate-vigorous,moderate-vigorous,moderate-vigorous,0.10428571428571429,0.8957142857142857,0.0,0.24207352776062485,0.7400755276553456,0.017850944584029513
24,moderate-vigorous,moderate-vigorous,moderate-vigorous,0.07857142857142857,0.9214285714285714,0.0,0.1372281116548447,0.8509323219887327,0.011839566356422573
24,moderate-vigorous,moderate-vigorous,moderate-vigorous,0.24571428571428572,0.7542857142857143,0.0,0.38672435303821934,0.5884594113128566,0.024816235648924087
24,moderate-vigorous,moderate-vigorous,moderate-vigorous,0.18714285714285714,0.8128571428571428,0.0,0.2717887894773769,0.5977588837440726,0.13045232677855054
24,moderate-vigorous,moderate-vigorous,light,0.2642857142857143,0.7342857142857143,0.0014285714285714286,0.5158574777705175,0.48102079403060494,0.003121728198877538
24,moderate-vigorous,light,light,0.82,0.18,0.0,0.6301686975927218,0.3524777212302719,0.017353581177006448
24,moderate-vigorous,light,light,0.5757142857142857,0.42,0.004285714285714286,0.7874984505636159,0.2035454448747267,0.008956104561657435
24,moderate-vigorous,moderate-vigorous,light,0.4928571428571429,0.5071428571428571,0.0,0.6131811055357762,0.37035919099392695,0.016459703470296783
24,moderate-vigorous,moderate-vigorous,moderate-vigorous,0.02,0.98,0.0,0.07350402886951951,0.9205200179260454,0.005975953204435236
24,moderate-vigorous,light,light,0.7214285714285714,0.2785714285714286,0.0,0.8374942340430425,0.15201500544902422,0.010490760507933367
24,moderate-vigorous,moderate-vigorous,moderate-vigorous,0.10428571428571429,0.8957142857142857,0.0,0.3202395572503205,0.6444441160226286,0.03531632672705098
24,moderate-vigorous,moderate-vigorous,moderate-vigorous,0.3057142857142857,0.6928571428571428,0.0014285714285714286,0.39003251913544085,0.46443259085964683,0.1455348900049124
24,moderate-vigorous,moderate-vigorous,light,0.2885714285714286,0.7085714285714285,0.002857142857142857,0.7690884487401232,0.17104454144635203,0.05986700981352484
24,moderate-vigorous,moderate-vigorous,light,0.35285714285714287,0.6414285714285715,0.005714285714285714,0.7527952916379705,0.245161661885911,0.002043046476118572
24,moderate-vigorous,moderate-vigorous,light,0.28714285714285714,0.7128571428571429,0.0,0.5266998837907435,0.42159486769944365,0.05170524850981288
24,moderate-vigorous,moderate-vigorous,light,0.21285714285714286,0.7871428571428571,0.0,0.6238670811221663,0.3007164041239555,0.07541651475387826
24,moderate-vigorous,light,light,0.6314285714285715,0.36857142857142855,0.0,0.6988402664847161,0.2964565888064832,0.004703144708800841
24,moderate-vigorous,light,light,0.5957142857142858,0.4042857142857143,0.0,0.659276844426163,0.32466034317880993,0.016062812395027153
24,moderate-vigorous,moderate-vigorous,moderate-vigorous,0.23142857142857143,0.7685714285714286,0.0,0.17649821412193603,0.8161130126747987,0.007388773203265134
24,moderate-vigorous,moderate-vigorous,light,0.43714285714285717,0.5614285714285714,0.0014285714285714286,0.6921705232394708,0.29915446560535097,0.00867501115517805
24,moderate-vigorous,moderate-vigorous,moderate-vigorous,0.09142857142857143,0.9085714285714286,0.0,0.29600071688636875,0.6893547740880864,0.01464450902554496
24,moderate-vigorous,moderate-vigorous,moderate-vigorous,0.2742857142857143,0.7242857142857143,0.0014285714285714286,0.27829082870610355,0.7171670515832232,0.0045421197106731565
24,moderate-vigorous,moderate-vigorous,light,0.44285714285714284,0.5542857142857143,0.002857142857142857,0.7543508333985046,0.22245862215062,0.02319054445087544
24,moderate-vigorous,moderate-vigorous,light,0.45,0.5457142857142857,0.004285714285714286,0.8060098333114106,0.17043861537648158,0.023551551312107805
24,moderate-vigorous,moderate-vigorous,light,0.2814285714285714,0.7185714285714285,0.0,0.4967589363852559,0.4684429897579383,0.03479807385680587
24,moderate-vigorous,moderate-vigorous,light,0.2842857142857143,0.7157142857142857,0.0,0.49123461773079824,0.47188701255356363,0.03687836971563815
24,moderate-vigorous,moderate-vigorous,light,0.41285714285714287,0.5814285714285714,0.005714285714285714,0.6524227638882129,0.3457532193527804,0.001824016759006609
24,moderate-vigorous,moderate-vigorous,light,0.2671428571428571,0.7328571428571429,0.0,0.4981233256879863,0.4947935262025644,0.007083148109449316
24,moderate-vigorous,moderate-vigorous,moderate-vigorous,0.13428571428571429,0.8657142857142858,0.0,0.29377368457973585,0.69068801279756,0.015538302622704177
24,light,light,sedentary,0.5328571428571428,0.0014285714285714286,0.4657142857142857,0.29749857187181344,0.0007743876393958189,0.7017270404887908
24,light,light,light,0.7957142857142857,0.0,0.2042857142857143,0.615819317799997,0.00021984894185729861,0.38396083325814584
24,light,light,sedentary,0.8128571428571428,0.0,0.18714285714285714,0.46811494804456566,0.001011833935700624,0.5308732180197336
24,light,light,light,0.8485714285714285,0.0,0.15142857142857144,0.6974908470400409,0.0048484253453498416,0.2976607276146093
24,light,light,light,0.5614285714285714,0.0,0.43857142857142856,0.5820256019938063,0.0007412145239839793,0.41723318348220984
24,light,sedentary,light,0.4157142857142857,0.0,0.5842857142857143,0.618708734599648,0.0012190670270028046,0.38007219837334916
24,light,light,light,0.7185714285714285,0.0,0.2814285714285714,0.8203575117828211,9.591753559253439e-05,0.1795465706815864
24,light,light,light,0.8885714285714286,0.0,0.11142857142857143,0.7622529734107717,0.00010696364697385719,0.2376400629422545
24,light,light,light,0.8,0.0,0.2,0.7096557334993217,8.752575467455019e-05,0.2902567407460038
24,light,light,light,0.7285714285714285,0.0,0.2714285714285714,0.6502164411441932,5.7731456223644326e-05,0.34972582739958313
24,light,light,light,0.8214285714285714,0.0,0.17857142857142858,0.9504531485680412,7.563847410129645e-06,0.049539287584548494
24,light,light,light,0.7357142857142858,0.0,0.2642857142857143,0.7910103890778837,1.709066316668332e-05,0.20897252025894966
24,light,sedentary,sedentary,0.4471428571428571,0.0,0.5528571428571428,0.3912944023570409,0.0038009581031991234,0.60490463953976
24,light,light,light,0.58,0.0,0.42,0.613288141575884,1.2091111725596377e-05,0.3866997673123904
24,light,light,light,0.6442857142857142,0.0,0.3557142857142857,0.707963972188625,3.5833582024017524e-05,0.29200019422935114
24,light,light,light,0.72,0.0,0.28,0.6652850750173246,4.235788121846799e-05,0.33467256710145693
24,light,light,light,0.5328571428571428,0.0,0.46714285714285714,0.5475598465803357,0.00030929134174254095,0.45213086207792175
24,light,light,light,0.6628571428571428,0.0,0.33714285714285713,0.6335202959932307,0.0012377873717958408,0.36524191663497335
24,light,sedentary,sedentary,0.41714285714285715,0.0,0.5828571428571429,0.4970532238094341,0.00031366651072746275,0.5026331096798383
24,light,light,light,0.8657142857142858,0.0,0.13428571428571429,0.9235292022613477,8.60628853915723e-05,0.07638473485326089
24,light,light,light,0.7785714285714286,0.0,0.22142857142857142,0.8293911586138202,2.894757244893435e-06,0.170605946628935
24,light,light,light,0.8142857142857143,0.0,0.18571428571428572,0.9460748341552001,1.6042068577560424e-06,0.05392356163794227
24,light,light,light,0.6714285714285714,0.0,0.32857142857142857,0.7403984954843639,4.293809901117091e-06,0.2595972107057351
24,light,light,light,0.8014285714285714,0.0,0.19857142857142857,0.8780342890293249,2.2960229039968642e-05,0.12194275074163499
24,light,sedentary,sedentary,0.49714285714285716,0.0,0.5028571428571429,0.41976113637848744,4.586276253237835e-05,0.5801930008589802
24,light,light,light,0.8985714285714286,0.0,0.10142857142857142,0.919025630586399,2.463297093634659e-06,0.08097190611650726
24,light,light,light,0.7542857142857143,0.0,0.24571428571428572,0.9408128161403629,8.093071592966483e-06,0.059179090788043905
24,light,light,light,0.7042857142857143,0.0,0.2957142857142857,0.8194334309687407,2.8676054181409784e-05,0.18053789297707787
24,light,light,light,0.7085714285714285,0.0,0.2914285714285714,0.9277594873630379,7.997545588927259e-06,0.07223251509137321
24,light,light,light,0.5528571428571428,0.0,0.4471428571428571,0.8581288095278429,6.454800016861837e-06,0.1418647356721403
24,light,light,light,0.7771428571428571,0.0,0.22285714285714286,0.9463988979569797,9.080207330153e-06,0.05359202183569002
24,light,light,light,0.8028571428571428,0.0,0.19714285714285715,0.6844288237441274,0.0001426744797267225,0.3154285017761459
24,light,light,light,0.6857142857142857,0.0,0.3142857142857143,0.6905531804934159,1.2094711901162432e-05,0.30943472479468304
24,light,light,light,0.6128571428571429,0.0,0.3871428571428571,0.8554062669892548,5.188479657090922e-06,0.144588544531088
24,light,light,light,0.7557142857142857,0.0,0.24428571428571427,0.9199823153194976,1.4792588651496455e-05,0.08000289209185094
24,light,light,light,0.73,0.0,0.27,0.9487443992283735,1.536453795017279e-05,0.05124023623367642
24,sedentary,sedentary,sedentary,0.08285714285714285,0.0,0.9171428571428571,0.03516934601331658,0.017292704016590832,0.9475379499700927
24,sedentary,sedentary,sedentary,0.06857142857142857,0.0,0.9314285714285714,0.01597894146220896,0.0027007061724032056,0.9813203523653877
24,sedentary,sedentary,sedentary,0.047142857142857146,0.0,0.9528571428571428,0.010936529013424734,0.00017494366698629188,0.9888885273195889
24,sedentary,sedentary,sedentary,0.2785714285714286,0.0,0.7214285714285714,0.23651378140342993,0.00021343270838183908,0.7632727858881883
24,sedentary,sedentary,sedentary,0.045714285714285714,0.0,0.9542857142857143,0.06432097282948321,0.00011795401404964052,0.9355610731564671
24,sedentary,sedentary,sedentary,0.06571428571428571,0.0,0.9342857142857143,0.15065979667948842,0.00011554016611829175,0.8492246631543932
24,sedentary,sedentary,sedentary,0.14,0.0,0.86,0.2906187097420033,0.0002462405621645168,0.7091350496958321
24,sedentary,sedentary,sedentary,0.2571428571428571,0.0,0.7428571428571429,0.3081726144056948,7.796607565451774e-05,0.6917494195186508
24,sedentary,sedentary,sedentary,0.3242857142857143,0.0,0.6757142857142857,0.3399370487555374,7.475228054647447e-05,0.6599881989639161
24,sedentary,sedentary,sedentary,0.05142857142857143,0.0,0.9485714285714286,0.21574523753714694,0.00014461212862627631,0.7841101503342267
24,sedentary,sedentary,sedentary,0.08571428571428572,0.0,0.9142857142857143,0.079333950091619,5.374084500478587e-05,0.9206123090633763
24,sedentary,sedentary,sedentary,0.09714285714285714,0.0,0.9028571428571428,0.10067918434255874,0.0001088835268327002,0.8992119321306087
24,sedentary,sedentary,sedentary,0.045714285714285714,0.0,0.9542857142857143,0.1014961185173546,0.0007880719441881128,0.8977158095384572
24,sedentary,sedentary,sedentary,0.07285714285714286,0.0,0.9271428571428572,0.13574287895434142,0.00046169465031637206,0.8637954263953421
24,sedentary,sedentary,sedentary,0.012857142857142857,0.0,0.9871428571428571,0.0045664885935620516,0.00465127466980855,0.9907822367366295
24,sedentary,sedentary,sedentary,0.08571428571428572,0.0,0.9142857142857143,0.012346230745022562,0.011342012381393034,0.9763117568735844
24,sedentary,sedentary,sedentary,0.21285714285714286,0.0,0.7871428571428571,0.1357513905662807,0.006232832972369862,0.8580157764613494
24,sedentary,sedentary,sedentary,0.49714285714285716,0.0,0.5028571428571429,0.26213763552629027,0.0005223541892804732,0.7373400102844292
24,sedentary,light,sedentary,0.5328571428571428,0.0,0.46714285714285714,0.34135302030024944,0.000230875350370339,0.6584161043493802
24,sedentary,sedentary,sedentary,0.36714285714285716,0.0,0.6328571428571429,0.47963440494921816,0.0037403872525913736,0.5166252077981904
24,sedentary,sedentary,light,0.48,0.0,0.52,0.5618058189100494,0.0010115790150874151,0.4371826020748631
24,sedentary,sedentary,sedentary,0.3342857142857143,0.0,0.6657142857142857,0.22308600370960577,0.004461247920596474,0.7724527483697978
24,sedentary,sedentary,sedentary,0.20285714285714285,0.0,0.7971428571428572,0.32842195632939136,0.001600933188992005,0.6699771104816167
24,sedentary,light,light,0.5614285714285714,0.0,0.43857142857142856,0.688080454983604,0.00017720285072696243,0.31174234216566904
24,sedentary,sedentary,sedentary,0.3557142857142857,0.0,0.6442857142857142,0.2810254814193625,0.0006051535592370239,0.7183693650214006
24,sedentary,sedentary,sedentary,0.45,0.0,0.55,0.3050012394517819,0.0003176973631798007,0.6946810631850383
24,sedentary,sedentary,light,0.38142857142857145,0.0,0.6185714285714285,0.5548381748352844,0.00015263161922714734,0.44500919354548846
24,sedentary,sedentary,sedentary,0.49142857142857144,0.0,0.5085714285714286,0.444230654602662,0.00014403658454896395,0.5556253088127892
24,sedentary,sedentary,sedentary,0.32285714285714284,0.0,0.6771428571428572,0.43536420305515844,0.00017532487877402778,0.5644604720660675
24,sedentary,sedentary,sedentary,0.33714285714285713,0.0,0.6628571428571428,0.38437963647334183,0.00020334521864901606,0.6154170183080091
24,sedentary,sedentary,sedentary,0.3057142857142857,0.0,0.6942857142857143,0.38773781571594124,0.0004548963172982469,0.6118072879667605
24,sedentary,sedentary,sedentary,0.3271428571428571,0.0,0.6728571428571428,0.41250804406197883,0.0009747929599161887,0.5865171629781051
24,sedentary,sedentary,sedentary,0.4642857142857143,0.0,0.5357142857142857,0.2744150845229754,0.000247621136390784,0.7253372943406337
24,sedentary,sedentary,sedentary,0.37285714285714283,0.0,0.6271428571428571,0.1305802358452251,0.0032987771413077434,0.8661209870134672
24,sedentary,sedentary,sedentary,0.04,0.0,0.96,0.02314037535865476,0.00010435791618579902,0.9767552667251594
24,sedentary,sedentary,sedentary,0.017142857142857144,0.0,0.9828571428571429,0.0038427048242238235,2.0957300358392037e-05,0.9961363378754178
24,sedentary,sedentary,sedentary,0.002857142857142857,0.0,0.9971428571428571,0.0015698319673391637,4.925209638337409e-06,0.9984252428230226
24,sedentary,sedentary,sedentary,0.0,0.0,1.0,0.002239328272156344,7.542688137885181e-06,0.9977531290397058
24,sedentary,sedentary,sedentary,0.0,0.0,1.0,0.0023091433841255253,2.354815361965849e-05,0.9976673084622549
24,sedentary,sedentary,sedentary,0.002857142857142857,0.0,0.9971428571428571,0.0015813800270695186,4.983547022858581e-06,0.9984136364259077
24,sedentary,sedentary,sedentary,0.011428571428571429,0.0,0.9885714285714285,0.0010924554795264825,3.67960468754225e-05,0.9988707484735981
24,sedentary,sedentary,sedentary,0.0,0.0,1.0,0.0007597662293705811,3.742188980109893e-05,0.9992028118808283
24,sedentary,sedentary,sedentary,0.0,0.0,1.0,0.0020337244051650983,2.6610277559205662e-05,0.9979396653172757
24,sedentary,sedentary,sedentary,0.0014285714285714286,0.0,0.9985714285714286,0.0013602663725424632,2.185801362362522e-06,0.9986375478260952
24,sedentary,sedentary,sedentary,0.0,0.0,1.0,0.0002578024926480936,6.661807419014891e-06,0.9997355356999329
24,sedentary,sedentary,sedentary,0.0,0.0,1.0,0.0011678597631035767,2.1593142554772706e-05,0.9988105470943416
24,sedentary,sedentary,sedentary,0.002857142857142857,0.0,0.9971428571428571,0.0049056555720770854,1.2977874035182325e-05,0.9950813665538877
24,sedentary,sedentary,sedentary,0.005714285714285714,0.0,0.9942857142857143,0.07853102185940736,1.47503905927707e-05,0.9214542277499999
24,sedentary,sedentary,sedentary,0.0014285714285714286,0.0,0.9985714285714286,0.0845557929073394,2.592980202081467e-07,0.9154439477946404
24,sedentary,sedentary,sedentary,0.0,0.0,1.0,0.031579203115452044,2.2260963056540152e-05,0.9683985359214914
24,sedentary,sedentary,sedentary,0.005714285714285714,0.0,0.9942857142857143,0.011453437985220716,3.291939277986739e-05,0.9885136426219995
24,sedentary,sedentary,sedentary,0.014285714285714285,0.0,0.9857142857142858,0.029187226448851213,0.00033416787175575836,0.970478605679393
24,sedentary,sedentary,sedentary,0.03857142857142857,0.007142857142857143,0.9542857142857143,0.009506969185209999,0.022583814477075522,0.9679092163377144
24,sedentary,sedentary,sedentary,0.008571428571428572,0.0,0.9914285714285714,0.0019389154138772478,0.0002605914019191775,0.9978004931842036
24,sedentary,sedentary,sedentary,0.022857142857142857,0.0,0.9771428571428571,0.002956217350921219,4.759427053782379e-06,0.997039023222025
24,sedentary,sedentary,sedentary,0.004285714285714286,0.0,0.9957142857142857,0.0019368970900344787,2.7069775045687773e-06,0.9980603959324609
24,sedentary,sedentary,sedentary,0.0014285714285714286,0.0,0.9985714285714286,0.0030118414778083935,5.934505946372016e-06,0.9969822240162454
24,sedentary,sedentary,sedentary,0.0,0.0,1.0,0.0046259213649112035,4.743664817227816e-06,0.9953693349702716
24,sedentary,sedentary,sedentary,0.0,0.0,1.0,0.0024964900829685045,4.222683740000859e-06,0.9974992872332914
24,sedentary,sedentary,sedentary,0.0,0.0,1.0,0.0030957223997940347,6.825811325997422e-06,0.99689745178888
24,sedentary,sedentary,sedentary,0.0014285714285714286,0.0,0.9985714285714286,0.0019928454518061507,3.176071389378954e-05,0.9979753938343
24,sedentary,sedentary,sedentary,0.004285714285714286,0.0,0.9957142857142857,0.0013939872910497064,2.689500061022475e-06,0.9986033232088892
24,sedentary,sedentary,sedentary,0.0014285714285714286,0.0,0.9985714285714286,0.0004062180988426429,5.281821365608968e-07,0.9995932537190209
24,sedentary,sedentary,sedentary,0.0,0.0,1.0,0.0028804637877802037,1.8239678437962157e-05,0.9971012965337818
24,sedentary,sedentary,sedentary,0.0014285714285714286,0.0,0.9985714285714286,0.010059955079276723,1.1916160224683177e-05,0.9899281287604985
24,sedentary,sedentary,sedentary,0.0,0.0,1.0,0.02255969242020556,4.224168659081295e-06,0.9774360834111354
24,sedentary,sedentary,sedentary,0.005714285714285714,0.0,0.9942857142857143,0.0029781455674887246,2.0051063812396873e-06,0.99701984932613
24,sedentary,sedentary,sedentary,0.007142857142857143,0.0,0.9928571428571429,0.0022377661279879496,1.047506363089869e-05,0.9977517588083812
24,sedentary,sedentary,sedentary,0.0,0.0,1.0,0.004099806814954777,6.2618369138277954e-06,0.9958939313481315
24,sedentary,sedentary,sedentary,0.004285714285714286,0.0,0.9957142857142857,0.0005911517404182049,8.011134996532792e-07,0.9994080471460821
24,light,light,light,0.9671428571428572,0.027142857142857142,0.005714285714285714,0.8896062230961115,0.020755651429287432,0.08963812547460122
24,light,light,light,0.9914285714285714,0.007142857142857143,0.0014285714285714286,0.9653067402471641,0.013238919639754465,0.02145434011308156
24,light,light,light,0.99,0.01,0.0,0.9776376205667517,0.013133741470409119,0.009228637962839199
24,light,light,light,0.9785714285714285,0.02142857142857143,0.0,0.9714415219989267,0.011627707768289143,0.01693077023278434
24,light,light,light,0.9842857142857143,0.012857142857142857,0.002857142857142857,0.9645149609891174,0.016446348322132914,0.01903869068874983
24,light,light,light,0.9842857142857143,0.012857142857142857,0.002857142857142857,0.9449826230120281,0.0209637873108248,0.03405358967714718
24,light,light,light,0.8242857142857143,0.17285714285714285,0.002857142857142857,0.9360335298544473,0.03230232208372248,0.03166414806183029
24,light,light,light,0.9342857142857143,0.06571428571428571,0.0,0.9379895212528251,0.025274057088394527,0.03673642165878027
24,light,light,light,0.9414285714285714,0.055714285714285716,0.002857142857142857,0.9323009307332187,0.01763392707684684,0.05006514218993445
24,light,light,light,0.9114285714285715,0.08714285714285715,0.0014285714285714286,0.9310379165799727,0.017736566424277893,0.051225516995749266
24,light,light,light,0.9671428571428572,0.032857142857142856,0.0,0.9572630816466525,0.021143595980676638,0.02159332237267089
24,light,light,light,0.9471428571428572,0.05285714285714286,0.0,0.9497938715807348,0.025493233112436023,0.02471289530682914
24,light,light,light,0.9857142857142858,0.014285714285714285,0.0,0.9516013032489845,0.02123892066961757,0.027159776081397826
24,light,light,light,0.6585714285714286,0.3414285714285714,0.0,0.9187847277085146,0.057086464096321336,0.02412880819516406
24,light,light,light,0.6157142857142858,0.3842857142857143,0.0,0.8613673482880269,0.07370133782339199,0.06493131388858121
24,light,light,light,0.9614285714285714,0.032857142857142856,0.005714285714285714,0.8412656685291983,0.027144950351715522,0.13158938111908633
24,light,light,light,0.9628571428571429,0.027142857142857142,0.01,0.859851131194739,0.016414401658183236,0.12373446714707774
24,light,light,light,0.9928571428571429,0.007142857142857143,0.0,0.9601687272485219,0.016266067863321607,0.023565204888156572
24,light,light,light,0.9542857142857143,0.04428571428571428,0.0014285714285714286,0.932529139583069,0.02485091910984627,0.04261994130708467
24,light,light,light,0.9271428571428572,0.07142857142857142,0.0014285714285714286,0.9134662926832194,0.03152840554770482,0.05500530176907578
24,light,light,light,0.9314285714285714,0.06,0.008571428571428572,0.9246350184862903,0.022210683425759957,0.053154298087949865
24,light,light,light,0.9642857142857143,0.02857142857142857,0.007142857142857143,0.9626894130649539,0.014429988674403593,0.022880598260642347
24,light,light,light,0.9114285714285715,0.08285714285714285,0.005714285714285714,0.959140406039044,0.022351644844264947,0.018507949116691038
24,light,light,light,0.9528571428571428,0.04285714285714286,0.004285714285714286,0.9452256013553222,0.023807009821791382,0.03096738882288628
24,light,light,light,0.9971428571428571,0.002857142857142857,0.0,0.9658277244012877,0.01791234765115862,0.016259927947553494
24,light,light,light,0.9885714285714285,0.01,0.0014285714285714286,0.9195958213463198,0.01799171078495358,0.062412467868726576
24,light,light,light,0.72,0.26857142857142857,0.011428571428571429,0.9180411339525447,0.020246940082296966,0.06171192596515824
24,light,light,light,0.5685714285714286,0.3342857142857143,0.09714285714285714,0.8732117907824141,0.04703851792755052,0.07974969129003533
24,light,light,light,0.5014285714285714,0.4442857142857143,0.054285714285714284,0.780069904055733,0.07234563427028094,0.14758446167398606
24,light,light,light,0.8842857142857142,0.04428571428571428,0.07142857142857142,0.969504112604538,0.002383228494112215,0.02811265890134989
24,moderate-vigorous,moderate-vigorous,moderate-vigorous,0.017142857142857144,0.9828571428571429,0.0,0.010381584470776858,0.9894438380868743,0.00017457744234880803
24,moderate-vigorous,moderate-vigorous,moderate-vigorous,0.017142857142857144,0.9828571428571429,0.0,0.03188995187434703,0.9678379433495788,0.00027210477607398937
24,moderate-vigorous,moderate-vigorous,moderate-vigorous,0.12,0.88,0.0,0.10514707249008277,0.8947673797832943,8.554772662281868e-05
24,moderate-vigorous,moderate-vigorous,moderate-vigorous,0.03,0.97,0.0,0.22954365213238231,0.7696613425350702,0.0007950053325473933
24,moderate-vigorous,moderate-vigorous,moderate-vigorous,0.02,0.98,0.0,0.03907205409165125,0.9607288126390156,0.00019913326933314101
24,moderate-vigorous,moderate-vigorous,moderate-vigorous,0.18714285714285714,0.8128571428571428,0.0,0.1070196031903036,0.891956183801239,0.001024213008457538
24,moderate-vigorous,moderate-vigorous,moderate-vigorous,0.10142857142857142,0.8985714285714286,0.0,0.15979537612485514,0.8296722720722037,0.010532351802940994
24,moderate-vigorous,moderate-vigorous,moderate-vigorous,0.024285714285714285,0.9757142857142858,0.0,0.029228249480463684,0.969364713679568,0.0014070368399683513
24,moderate-vigorous,moderate-vigorous,moderate-vigorous,0.2,0.8,0.0,0.04043279376270529,0.9582448401220107,0.0013223661152839
24,moderate-vigorous,moderate-vigorous,moderate-vigorous,0.14,0.8571428571428571,0.002857142857142857,0.028521567012601085,0.9712988252274851,0.0001796077599136468
24,moderate-vigorous,moderate-vigorous,moderate-vigorous,0.012857142857142857,0.9871428571428571,0.0,0.013708578487999144,0.986225001627263,6.641988473767127e-05
24,moderate-vigorous,moderate-vigorous,moderate-vigorous,0.024285714285714285,0.9757142857142858,0.0,0.012966197697237898,0.9869576101401158,7.619216264619006e-05
24,moderate-vigorous,moderate-vigorous,moderate-vigorous,0.13428571428571429,0.8657142857142858,0.0,0.022377228912875188,0.977364947505801,0.00025782358132395665
24,moderate-vigorous,moderate-vigorous,moderate-vigorous,0.12571428571428572,0.8742857142857143,0.0,0.1709930618955875,0.8284259751962013,0.0005809629082111003
24,moderate-vigorous,moderate-vigorous,moderate-vigorous,0.04428571428571428,0.9557142857142857,0.0,0.014749666323227793,0.9851753010417735,7.503263499873671e-05
24,moderate-vigorous,moderate-vigorous,moderate-vigorous,0.11714285714285715,0.8828571428571429,0.0,0.17478938636430807,0.8251122406671323,9.837296855955497e-05
24,moderate-vigorous,moderate-vigorous,moderate-vigorous,0.2757142857142857,0.7242857142857143,0.0,0.23244266167348246,0.7671774387006773,0.0003798996258401686
24,moderate-vigorous,moderate-vigorous,moderate-vigorous,0.12428571428571429,0.8757142857142857,0.0,0.012841188597806518,0.9870069998772633,0.00015181152493027683
24,moderate-vigorous,moderate-vigorous,moderate-vigorous,0.12142857142857143,0.8771428571428571,0.0014285714285714286,0.0040725365457918395,0.9957948277440101,0.0001326357101981781
24,moderate-vigorous,moderate-vigorous,moderate-vigorous,0.20142857142857143,0.7971428571428572,0.0014285714285714286,0.43083663748929857,0.4799291800377414,0.08923418247296003
24,moderate-vigorous,moderate-vigorous,moderate-vigorous,0.02142857142857143,0.9785714285714285,0.0,0.09172378581913417,0.8967486233805877,0.011527590800278122
24,moderate-vigorous,moderate-vigorous,moderate-vigorous,0.4114285714285714,0.5885714285714285,0.0,0.3941833598099441,0.5985979122596452,0.007218727930410642
24,moderate-vigorous,light,light,0.5014285714285714,0.49857142857142855,0.0,0.7201619857386394,0.2764269209888262,0.003411093272534319
24,moderate-vigorous,moderate-vigorous,moderate-vigorous,0.011428571428571429,0.9885714285714285,0.0,0.12199176360386214,0.8696196570215379,0.0083885793746
24,moderate-vigorous,moderate-vigorous,moderate-vigorous,0.16,0.8371428571428572,0.002857142857142857,0.39943007585149926,0.5616457033471766,0.03892422080132414
24,moderate-vigorous,moderate-vigorous,light,0.45,0.5485714285714286,0.0014285714285714286,0.6282260814361635,0.32351122964944856,0.04826268891438794
24,moderate-vigorous,moderate-vigorous,moderate-vigorous,0.07857142857142857,0.9214285714285714,0.0,0.30114526865179597,0.691584590820523,0.007270140527680918
24,moderate-vigorous,moderate-vigorous,light,0.4542857142857143,0.5457142857142857,0.0,0.5106714248140749,0.4874944393892862,0.0018341357966388464
24,moderate-vigorous,moderate-vigorous,moderate-vigorous,0.2785714285714286,0.7214285714285714,0.0,0.35928643273442046,0.638713749067375,0.00199981819820462
24,moderate-vigorous,moderate-vigorous,moderate-vigorous,0.27285714285714285,0.7271428571428571,0.0,0.41026454260136974,0.5832891689671144,0.0064462884315159225
24,moderate-vigorous,moderate-vigorous,moderate-vigorous,0.09571428571428571,0.9042857142857142,0.0,0.1401647714225845,0.8428725377467017,0.016962690830713747
24,moderate-vigorous,moderate-vigorous,moderate-vigorous,0.18285714285714286,0.8171428571428572,0.0,0.24435659127666348,0.7457379553670449,0.009905453356291774
24,moderate-vigorous,moderate-vigorous,light,0.3357142857142857,0.6642857142857143,0.0,0.5086532218522636,0.47746364748108067,0.0138831306666558
24,moderate-vigorous,moderate-vigorous,moderate-vigorous,0.16428571428571428,0.8357142857142857,0.0,0.2608448513675077,0.7340704261658514,0.005084722466640932
24,moderate-vigorous,moderate-vigorous,moderate-vigorous,0.10142857142857142,0.8985714285714286,0.0,0.3146597860150596,0.6822454681012509,0.003094745883689438
24,moderate-vigorous,light,light,0.6414285714285715,0.3585714285714286,0.0,0.5370525447920415,0.4620558552679543,0.0008915999400042415
24,moderate-vigorous,moderate-vigorous,moderate-vigorous,0.04,0.96,0.0,0.13300282885304252,0.8598333036511685,0.007163867495788879
24,moderate-vigorous,moderate-vigorous,moderate-vigorous,0.007142857142857143,0.9928571428571429,0.0,0.13486781904092074,0.8543569066518442,0.010775274307235112
24,moderate-vigorous,moderate-vigorous,light,0.47285714285714286,0.5271428571428571,0.0,0.5489662057491863,0.4222723600420037,0.028761434208809993
24,moderate-vigorous,moderate-vigorous,moderate-vigorous,0.002857142857142857,0.9971428571428571,0.0,0.015502666524017576,0.9844819769928697,1.5356483112657152e-05
24,moderate-vigorous,moderate-vigorous,moderate-vigorous,0.011428571428571429,0.9885714285714285,0.0,0.005475325247649435,0.9944754070036073,4.926774874346095e-05
24,moderate-vigorous,moderate-vigorous,moderate-vigorous,0.024285714285714285,0.9757142857142858,0.0,0.046776500251254065,0.952860224999245,0.00036327474950080204
24,moderate-vigorous,moderate-vigorous,moderate-vigorous,0.18285714285714286,0.8142857142857143,0.002857142857142857,0.2631792226880337,0.7256249483903394,0.011195828921627099
24,moderate-vigorous,moderate-vigorous,moderate-vigorous,0.09285714285714286,0.9057142857142857,0.0014285714285714286,0.1809677101600455,0.8167232324294417,0.002309057410512844
24,moderate-vigorous,moderate-vigorous,moderate-vigorous,0.002857142857142857,0.9971428571428571,0.0,0.029262865247817668,0.9707202803331583,1.6854419024084404e-05
24,moderate-vigorous,moderate-vigorous,moderate-vigorous,0.08428571428571428,0.9157142857142857,0.0,0.10935060166924286,0.8905937000089622,5.56983217949406e-05
24,moderate-vigorous,moderate-vigorous,moderate-vigorous,0.017142857142857144,0.9828571428571429,0.0,0.022189873588827964,0.9776495355316435,0.00016059087952876054
24,moderate-vigorous,moderate-vigorous,moderate-vigorous,0.10428571428571429,0.8957142857142857,0.0,0.02596632321151103,0.9737737319056436,0.00025994488284526734
24,moderate-vigorous,moderate-vigorous,moderate-vigorous,0.4157142857142857,0.5842857142857143,0.0,0.47263183764791133,0.5252650246194851,0.0021031377326034936
24,moderate-vigorous,moderate-vigorous,moderate-vigorous,0.21,0.79,0.0,0.23472974735209212,0.7572554444052693,0.008014808242638616
24,moderate-vigorous,moderate-vigorous,moderate-vigorous,0.3142857142857143,0.6857142857142857,0.0,0.3963664614574779,0.599558424378386,0.0040751141641360645
24,moderate-vigorous,moderate-vigorous,light,0.26571428571428574,0.7314285714285714,0.002857142857142857,0.5116484789701646,0.478763218213512,0.009588302816323356
24,moderate-vigorous,moderate-vigorous,moderate-vigorous,0.11285714285714285,0.8871428571428571,0.0,0.43478661417653786,0.5395895633982531,0.025623822425208914
24,moderate-vigorous,moderate-vigorous,moderate-vigorous,0.09142857142857143,0.9085714285714286,0.0,0.2261800524816481,0.7725828474334163,0.001237100084935479
24,moderate-vigorous,moderate-vigorous,light,0.2342857142857143,0.7628571428571429,0.002857142857142857,0.5055409914998732,0.49420207790915915,0.00025693059096761235
24,moderate-vigorous,moderate-vigorous,moderate-vigorous,0.12285714285714286,0.8771428571428571,0.0,0.35729182951270283,0.6396475918670107,0.0030605786202865656
24,moderate-vigorous,moderate-vigorous,moderate-vigorous,0.26857142857142857,0.7314285714285714,0.0,0.3859835496615379,0.5944068044590154,0.019609645879446747
24,moderate-vigorous,moderate-vigorous,light,0.44,0.5585714285714286,0.0014285714285714286,0.4854270563616618,0.4815475290316262,0.033025414606712086
